as_of_date,gop_control_prob,expected_gop_seats,median_gop_seats,gop_seat_q05,gop_seat_q25,gop_seat_q75,gop_seat_q95,dem_control_prob,generic_ballot_margin_dem,national_mean_margin_dem,approval_adjustment_to_national_margin,approval_implied_generic_margin_dem,trump_net_approval,trump_approve_pct,trump_disapprove_pct,national_election_day_sd,days_to_election,districts_polled,districts_open,visible_national_poll_rows,is_observed_run,history_stage,filtered_generic_sd,filtered_national_sd,exact_date_rows_cumulative,inferred_date_rows_cumulative,poll_rows_today
2025-01-23,0.44133333333333336,215.56666666666666,214.0,177.0,199.0,231.0,261.04999999999995,0.5586666666666666,-2.252734630460666,-0.5688942042224285,1.6838404262382376,7.5249999999999995,-21.5,38.3,59.8,5.070704470668414,649,0,81,1,False,observed_poll_filter,2.7366732975482506,2.5560602162031776,1,0,1
2025-01-24,0.44133333333333336,215.55133333333333,214.0,177.0,199.0,231.0,261.04999999999995,0.5586666666666666,-2.252734630460666,-0.5635191402599317,1.6892154902007346,7.5249999999999995,-21.5,38.3,59.8,5.069806103236277,648,0,81,1,False,observed_poll_filter,2.7419483469813244,2.5599284998631897,1,0,0
2025-01-25,0.44133333333333336,215.538,214.0,177.0,199.0,231.0,261.04999999999995,0.5586666666666666,-2.252734630460666,-0.5581512105984797,1.6945834198621865,7.5249999999999995,-21.5,38.3,59.8,5.068904985561651,647,0,81,1,False,observed_poll_filter,2.7472132675701784,2.563785824255169,1,0,0
2025-01-26,0.44133333333333336,215.52866666666668,214.0,177.0,199.0,231.0,261.04999999999995,0.5586666666666666,-2.252734630460666,-0.5527904010434982,1.6999442294171678,7.5249999999999995,-21.5,38.3,59.8,5.0680011213335945,646,0,81,1,False,observed_poll_filter,2.752468117438169,2.5676322489481564,1,0,0
2025-01-27,0.44133333333333336,215.51733333333334,214.0,177.0,199.0,231.0,261.04999999999995,0.5586666666666666,-2.252734630460666,-0.5474366974380452,1.7052979330226208,7.5249999999999995,-21.5,38.3,59.8,5.0670945142256585,645,0,81,1,False,observed_poll_filter,2.7577129541548766,2.5714678329887306,1,0,0
2025-01-28,0.44133333333333336,215.506,214.0,177.0,199.0,231.0,261.04999999999995,0.5586666666666666,-2.252734630460666,-0.5420900856626822,1.710644544797984,7.5249999999999995,-21.5,38.3,59.8,5.066185167895934,644,0,81,1,False,observed_poll_filter,2.7629478347434677,2.5752926349074885,1,0,0
2025-01-29,0.44133333333333336,215.486,213.5,177.0,199.0,231.0,261.04999999999995,0.5586666666666666,-2.252734630460666,-0.5367505516353556,1.7159840788253105,7.5249999999999995,-21.5,38.3,59.8,5.065273085987108,643,0,81,1,False,observed_poll_filter,2.7681728156879255,2.579106712725426,1,0,0
2025-01-30,0.44133333333333336,215.474,213.0,177.0,199.0,231.0,261.0,0.5586666666666666,-2.252734630460666,-0.5314180813112691,1.721316549149397,7.5249999999999995,-21.5,38.3,59.8,5.064358272126506,642,0,81,1,False,observed_poll_filter,2.773387952940161,2.5829101239602132,1,0,0
2025-01-31,0.44133333333333336,215.46266666666668,213.0,177.0,199.0,231.0,261.0,0.5586666666666666,-2.252734630460666,-0.5260926606827607,1.7266419697779054,7.5249999999999995,-21.5,38.3,59.8,5.063440729926152,641,0,81,1,False,observed_poll_filter,2.7785933019270055,2.586702925632374,1,0,0
2025-02-01,0.42333333333333334,214.54266666666666,213.0,178.95,199.0,228.25,257.0,0.5766666666666667,-0.906515172801168,-0.23437210525350063,0.6721430675476674,7.5249999999999995,-21.5,38.3,59.8,4.68878761595014,640,0,81,2,False,observed_poll_filter,1.7659110439290944,1.7510651922436817,2,0,1
2025-02-02,0.4226666666666667,214.52333333333334,213.0,178.95,199.0,228.0,257.0,0.5773333333333334,-0.906515172801168,-0.2286438528755705,0.6778713199255975,7.5249999999999995,-21.5,38.3,59.8,4.688313897262381,639,0,81,2,False,observed_poll_filter,1.7740749181110542,1.7580350392593345,2,0,0
2025-02-03,0.422,214.504,213.0,178.95,199.0,228.0,257.0,0.578,-0.906515172801168,-0.22292405186949493,0.6835911209316731,7.5249999999999995,-21.5,38.3,59.8,4.687836281938369,638,0,81,2,False,observed_poll_filter,1.7822013957661305,1.764967140277053,2,0,0
2025-02-04,0.422,214.48533333333333,213.0,178.95,199.0,228.0,256.04999999999995,0.578,-0.906515172801168,-0.21721268354553286,0.6893024892556352,7.5249999999999995,-21.5,38.3,59.8,4.687354777299182,637,0,81,2,False,observed_poll_filter,1.790290986144639,1.7718619608393495,2,0,0
2025-02-05,0.43,215.044,213.0,179.0,200.0,229.0,257.0,0.57,-0.9323045154292263,-0.4157421124217607,0.5165624030074656,7.5249999999999995,-21.5,38.3,59.8,4.60439074188146,636,0,81,3,False,observed_poll_filter,1.5303194613790656,1.5483908111080025,3,0,1
2025-02-06,0.416,214.386,213.0,179.0,199.0,228.0,256.0,0.584,-0.5992013121464451,-0.17929830667152308,0.41990300547492204,7.5249999999999995,-21.5,38.3,59.8,4.561224241993636,635,0,81,4,False,observed_poll_filter,1.4007453740666973,1.4250496783447288,4,0,1
2025-02-07,0.416,214.36733333333333,213.0,179.0,199.0,228.0,256.0,0.584,-0.5992013121464451,-0.17343759508935294,0.42576371705709215,7.5249999999999995,-21.5,38.3,59.8,4.56090304645391,634,0,81,4,False,observed_poll_filter,1.4110236011382842,1.4341326992829344,4,0,0
2025-02-08,0.416,214.35066666666665,213.0,179.0,199.0,228.0,256.0,0.584,-0.5992013121464451,-0.16758579329494927,0.43161551885149585,7.5249999999999995,-21.5,38.3,59.8,4.5605774997756825,633,0,81,4,False,observed_poll_filter,1.4212274986677016,1.4431448754231897,4,0,0
2025-02-09,0.41533333333333333,214.336,213.0,179.0,199.0,228.0,256.0,0.5846666666666667,-0.5992013121464451,-0.16174288098599363,0.43745843116045147,7.5249999999999995,-21.5,38.3,59.8,4.560247610891006,632,0,81,4,False,observed_poll_filter,1.4313586563015057,1.4520875568081704,4,0,0
2025-02-10,0.41533333333333333,214.324,213.0,179.0,199.0,228.0,256.0,0.5846666666666667,-0.5992013121464451,-0.15590883792180368,0.44329247422464146,7.5249999999999995,-21.5,38.3,59.8,4.559913388692146,631,0,81,4,False,observed_poll_filter,1.4414186078198283,1.460962050285321,4,0,0
2025-02-11,0.41533333333333333,214.31,213.0,179.0,199.0,228.0,256.0,0.5846666666666667,-0.5992013121464451,-0.15008364392309873,0.4491176682233464,7.5249999999999995,-21.5,38.3,59.8,4.55957484203177,630,0,81,4,False,observed_poll_filter,1.4514088338470494,1.4697696214335902,4,0,0
2025-02-12,0.41533333333333333,214.292,213.0,179.0,199.0,228.0,256.0,0.5846666666666667,-0.5992013121464451,-0.14426727887176763,0.4549340332746775,7.5249999999999995,-21.5,38.3,59.8,4.559231979723125,629,0,81,4,False,observed_poll_filter,1.4613307643956766,1.4785114963807502,4,0,0
2025-02-13,0.4146666666666667,214.27733333333333,213.0,179.0,199.0,228.0,256.0,0.5853333333333334,-0.5992013121464451,-0.1384597227106372,0.4607415894358079,7.5249999999999995,-21.5,38.3,59.8,4.5588848105402215,628,0,81,4,False,observed_poll_filter,1.4711857812558047,1.4871888635188035,4,0,0
2025-02-14,0.4146666666666667,214.25866666666667,213.0,179.0,199.0,228.0,256.0,0.5853333333333334,-0.5992013121464451,-0.13266095544324116,0.46654035670320393,7.5249999999999995,-21.5,38.3,59.8,4.558533343218013,627,0,81,4,False,observed_poll_filter,1.4809752202414639,1.4958028751243895,4,0,0
2025-02-15,0.4146666666666667,214.23733333333334,212.5,179.0,199.0,228.0,256.0,0.5853333333333334,-0.5992013121464451,-0.12687095713359137,0.47233035501285375,7.5249999999999995,-21.5,38.3,59.8,4.558177586452574,626,0,81,4,False,observed_poll_filter,1.4907003733041904,1.5043546488905513,4,0,0
2025-02-16,0.41333333333333333,214.22333333333333,212.5,179.0,199.0,228.0,256.0,0.5866666666666667,-0.5992013121464451,-0.12108970790594865,0.4781116042404965,7.5249999999999995,-21.5,38.3,59.8,4.557817548901283,625,0,81,4,False,observed_poll_filter,1.500362490523291,1.5128452693757188,4,0,0
2025-02-17,0.4126666666666667,214.20733333333334,212.0,179.0,199.0,228.0,255.0,0.5873333333333334,-0.5992013121464451,-0.11531718794459576,0.48388412420184934,7.5249999999999995,-21.5,38.3,59.8,4.55745323918299,624,0,81,4,False,observed_poll_filter,1.5099627819814807,1.5212757893753266,4,0,0
2025-02-18,0.4126666666666667,214.19066666666666,212.0,179.0,199.0,228.0,255.0,0.5873333333333334,-0.5992013121464451,-0.10955337749361069,0.4896479346528344,7.5249999999999995,-21.5,38.3,59.8,4.557084665878203,623,0,81,4,False,observed_poll_filter,1.5195024195338596,1.5296472312210576,4,0,0
2025-02-19,0.41133333333333333,214.18066666666667,212.0,179.0,199.0,228.0,255.0,0.5886666666666667,-0.5992013121464451,-0.10379825685664214,0.495403055289803,7.5249999999999995,-21.5,38.3,59.8,4.556711837529255,622,0,81,4,False,observed_poll_filter,1.5289825384775502,1.5379605880123297,4,0,0
2025-02-20,0.41133333333333333,214.17133333333334,212.0,179.0,199.0,228.0,255.0,0.5886666666666667,-0.5992013121464451,-0.09805180639668393,0.5011495057497612,7.5249999999999995,-21.5,38.3,59.8,4.556334762640479,621,0,81,4,False,observed_poll_filter,1.5384042391287323,1.5462168247843089,4,0,0
2025-02-21,0.41133333333333333,214.15333333333334,212.0,179.0,199.0,228.0,255.0,0.5886666666666667,-0.5992013121464451,-0.09231400653585226,0.5068873056105929,7.5249999999999995,-21.5,38.3,59.8,4.555953449678386,620,0,81,4,False,observed_poll_filter,1.5477685883132704,1.5544168796163975,4,0,0
2025-02-22,0.41133333333333333,214.142,212.0,179.0,199.0,228.0,255.0,0.5886666666666667,-0.5992013121464451,-0.0865848377551637,0.5126164743912814,7.5249999999999995,-21.5,38.3,59.8,4.555567907071825,619,0,81,4,False,observed_poll_filter,1.557076620776657,1.5625616646848746,4,0,0
2025-02-23,0.41133333333333333,214.12866666666667,212.0,179.0,199.0,228.0,255.0,0.5886666666666667,-0.5992013121464451,-0.08086428059431323,0.5183370315521318,7.5249999999999995,-21.5,38.3,59.8,4.555178143212166,618,0,81,4,False,observed_poll_filter,1.566329340518543,1.570652067263096,4,0,0
2025-02-24,0.41133333333333333,214.108,212.0,179.0,199.0,228.0,255.0,0.5886666666666667,-0.5992013121464451,-0.07515231565145414,0.524048996494991,7.5249999999999995,-21.5,38.3,59.8,4.5547841664534605,617,0,81,4,False,observed_poll_filter,1.5755277220567254,1.5786889506724053,4,0,0
2025-02-25,0.41133333333333333,214.08733333333333,212.0,179.0,199.0,228.0,255.0,0.5886666666666667,-0.5992013121464451,-0.06944892358297931,0.5297523885634658,7.5249999999999995,-21.5,38.3,59.8,4.554385985112611,616,0,81,4,False,observed_poll_filter,1.584672711625102,1.5866731551867153,4,0,0
2025-02-26,0.41133333333333333,214.06866666666667,212.0,179.0,199.0,228.0,254.04999999999995,0.5886666666666667,-0.5992013121464451,-0.06375408510330115,0.535447227043144,7.5249999999999995,-21.5,38.3,59.8,4.553983607469542,615,0,81,4,False,observed_poll_filter,1.5937652283097579,1.5946054988934726,4,0,0
2025-02-27,0.41133333333333333,214.05,212.0,179.0,199.0,228.0,254.04999999999995,0.5886666666666667,-0.5992013121464451,-0.05806778098463669,0.5411335311618084,7.5249999999999995,-21.5,38.3,59.8,4.553577041767361,614,0,81,4,False,observed_poll_filter,1.602806165127042,1.602486778513567,4,0,0
2025-02-28,0.41133333333333333,214.03266666666667,212.0,179.0,199.0,228.0,254.04999999999995,0.5886666666666667,-0.5992013121464451,-0.05238999205678879,0.5468113200896563,7.5249999999999995,-21.5,38.3,59.8,4.553166296212527,613,0,81,4,False,observed_poll_filter,1.6117963900472214,1.610317770182551,4,0,0
2025-03-01,0.41133333333333333,214.012,212.0,179.0,199.0,228.0,254.04999999999995,0.5886666666666667,-0.5992013121464451,-0.046720699206932205,0.5524806129395129,7.5249999999999995,-21.5,38.3,59.8,4.552751378975014,612,0,81,4,False,observed_poll_filter,1.620736746967025,1.618099230195381,4,0,0
2025-03-02,0.41133333333333333,213.99533333333332,212.0,179.0,199.0,228.0,254.04999999999995,0.5886666666666667,-0.5992013121464451,-0.04105988337939862,0.5581414287670465,7.5249999999999995,-21.5,38.3,59.8,4.552332298188468,611,0,81,4,False,observed_poll_filter,1.6296280566341679,1.6258318957167441,4,0,0
2025-03-03,0.38,212.50466666666668,211.0,178.0,198.0,226.0,252.04999999999995,0.62,0.0639863831051245,0.4918235593401045,0.42783717623498,7.5249999999999995,-21.5,38.3,59.8,4.498403657623692,610,0,81,5,False,observed_poll_filter,1.4798399712312371,1.4778820883014343,5,0,1
2025-03-04,0.38,212.492,211.0,178.0,198.0,226.0,252.04999999999995,0.62,0.0639863831051245,0.4971418492667611,0.4331554661616366,7.5249999999999995,-21.5,38.3,59.8,4.498043646979514,609,0,81,5,False,observed_poll_filter,1.489572536150445,1.4865384791968117,5,0,0
2025-03-05,0.38,212.478,211.0,178.0,198.0,226.0,252.04999999999995,0.62,0.0639863831051245,0.5024521021886812,0.4384657190835567,7.5249999999999995,-21.5,38.3,59.8,4.4976792964971555,608,0,81,5,False,observed_poll_filter,1.4992419219237665,1.4951317848735413,5,0,0
2025-03-06,0.38,212.46266666666668,211.0,178.0,198.0,226.0,252.04999999999995,0.62,0.0639863831051245,0.5077543363104029,0.4437679532052784,7.5249999999999995,-21.5,38.3,59.8,4.497310614887492,607,0,81,5,False,observed_poll_filter,1.5088493431929078,1.5036631161199996,5,0,0
2025-03-07,0.37933333333333336,212.45133333333334,211.0,178.0,198.0,226.0,252.04999999999995,0.6206666666666667,0.0639863831051245,0.5130485697815264,0.44906218667640185,7.5249999999999995,-21.5,38.3,59.8,4.496937610822255,606,0,81,5,False,observed_poll_filter,1.518395976171456,1.5121335508571219,5,0,0
2025-03-08,0.37866666666666665,212.428,211.0,178.0,198.0,226.0,252.04999999999995,0.6213333333333333,0.0639863831051245,0.51833482069692,0.45434843759179555,7.5249999999999995,-21.5,38.3,59.8,4.4965602929342054,605,0,81,5,False,observed_poll_filter,1.5278829603257147,1.520544135496416,5,0,0
2025-03-09,0.37866666666666665,212.40733333333333,211.0,178.0,198.0,226.0,252.04999999999995,0.6213333333333333,0.0639863831051245,0.5236131070969274,0.45962672399180293,7.5249999999999995,-21.5,38.3,59.8,4.496178669817311,604,0,81,5,False,observed_poll_filter,1.5373113999621772,1.5288958862264501,5,0,0
2025-03-10,0.37866666666666665,212.39666666666668,211.0,178.0,198.0,226.0,252.04999999999995,0.6213333333333333,0.0639863831051245,0.5288834469675718,0.46489706386244734,7.5249999999999995,-21.5,38.3,59.8,4.495792750026925,603,0,81,5,False,observed_poll_filter,1.5466823657279052,1.5371897902323763,5,0,0
2025-03-11,0.37466666666666665,212.17,211.0,178.0,198.0,225.0,251.0,0.6253333333333333,0.22239454817768517,0.6088138029682125,0.38641925479052736,7.5249999999999995,-21.5,38.3,59.8,4.453573995304502,602,0,81,6,False,observed_poll_filter,1.418232036030098,1.4191621935679173,6,0,1
2025-03-12,0.37466666666666665,212.156,211.0,178.0,198.0,225.0,251.0,0.6253333333333333,0.22239454817768517,0.6140681746504897,0.3916736264728045,7.5249999999999995,-21.5,38.3,59.8,4.453237480375331,601,0,81,6,False,observed_poll_filter,1.4283844398557686,1.4282590999603775,6,0,0
2025-03-13,0.37466666666666665,212.13733333333334,211.0,178.0,198.0,225.0,251.0,0.6253333333333333,0.22239454817768517,0.6193145686808598,0.3969200205031746,7.5249999999999995,-21.5,38.3,59.8,4.452896524036716,600,0,81,6,False,observed_poll_filter,1.4384651918006488,1.4372847504159594,6,0,0
2025-03-14,0.37466666666666665,212.11866666666666,211.0,178.0,198.0,225.0,251.0,0.6253333333333333,0.22239454817768517,0.6245530032141063,0.40215845503642117,7.5249999999999995,-21.5,38.3,59.8,4.452551135318596,599,0,81,6,False,observed_poll_filter,1.4484757878618744,1.4462405099522404,6,0,0
2025-03-15,0.37466666666666665,212.10066666666665,211.0,178.0,198.0,225.0,251.0,0.6253333333333333,0.22239454817768517,0.6297834963499677,0.4073889481722825,7.5249999999999995,-21.5,38.3,59.8,4.452201323209982,598,0,81,6,False,observed_poll_filter,1.4584176726925926,1.4551276996857403,6,0,0
2025-03-16,0.37466666666666665,212.086,211.0,178.0,198.0,225.0,251.0,0.6253333333333333,0.22239454817768517,0.6350060661333454,0.41261151795566026,7.5249999999999995,-21.5,38.3,59.8,4.451847096659146,597,0,81,6,False,observed_poll_filter,1.4682922420356508,1.4639475988000619,6,0,0
2025-03-17,0.37466666666666665,212.076,211.0,178.0,198.0,225.0,251.0,0.6253333333333333,0.22239454817768517,0.6402207305545132,0.41782618237682806,7.5249999999999995,-21.5,38.3,59.8,4.451488464573808,596,0,81,6,False,observed_poll_filter,1.4781008450109479,1.4727014464017063,6,0,0
2025-03-18,0.37466666666666665,212.062,211.0,178.0,198.0,225.0,251.0,0.6253333333333333,0.22239454817768517,0.6454275075493218,0.4230329593716366,7.5249999999999995,-21.5,38.3,59.8,4.451125435821322,595,0,81,6,False,observed_poll_filter,1.4878447862670616,1.4813904432713072,6,0,0
2025-03-19,0.37466666666666665,212.05333333333334,211.0,178.0,198.0,225.0,251.0,0.6253333333333333,0.22239454817768517,0.6506264149994053,0.42823186682172015,7.5249999999999995,-21.5,38.3,59.8,4.450758019228866,594,0,81,6,False,observed_poll_filter,1.4975253280068683,1.4900157535174092,6,0,0
2025-03-20,0.37466666666666665,212.03466666666668,211.0,178.0,198.0,225.0,251.0,0.6253333333333333,0.22239454817768517,0.6558174707323862,0.433422922554701,7.5249999999999995,-21.5,38.3,59.8,4.450386223583616,593,0,81,6,False,observed_poll_filter,1.5071436918960577,1.4985785061393448,6,0,0
2025-03-21,0.374,212.01866666666666,211.0,178.0,198.0,225.0,251.0,0.626,0.22239454817768517,0.6610006925220782,0.438606144344393,7.5249999999999995,-21.5,38.3,59.8,4.450010057632938,592,0,81,6,False,observed_poll_filter,1.516701060862713,1.50707979650525,6,0,0
2025-03-22,0.374,212.006,211.0,178.0,197.75,225.0,251.0,0.626,0.22239454817768517,0.6661760980886905,0.4437815499110053,7.5249999999999995,-21.5,38.3,59.8,4.44962953008457,591,0,81,6,False,observed_poll_filter,1.5261985807954608,1.515520687750791,6,0,0
2025-03-23,0.374,211.986,211.0,178.0,197.75,225.0,251.0,0.626,0.22239454817768517,0.6713437050990286,0.44894915692134346,7.5249999999999995,-21.5,38.3,59.8,4.449244649606795,590,0,81,6,False,observed_poll_filter,1.535637362147092,1.5239022121037478,6,0,0
2025-03-24,0.374,211.976,211.0,178.0,197.75,225.0,250.04999999999995,0.626,0.22239454817768517,0.6765035311666955,0.4541089829890103,7.5249999999999995,-21.5,38.3,59.8,4.448855424828628,589,0,81,6,False,observed_poll_filter,1.545018481450005,1.5322253721392007,6,0,0
2025-03-25,0.374,211.95733333333334,211.0,178.0,197.75,225.0,250.04999999999995,0.626,0.22239454817768517,0.6816555938522919,0.45926104567460674,7.5249999999999995,-21.5,38.3,59.8,4.448461864339989,588,0,81,6,False,observed_poll_filter,1.5543429827493285,1.5404911419697314,6,0,0
2025-03-26,0.374,211.94466666666668,211.0,178.0,197.0,225.0,250.04999999999995,0.626,0.22239454817768517,0.686799910663616,0.46440536248593084,7.5249999999999995,-21.5,38.3,59.8,4.448063976691882,587,0,81,6,False,observed_poll_filter,1.5636118789591231,1.5487004683746952,6,0,0
2025-03-27,0.38333333333333336,212.708,212.0,179.0,198.0,226.0,251.0,0.6166666666666667,0.01179606291087043,0.4161307944890611,0.40433473157819066,7.5249999999999995,-21.5,38.3,59.8,4.4066678904632095,586,0,81,7,False,observed_poll_filter,1.4309402916281435,1.4355563022185742,7,0,1
2025-03-28,0.382,212.696,212.0,179.0,198.0,226.0,251.0,0.618,0.01179606291087043,0.42152641576091343,0.409730352850043,7.5249999999999995,-21.5,38.3,59.8,4.406322203751309,585,0,81,7,False,observed_poll_filter,1.4410031638427572,1.4445329221834242,7,0,0
2025-03-29,0.382,212.678,212.0,179.0,198.0,226.0,251.0,0.618,0.01179606291087043,0.4269138527074372,0.41511778979656677,7.5249999999999995,-21.5,38.3,59.8,4.405972039627894,584,0,81,7,False,observed_poll_filter,1.4509962502380345,1.45344061247193,7,0,0
2025-03-30,0.382,212.662,212.0,179.0,198.0,226.0,251.0,0.618,0.01179606291087043,0.4322931239360583,0.42049706102518786,7.5249999999999995,-21.5,38.3,59.8,4.405617407144104,583,0,81,7,False,observed_poll_filter,1.4609209828751302,1.4622806632555634,7,0,0
2025-03-31,0.38066666666666665,212.644,211.0,179.0,198.0,226.0,251.0,0.6193333333333333,0.01179606291087043,0.43766424799784037,0.42586818508696994,7.5249999999999995,-21.5,38.3,59.8,4.405258315309723,582,0,81,7,False,observed_poll_filter,1.4707787454966967,1.4710543241517133,7,0,0
2025-04-01,0.37666666666666665,212.322,211.0,179.0,198.0,225.0,250.04999999999995,0.6233333333333333,0.2134231221081253,0.5514152480942702,0.3379921259861449,7.5249999999999995,-21.5,38.3,59.8,4.3574346504563035,581,0,81,8,False,observed_poll_filter,1.3209199521629293,1.3318546215699525,8,0,1
2025-04-02,0.37666666666666665,212.30466666666666,211.0,179.0,198.0,225.0,250.04999999999995,0.6233333333333333,0.2134231221081253,0.5567506121658334,0.34332749005770813,7.5249999999999995,-21.5,38.3,59.8,4.357132825264314,580,0,81,8,False,observed_poll_filter,1.331814371458018,1.3416804600931531,8,0,0
2025-04-03,0.37466666666666665,212.05866666666665,211.0,179.0,198.0,225.0,250.0,0.6253333333333333,0.35119369919054155,0.6357384221920394,0.2845447230014978,7.5249999999999995,-21.5,38.3,59.8,4.322528064243837,579,0,81,9,False,observed_poll_filter,1.2193831260913675,1.2363854035759132,9,0,1
2025-04-04,0.37333333333333335,212.04266666666666,211.0,179.0,198.0,225.0,250.0,0.6266666666666667,0.35119369919054155,0.6410455110727024,0.2898518118821608,7.5249999999999995,-21.5,38.3,59.8,4.322265748351664,578,0,81,9,False,observed_poll_filter,1.2311763513795884,1.2471091369138323,9,0,0
2025-04-05,0.37266666666666665,212.01866666666666,211.0,179.0,198.0,225.0,249.04999999999995,0.6273333333333333,0.35119369919054155,0.6463444296982707,0.2951507305077291,7.5249999999999995,-21.5,38.3,59.8,4.321998673315013,577,0,81,9,False,observed_poll_filter,1.2428576781741163,1.2577251417288002,9,0,0
2025-04-06,0.37266666666666665,212.004,211.0,179.0,198.0,225.0,249.04999999999995,0.6273333333333333,0.35119369919054155,0.6516351969213751,0.3004414977308335,7.5249999999999995,-21.5,38.3,59.8,4.3217268491971135,576,0,81,9,False,observed_poll_filter,1.2544302324945598,1.2682361606070105,9,0,0
2025-04-07,0.37266666666666665,211.99133333333333,211.0,179.0,198.0,225.0,249.04999999999995,0.6273333333333333,0.35119369919054155,0.6569178315366885,0.3057241323461469,7.5249999999999995,-21.5,38.3,59.8,4.321450286014395,575,0,81,9,False,observed_poll_filter,1.265896997467154,1.2786448195233477,9,0,0
2025-04-08,0.372,211.81733333333332,211.0,179.0,198.0,224.0,249.0,0.628,0.45795407362739915,0.7157505357448355,0.25779646211743634,7.5249999999999995,-21.5,38.3,59.8,4.291666338271512,574,0,81,10,False,observed_poll_filter,1.1674548782478342,1.1862967415671386,10,0,1
2025-04-09,0.372,211.806,211.0,179.0,198.0,224.0,249.0,0.628,0.45795407362739915,0.7210133752357567,0.26305930160835755,7.5249999999999995,-21.5,38.3,59.8,4.291422749156494,573,0,81,10,False,observed_poll_filter,1.1797673044904515,1.1975429896157694,10,0,0
2025-04-10,0.37133333333333335,211.78933333333333,211.0,179.0,198.0,224.0,249.0,0.6286666666666667,0.45795407362739915,0.726268085757715,0.2683140121303158,7.5249999999999995,-21.5,38.3,59.8,4.2911743212548075,572,0,81,10,False,observed_poll_filter,1.1919525547372536,1.208667470976471,10,0,0
2025-04-11,0.37133333333333335,211.77266666666668,211.0,179.0,198.0,224.0,249.0,0.6286666666666667,0.45795407362739915,0.7315146861301546,0.27356061250275543,7.5249999999999995,-21.5,38.3,59.8,4.290921064896983,571,0,81,10,False,observed_poll_filter,1.2040144902552732,1.2196735568079917,10,0,0
2025-04-12,0.37133333333333335,211.76066666666668,211.0,179.0,198.0,224.0,249.0,0.6286666666666667,0.45795407362739915,0.7367531951144719,0.27879912148707275,7.5249999999999995,-21.5,38.3,59.8,4.290662990365203,570,0,81,10,False,observed_poll_filter,1.2159567807881435,1.2305644627119987,10,0,0
2025-04-13,0.36666666666666664,211.43533333333335,210.0,179.0,198.0,224.0,248.0,0.6333333333333333,0.6042221680863146,0.8569530482182179,0.25273088013190337,7.5249999999999995,-21.5,38.3,59.8,4.27393806543992,569,0,81,11,False,observed_poll_filter,1.168102842329419,1.1831933853839491,11,0,1
2025-04-14,0.36666666666666664,211.42266666666666,210.0,179.0,198.0,224.0,248.0,0.6333333333333333,0.6042221680863146,0.8621065443202747,0.2578843762339601,7.5249999999999995,-21.5,38.3,59.8,4.273693211887849,568,0,81,11,False,observed_poll_filter,1.1804085099058155,1.1944679440388015,11,0,0
2025-04-15,0.36666666666666664,211.406,210.0,179.0,198.0,224.0,248.0,0.6333333333333333,0.6042221680863146,0.8672520806668045,0.2630299125804899,7.5249999999999995,-21.5,38.3,59.8,4.2734434999163655,567,0,81,11,False,observed_poll_filter,1.1925872086594203,1.2056199015350728,11,0,0
2025-04-16,0.3393333333333333,210.21333333333334,209.5,178.0,196.0,223.0,246.04999999999995,0.6606666666666666,1.0678569749048914,1.2925883816308161,0.22473140672592473,7.5249999999999995,-21.5,38.3,59.8,4.2536105601833745,566,0,81,12,False,observed_poll_filter,1.1393445291103055,1.1459942398212644,12,0,1
2025-04-17,0.338,210.20066666666668,209.5,178.0,196.0,223.0,246.04999999999995,0.662,1.0678569749048914,1.2974137538019226,0.2295567788970312,7.5249999999999995,-21.5,38.3,59.8,4.253375755140604,565,0,81,12,False,observed_poll_filter,1.1519574454004728,1.1576723692037865,12,0,0
2025-04-18,0.338,210.18933333333334,209.5,178.0,196.0,223.0,246.04999999999995,0.662,1.0678569749048914,1.3022316597771397,0.23437468487224833,7.5249999999999995,-21.5,38.3,59.8,4.253136043608232,564,0,81,12,False,observed_poll_filter,1.1644337490873338,1.1692160644805925,12,0,0
2025-04-19,0.338,210.176,209.5,178.0,196.0,223.0,246.04999999999995,0.662,1.0678569749048914,1.3070421168715012,0.23918514196660978,7.5249999999999995,-21.5,38.3,59.8,4.252891436105957,563,0,81,12,False,observed_poll_filter,1.1767777853161503,1.180629309861224,12,0,0
2025-04-20,0.338,210.16066666666666,209.5,178.0,196.0,223.0,246.04999999999995,0.662,1.0678569749048914,1.3118451423465418,0.24398816744165042,7.5249999999999995,-21.5,38.3,59.8,4.252641943103898,562,0,81,12,False,observed_poll_filter,1.1889936736642392,1.1919158931092813,12,0,0
2025-04-21,0.30733333333333335,208.42066666666668,208.0,176.0,195.0,221.0,244.0,0.6926666666666667,1.7588013596763976,1.9559726055495006,0.19717124587310297,7.5249999999999995,-21.5,38.3,59.8,4.230554351823272,561,0,81,13,False,observed_poll_filter,1.1289725007066977,1.1234723511198756,13,0,1
2025-04-22,0.30733333333333335,208.41266666666667,208.0,176.0,195.0,221.0,244.0,0.6926666666666667,1.7588013596763976,1.960287079598941,0.2014857199225435,7.5249999999999995,-21.5,38.3,59.8,4.2303222807223415,560,0,81,13,False,observed_poll_filter,1.1417000075991655,1.1353971106075036,13,0,0
2025-04-23,0.30733333333333335,208.4,208.0,176.0,195.0,221.0,244.0,0.6926666666666667,1.7588013596763976,1.9645948737472512,0.20579351407085356,7.5249999999999995,-21.5,38.3,59.8,4.230085267381648,559,0,81,13,False,observed_poll_filter,1.1542871858215937,1.1471797458634228,13,0,0
2025-04-24,0.29933333333333334,208.124,208.0,176.0,195.0,220.0,243.0,0.7006666666666667,1.8777953691304043,2.064480339423899,0.1866849702934945,7.5249999999999995,-21.5,38.3,59.8,4.2149636758223545,558,0,81,14,False,observed_poll_filter,1.1094019893979061,1.1032763880831906,14,0,1
2025-04-25,0.29933333333333334,208.11333333333334,208.0,176.0,195.0,220.0,243.0,0.7006666666666667,1.8777953691304043,2.0687157233240074,0.1909203541936031,7.5249999999999995,-21.5,38.3,59.8,4.214738267523496,557,0,81,14,False,observed_poll_filter,1.122351448557907,1.1154455001150703,14,0,0
2025-04-26,0.29933333333333334,208.106,208.0,176.0,195.0,220.0,243.0,0.7006666666666667,1.8777953691304043,2.072944542071008,0.19514917294060385,7.5249999999999995,-21.5,38.3,59.8,4.214507881969327,556,0,81,14,False,observed_poll_filter,1.135153194102026,1.1274647166016243,14,0,0
2025-04-27,0.27466666666666667,207.12666666666667,207.0,175.0,194.0,219.25,242.0,0.7253333333333334,2.284720155234536,2.4463568925143884,0.1616367372798524,7.5249999999999995,-21.5,38.3,59.8,4.193781710992691,555,0,81,15,False,observed_poll_filter,1.0704033035310496,1.0610396031519183,15,0,1
2025-04-28,0.27466666666666667,207.11466666666666,207.0,175.0,194.0,219.0,242.0,0.7253333333333334,2.284720155234536,2.4503050866080245,0.1655849313734885,7.5249999999999995,-21.5,38.3,59.8,4.193569909814339,554,0,81,15,False,observed_poll_filter,1.0838188189038722,1.0737451226898462,15,0,0
2025-04-29,0.27466666666666667,207.104,207.0,175.0,194.0,219.0,242.0,0.7253333333333334,2.284720155234536,2.4542471467295686,0.1695269914950326,7.5249999999999995,-21.5,38.3,59.8,4.1933530733771,553,0,81,15,False,observed_poll_filter,1.0970702950176823,1.0862826510633248,15,0,0
2025-04-30,0.274,207.094,207.0,175.0,194.0,219.0,242.0,0.726,2.284720155234536,2.458183087162667,0.1734629319281309,7.5249999999999995,-21.5,38.3,59.8,4.193131212600706,552,0,81,15,False,observed_poll_filter,1.110163606055515,1.0986579841271196,15,0,0
2025-05-01,0.274,207.08733333333333,207.0,175.0,194.0,219.0,242.0,0.726,2.284720155234536,2.4621129221466544,0.17739276691211847,7.5249999999999995,-21.5,38.3,59.8,4.192904338352808,551,0,81,15,False,observed_poll_filter,1.123104283764506,1.1108765865647707,15,0,0
2025-05-02,0.27266666666666667,207.07266666666666,207.0,175.0,194.0,219.0,242.0,0.7273333333333334,2.284720155234536,2.4660366658767225,0.18131651064218657,7.5249999999999995,-21.5,38.3,59.8,4.192672461449233,550,0,81,15,False,observed_poll_filter,1.135897544768094,1.122943617905532,15,0,0
2025-05-03,0.27266666666666667,207.06266666666667,207.0,175.0,194.0,219.0,242.0,0.7273333333333334,2.284720155234536,2.4699543325040914,0.18523417726955538,7.5249999999999995,-21.5,38.3,59.8,4.19243559265424,549,0,81,15,False,observed_poll_filter,1.148548315139674,1.1348639559674583,15,0,0
2025-05-04,0.272,207.05133333333333,207.0,175.0,194.0,219.0,242.0,0.728,2.284720155234536,2.473865936136181,0.18914578090164502,7.5249999999999995,-21.5,38.3,59.8,4.192193742680777,548,0,81,15,False,observed_poll_filter,1.1610612525660238,1.1466422180313505,15,0,0
2025-05-05,0.32666666666666666,209.52333333333334,209.0,177.0,196.0,222.0,245.0,0.6733333333333333,1.3712662495016423,1.5510506352489741,0.1797843857473318,7.5249999999999995,-21.5,38.3,59.8,4.1628047706122215,547,0,81,16,False,observed_poll_filter,1.0408699415848113,1.0479234505591868,16,0,1
2025-05-06,0.32666666666666666,209.51533333333333,209.0,177.0,196.0,222.0,245.0,0.6733333333333333,1.3712662495016423,1.5557026532868357,0.18443640378519333,7.5249999999999995,-21.5,38.3,59.8,4.162602354398813,546,0,81,16,False,observed_poll_filter,1.0546611945524347,1.0608290912519969,16,0,0
2025-05-07,0.32866666666666666,209.838,209.0,178.0,196.0,222.0,245.0,0.6713333333333333,1.2511313022699901,1.4274899598407718,0.17635865757078162,7.5249999999999995,-21.5,38.3,59.8,4.151706394340473,545,0,81,17,False,observed_poll_filter,1.0204068855730093,1.0313418370295915,17,0,1
2025-05-08,0.32866666666666666,209.828,209.0,178.0,196.0,222.0,245.0,0.6713333333333333,1.2511313022699901,1.4322435994733342,0.1811122972033441,7.5249999999999995,-21.5,38.3,59.8,4.151510903182276,544,0,81,17,False,observed_poll_filter,1.0344709817703,1.044482062670925,17,0,0
2025-05-09,0.32866666666666666,209.814,209.0,178.0,196.0,222.0,245.0,0.6713333333333333,1.2511313022699901,1.4369898329723887,0.18585853070239855,7.5249999999999995,-21.5,38.3,59.8,4.151310284312877,543,0,81,17,False,observed_poll_filter,1.0483464179958877,1.0574389233624122,17,0,0
2025-05-10,0.32866666666666666,209.80266666666665,209.0,178.0,196.0,222.0,245.0,0.6713333333333333,1.2511313022699901,1.4417286776325104,0.1905973753625203,7.5249999999999995,-21.5,38.3,59.8,4.151104548942001,542,0,81,17,False,observed_poll_filter,1.0620405887369881,1.0702191253416176,17,0,0
2025-05-11,0.32866666666666666,209.79266666666666,209.0,178.0,196.0,222.0,245.0,0.6713333333333333,1.2511313022699901,1.4464601506944683,0.19532884842447817,7.5249999999999995,-21.5,38.3,59.8,4.150893708225459,541,0,81,17,False,observed_poll_filter,1.0755604177008413,1.0828289694063842,17,0,0
2025-05-12,0.32866666666666666,209.782,209.0,178.0,196.0,222.0,245.0,0.6713333333333333,1.2511313022699901,1.4511842693454353,0.20005296707544518,7.5249999999999995,-21.5,38.3,59.8,4.150677773265407,540,0,81,17,False,observed_poll_filter,1.0889123987377534,1.0952743845628277,17,0,0
2025-05-13,0.32866666666666666,209.77066666666667,209.0,178.0,196.0,222.0,245.0,0.6713333333333333,1.2511313022699901,1.4559010507191956,0.20476974844920548,7.5249999999999995,-21.5,38.3,59.8,4.150456755110632,539,0,81,17,False,observed_poll_filter,1.1021026323010068,1.107560958161435,17,0,0
2025-05-14,0.32866666666666666,209.75933333333333,209.0,178.0,196.0,222.0,245.0,0.6713333333333333,1.2511313022699901,1.4606105118963508,0.20947920962636069,7.5249999999999995,-21.5,38.3,59.8,4.150230664756798,538,0,81,17,False,observed_poll_filter,1.1151368580245242,1.1196939629593639,17,0,0
2025-05-15,0.32866666666666666,209.85266666666666,209.0,178.0,197.0,222.0,245.0,0.6713333333333333,1.2265059662573006,1.4210948579986673,0.19458889174136673,7.5249999999999995,-21.5,38.3,59.8,4.136040756066556,537,0,81,18,False,observed_poll_filter,1.0712883566083902,1.0793670070201375,18,0,1
2025-05-16,0.32866666666666666,209.842,209.0,178.0,197.0,222.0,245.0,0.6713333333333333,1.2265059662573006,1.425839860348758,0.19933389409145752,7.5249999999999995,-21.5,38.3,59.8,4.135825663395416,536,0,81,18,False,observed_poll_filter,1.0846929256728401,1.0918580118312669,18,0,0
2025-05-17,0.32866666666666666,209.83066666666667,209.0,178.0,196.75,222.0,245.0,0.6713333333333333,1.2265059662573006,1.4305774911693716,0.20407152491207103,7.5249999999999995,-21.5,38.3,59.8,4.135605465595028,535,0,81,18,False,observed_poll_filter,1.0979338518347566,1.1041886464999855,18,0,0
2025-05-18,0.32866666666666666,209.81866666666667,209.0,178.0,196.75,222.0,245.0,0.6713333333333333,1.2265059662573006,1.4353077676250736,0.20880180136777304,7.5249999999999995,-21.5,38.3,59.8,4.135380173711763,534,0,81,18,False,observed_poll_filter,1.1110169859208747,1.1163642690127284,18,0,0
2025-05-19,0.32866666666666666,209.80533333333332,209.0,178.0,196.0,222.0,245.0,0.6713333333333333,1.2265059662573006,1.4400307068271818,0.21352474056988124,7.5249999999999995,-21.5,38.3,59.8,4.135149798738738,533,0,81,18,False,observed_poll_filter,1.1239478382045607,1.1283899405830513,18,0,0
2025-05-20,0.32866666666666666,209.79466666666667,209.0,178.0,196.0,222.0,245.0,0.6713333333333333,1.2265059662573006,1.4447463258339706,0.21824035957666998,7.5249999999999995,-21.5,38.3,59.8,4.134914351616092,532,0,81,18,False,observed_poll_filter,1.136731605527314,1.1402704482712542,18,0,0
2025-05-21,0.32466666666666666,209.39733333333334,209.0,178.0,196.0,221.0,244.0,0.6753333333333333,1.398416279234822,1.5949328399376053,0.19651656070278323,7.5249999999999995,-21.5,38.3,59.8,4.119267060834665,531,0,81,19,False,observed_poll_filter,1.0922474056358031,1.0954273679607711,19,0,1
2025-05-22,0.324,209.386,209.0,178.0,196.0,221.0,244.0,0.676,1.398416279234822,1.59953708960486,0.20112081037003793,7.5249999999999995,-21.5,38.3,59.8,4.119043072773067,530,0,81,19,False,observed_poll_filter,1.1053978447229498,1.107707468314531,19,0,0
2025-05-23,0.324,209.37266666666667,209.0,178.0,196.0,221.0,244.0,0.676,1.398416279234822,1.6041341951141537,0.20571791587933164,7.5249999999999995,-21.5,38.3,59.8,4.118813976491734,529,0,81,19,False,observed_poll_filter,1.11839366732745,1.1198341720735472,19,0,0
2025-05-24,0.3233333333333333,209.36,209.0,178.0,196.0,221.0,244.0,0.6766666666666666,1.398416279234822,1.6087241730803845,0.21030789384556248,7.5249999999999995,-21.5,38.3,59.8,4.118579782990578,528,0,81,19,False,observed_poll_filter,1.131240202219733,1.1318124530410099,19,0,0
2025-05-25,0.3233333333333333,209.34866666666667,209.0,178.0,196.0,221.0,244.0,0.6766666666666666,1.398416279234822,1.6133070400669705,0.21489076083214842,7.5249999999999995,-21.5,38.3,59.8,4.118340503216331,527,0,81,19,False,observed_poll_filter,1.1439424789377053,1.1436470174105895,19,0,0
2025-05-26,0.3233333333333333,209.34266666666667,209.0,178.0,196.0,221.0,244.0,0.6766666666666666,1.398416279234822,1.6178828125860463,0.21946653335122424,7.5249999999999995,-21.5,38.3,59.8,4.118096148062811,526,0,81,19,False,observed_poll_filter,1.1565052507957507,1.155342323594944,19,0,0
2025-05-27,0.24466666666666667,205.26466666666667,205.0,174.0,193.0,217.0,239.0,0.7553333333333333,3.027959396351611,3.158174469442931,0.13021507309131986,7.5249999999999995,-21.5,38.3,59.8,4.079200486626458,525,0,81,20,False,observed_poll_filter,1.0360935248233143,1.0221920612553852,20,0,1
2025-05-28,0.24466666666666667,205.254,205.0,174.0,193.0,217.0,239.0,0.7553333333333333,3.027959396351611,3.1615759014946123,0.13361650514300116,7.5249999999999995,-21.5,38.3,59.8,4.0789957065097076,524,0,81,20,False,observed_poll_filter,1.0499475187745337,1.0354255037059041,20,0,0
2025-05-29,0.24466666666666667,205.24533333333332,205.0,174.0,193.0,217.0,239.0,0.7553333333333333,3.027959396351611,3.164972038745771,0.13701264239416,7.5249999999999995,-21.5,38.3,59.8,4.0787857201716875,523,0,81,20,False,observed_poll_filter,1.0636210754685147,1.0484717216389159,20,0,0
2025-05-30,0.24466666666666667,205.236,205.0,174.0,193.0,217.0,239.0,0.7553333333333333,3.027959396351611,3.1683628935499293,0.14040349719831813,7.5249999999999995,-21.5,38.3,59.8,4.078570538931782,522,0,81,20,False,observed_poll_filter,1.0771210666312305,1.0613376658925673,20,0,0
2025-05-31,0.24466666666666667,205.23,205.0,174.0,193.0,217.0,239.0,0.7553333333333333,3.027959396351611,3.171748478222208,0.1437890818705969,7.5249999999999995,-21.5,38.3,59.8,4.078350174054193,521,0,81,20,False,observed_poll_filter,1.0904539385874121,1.0740298609479446,20,0,0
2025-06-01,0.24466666666666667,205.22333333333333,205.0,174.0,193.0,217.0,239.0,0.7553333333333333,3.027959396351611,3.1751288050394777,0.14716940868786654,7.5249999999999995,-21.5,38.3,59.8,4.078124636748221,520,0,81,20,False,observed_poll_filter,1.1036257482411325,1.086554440814083,20,0,0
2025-06-02,0.25066666666666665,205.58066666666667,205.5,174.0,193.0,218.0,240.0,0.7493333333333333,2.900998922148913,3.0372386092278454,0.1362396870789322,7.5249999999999995,-21.5,38.3,59.8,4.060318107179716,519,0,81,21,False,observed_poll_filter,1.0454137071851277,1.0317863788069066,21,0,1
2025-06-03,0.25066666666666665,205.57666666666665,205.5,174.0,193.0,218.0,240.0,0.7493333333333333,2.900998922148913,3.0407324144787533,0.13973349232984011,7.5249999999999995,-21.5,38.3,59.8,4.060108869363436,518,0,81,21,False,observed_poll_filter,1.059145796937585,1.044884697506683,21,0,0
2025-06-04,0.264,206.81,206.0,176.0,194.0,219.0,240.04999999999995,0.736,2.432569462246062,2.5702027200231954,0.13763325777713353,7.5249999999999995,-21.5,38.3,59.8,4.043353437157226,517,0,81,23,False,observed_poll_filter,0.9662937245062659,0.9924248171882577,23,0,2
2025-06-05,0.2633333333333333,206.81133333333332,206.0,176.0,194.0,219.0,240.0,0.7366666666666667,2.432569462246062,2.5702027200231954,0.13763325777713353,7.5249999999999995,-21.5,38.3,59.8,4.039778090164255,516,0,81,23,False,observed_poll_filter,0.9811338145330591,0.9924248171882577,23,0,0
2025-06-06,0.2633333333333333,206.80933333333334,206.0,176.0,194.0,219.0,240.0,0.7366666666666667,2.432569462246062,2.5702027200231954,0.13763325777713353,7.5249999999999995,-21.5,38.3,59.8,4.0361995760580465,515,0,81,23,False,observed_poll_filter,0.9957527614926265,0.9924248171882577,23,0,0
2025-06-07,0.2633333333333333,206.80466666666666,206.0,176.0,194.0,219.0,240.0,0.7366666666666667,2.432569462246062,2.572936200621426,0.14036673837536418,7.5249999999999995,-21.5,38.3,59.8,4.035013117145372,514,0,81,23,False,observed_poll_filter,1.0101601665182562,1.0021131949711122,23,0,0
2025-06-08,0.2633333333333333,206.79466666666667,206.0,176.0,194.0,219.0,240.0,0.7366666666666667,2.432569462246062,2.576799014568959,0.14422955232289736,7.5249999999999995,-21.5,38.3,59.8,4.034815771192553,513,0,81,23,False,observed_poll_filter,1.0243649554822691,1.0156467434419079,23,0,0
2025-06-09,0.26266666666666666,206.782,206.0,176.0,194.0,219.0,240.0,0.7373333333333333,2.432569462246062,2.580655806905295,0.14808634465923332,7.5249999999999995,-21.5,38.3,59.8,4.034613140156256,512,0,81,23,False,observed_poll_filter,1.0383754436715995,1.0289816279805568,23,0,0
2025-06-10,0.262,206.77266666666668,206.0,176.0,194.0,219.0,240.0,0.738,2.432569462246062,2.5845065916998005,0.1519371294537386,7.5249999999999995,-21.5,38.3,59.8,4.034405235566712,511,0,81,23,False,observed_poll_filter,1.052199392710427,1.0421255225586286,23,0,0
2025-06-11,0.272,207.34333333333333,207.0,176.0,195.0,219.0,241.0,0.728,2.2203391247307547,2.368852055837239,0.14851293110648411,7.5249999999999995,-21.5,38.3,59.8,4.023232796940388,510,0,81,24,False,observed_poll_filter,1.0182881742631338,1.0123745050013688,24,0,1
2025-06-12,0.272,207.334,207.0,176.0,195.0,219.0,241.0,0.728,2.2203391247307547,2.37287227480309,0.15253315007233548,7.5249999999999995,-21.5,38.3,59.8,4.023031853338806,509,0,81,24,False,observed_poll_filter,1.0323811340024314,1.0257608361497674,24,0,0
2025-06-13,0.2713333333333333,207.32666666666665,207.0,176.0,195.0,219.0,241.0,0.7286666666666667,2.2203391247307547,2.3768862295697826,0.1565471048390279,7.5249999999999995,-21.5,38.3,59.8,4.022825615868611,508,0,81,24,False,observed_poll_filter,1.046284285385261,1.0389542510085175,24,0,0
2025-06-14,0.2713333333333333,207.31733333333332,207.0,176.0,195.0,219.0,241.0,0.7286666666666667,2.2203391247307547,2.380893934766983,0.16055481003622818,7.5249999999999995,-21.5,38.3,59.8,4.022614096056292,507,0,81,24,False,observed_poll_filter,1.0600050970840404,1.0519620552998938,24,0,0
2025-06-15,0.27066666666666667,207.30866666666665,207.0,176.0,195.0,219.0,241.0,0.7293333333333333,2.2203391247307547,2.384895404978839,0.16455628024808444,7.5249999999999995,-21.5,38.3,59.8,4.0223973053715225,506,0,81,24,False,observed_poll_filter,1.0735505604507625,1.0647910979436686,24,0,0
2025-06-16,0.27066666666666667,207.3,207.0,176.0,195.0,219.0,241.0,0.7293333333333333,2.2203391247307547,2.388890654744153,0.1685515300133984,7.5249999999999995,-21.5,38.3,59.8,4.022175255227444,505,0,81,24,False,observed_poll_filter,1.086927231163221,1.0774478102274632,24,0,0
2025-06-17,0.27066666666666667,207.288,207.0,176.0,195.0,219.0,241.0,0.7293333333333333,2.2203391247307547,2.392879698556563,0.17254057382580834,7.5249999999999995,-21.5,38.3,59.8,4.02194795698095,504,0,81,24,False,observed_poll_filter,1.1001412663127157,1.089938240756437,24,0,0
2025-06-18,0.27066666666666667,207.27866666666668,207.0,176.0,195.0,219.0,241.0,0.7293333333333333,2.2203391247307547,2.3968625508647126,0.17652342613395788,7.5249999999999995,-21.5,38.3,59.8,4.021715421932964,503,0,81,24,False,observed_poll_filter,1.113198457528641,1.102268086725472,24,0,0
2025-06-19,0.32466666666666666,209.73,209.0,179.0,197.0,221.0,243.04999999999995,0.6753333333333333,1.2656474597425826,1.4593531115145006,0.193705651771918,7.5249999999999995,-21.5,38.3,59.8,4.011910290691756,502,0,81,25,False,observed_poll_filter,1.0722198287123164,1.0794091812461166,25,0,1
2025-06-20,0.32466666666666666,209.716,209.0,179.0,197.0,221.0,243.04999999999995,0.6753333333333333,1.2656474597425826,1.4640681197598375,0.1984206600172549,7.5249999999999995,-21.5,38.3,59.8,4.011688179395178,501,0,81,25,False,observed_poll_filter,1.0856128965169256,1.0918983692171156,25,0,0
2025-06-21,0.32466666666666666,209.70733333333334,209.0,179.0,197.0,221.0,243.04999999999995,0.6753333333333333,1.2656474597425826,1.468775803465672,0.2031283437230893,7.5249999999999995,-21.5,38.3,59.8,4.011460805059689,500,0,81,25,False,observed_poll_filter,1.0988427371939393,1.1042272368177337,25,0,0
2025-06-22,0.32466666666666666,209.69533333333334,209.0,179.0,197.0,221.0,243.04999999999995,0.6753333333333333,1.2656474597425826,1.4734761796862397,0.20782871994365704,7.5249999999999995,-21.5,38.3,59.8,4.011228179016674,499,0,81,25,False,observed_poll_filter,1.1119151771083389,1.1164011394375344,25,0,0
2025-06-23,0.32466666666666666,209.68066666666667,209.0,179.0,197.0,221.0,243.04999999999995,0.6753333333333333,1.2656474597425826,1.478169265422872,0.21252180568028933,7.5249999999999995,-21.5,38.3,59.8,4.01099031254156,498,0,81,25,False,observed_poll_filter,1.1248357040403139,1.1284251358872865,25,0,0
2025-06-24,0.324,209.66533333333334,209.0,179.0,197.0,221.0,243.04999999999995,0.676,1.2656474597425826,1.4828550776242022,0.21720761788161957,7.5249999999999995,-21.5,38.3,59.8,4.010747216854091,497,0,81,25,False,observed_poll_filter,1.1376094941076522,1.140304011000064,25,0,0
2025-06-25,0.31466666666666665,209.244,209.0,179.0,197.0,221.0,243.0,0.6853333333333333,1.4393781387612312,1.6341880206031056,0.19480988184187442,7.5249999999999995,-21.5,38.3,59.8,3.9940971660020677,496,0,81,26,False,observed_poll_filter,1.0911115704861436,1.0935776933833952,26,0,1
2025-06-26,0.31466666666666665,209.232,209.0,179.0,197.0,221.0,243.0,0.6853333333333333,1.4393781387612312,1.638762096335818,0.19938395757458682,7.5249999999999995,-21.5,38.3,59.8,3.9938666095888617,495,0,81,26,False,observed_poll_filter,1.1042755359278493,1.1058799641863606,26,0,0
2025-06-27,0.31466666666666665,209.22266666666667,209.0,179.0,197.0,221.0,243.0,0.6853333333333333,1.4393781387612312,1.6433290742572546,0.2039509354960234,7.5249999999999995,-21.5,38.3,59.8,3.993630783037112,494,0,81,26,False,observed_poll_filter,1.117284412872899,1.118028099477654,26,0,0
2025-06-28,0.31466666666666665,209.212,209.0,179.0,197.0,221.0,243.0,0.6853333333333333,1.4393781387612312,1.647888970875625,0.2085108321143938,7.5249999999999995,-21.5,38.3,59.8,3.993389697640314,493,0,81,26,False,observed_poll_filter,1.13014355692042,1.1300271134887854,26,0,0
2025-06-29,0.31466666666666665,209.19933333333333,209.0,179.0,197.0,221.0,243.0,0.6853333333333333,1.4393781387612312,1.6524418026479855,0.21306366388675424,7.5249999999999995,-21.5,38.3,59.8,3.993143364635992,492,0,81,26,False,observed_poll_filter,1.1428580223495561,1.1418817498044387,26,0,0
2025-06-30,0.314,209.188,209.0,179.0,197.0,221.0,243.0,0.686,1.4393781387612312,1.6569875859804353,0.21760944721920406,7.5249999999999995,-21.5,38.3,59.8,3.9928917952059773,491,0,81,26,False,observed_poll_filter,1.1554325853327567,1.153596501478402,26,0,0
2025-07-01,0.314,209.17933333333335,209.0,179.0,197.0,221.0,243.0,0.686,1.4393781387612312,1.6615263372283169,0.22214819846708567,7.5249999999999995,-21.5,38.3,59.8,3.9926350004766853,490,0,81,26,False,observed_poll_filter,1.1678717648991854,1.1651756292643007,26,0,0
2025-07-02,0.318,209.40133333333333,209.0,179.0,197.0,221.0,243.0,0.682,1.3774496659739073,1.5751998352548584,0.19775016928095113,7.5249999999999995,-21.5,38.3,59.8,3.9697283224832716,489,0,81,27,False,observed_poll_filter,1.0938518173001408,1.0973344769603506,27,0,1
2025-07-03,0.31666666666666665,209.382,209.0,179.0,197.0,221.0,243.0,0.6833333333333333,1.3774496659739073,1.5798189708521548,0.20236930487824756,7.5249999999999995,-21.5,38.3,59.8,3.969495253963797,488,0,81,27,False,observed_poll_filter,1.1069831968963308,1.1095911730187404,27,0,0
2025-07-04,0.31666666666666665,209.36533333333333,209.0,179.0,197.0,221.0,243.0,0.6833333333333333,1.3774496659739073,1.5844309398686012,0.2069812738946939,7.5249999999999995,-21.5,38.3,59.8,3.969256885201906,487,0,81,27,False,observed_poll_filter,1.119960623509068,1.1216952441384138,27,0,0
2025-07-05,0.31666666666666665,209.35666666666665,209.0,179.0,197.0,221.0,243.0,0.6833333333333333,1.3774496659739073,1.5890357589696755,0.21158609299576825,7.5249999999999995,-21.5,38.3,59.8,3.969013227536995,486,0,81,27,False,observed_poll_filter,1.1327893882848745,1.1336516221324928,27,0,0
2025-07-06,0.31666666666666665,209.34866666666667,209.0,179.0,197.0,221.0,243.0,0.6833333333333333,1.3774496659739073,1.5936334447692233,0.21618377879531603,7.5249999999999995,-21.5,38.3,59.8,3.968764292251976,485,0,81,27,False,observed_poll_filter,1.1454744860584283,1.145464974346369,27,0,0
2025-07-07,0.31666666666666665,209.33733333333333,209.0,179.0,197.0,221.0,243.0,0.6833333333333333,1.3774496659739073,1.598224013829657,0.2207743478557498,7.5249999999999995,-21.5,38.3,59.8,3.9685100905735595,484,0,81,27,False,observed_poll_filter,1.1580206380763773,1.1571397231899703,27,0,0
2025-07-08,0.31666666666666665,209.32333333333332,209.0,179.0,197.0,221.0,243.0,0.6833333333333333,1.3774496659739073,1.602807482662156,0.2253578166882486,7.5249999999999995,-21.5,38.3,59.8,3.9682506336725316,483,0,81,27,False,observed_poll_filter,1.1704323125285034,1.168680063850858,27,0,0
2025-07-09,0.316,209.31133333333332,209.0,179.0,197.0,221.0,243.0,0.684,1.3774496659739073,1.6073838677268613,0.22993420175295398,7.5249999999999995,-21.5,38.3,59.8,3.9679859326640297,482,0,81,27,False,observed_poll_filter,1.182713743139404,1.1800899803911686,27,0,0
2025-07-10,0.31533333333333335,209.29866666666666,209.0,179.0,197.0,221.0,243.0,0.6846666666666666,1.3774496659739073,1.6119531854330766,0.23450351945916936,7.5249999999999995,-21.5,38.3,59.8,3.967715998607819,481,0,81,27,False,observed_poll_filter,1.1948689460400332,1.1913732604051692,27,0,0
2025-07-11,0.31466666666666665,209.28666666666666,209.0,179.0,197.0,221.0,243.0,0.6853333333333333,1.3774496659739073,1.6165154521394622,0.23906578616555496,7.5249999999999995,-21.5,38.3,59.8,3.967440842508563,480,0,81,27,False,observed_poll_filter,1.2069017351097064,1.2025335083917852,27,0,0
2025-07-12,0.31466666666666665,209.27733333333333,209.0,179.0,197.0,221.0,243.0,0.6853333333333333,1.3774496659739073,1.62107068415423,0.24362101818032267,7.5249999999999995,-21.5,38.3,59.8,3.967160475316094,479,0,81,27,False,observed_poll_filter,1.2188157359547094,1.2135741579772594,27,0,0
2025-07-13,0.31466666666666665,209.268,209.0,179.0,197.0,221.0,243.0,0.6853333333333333,1.3774496659739073,1.6256188977353392,0.2481692317614319,7.5249999999999995,-21.5,38.3,59.8,3.966874907925681,478,0,81,27,False,observed_poll_filter,1.2306143986687381,1.2244984831066064,27,0,0
2025-07-14,0.31933333333333336,209.64733333333334,209.0,180.0,197.0,221.0,243.0,0.6806666666666666,1.290988364964026,1.490429225570973,0.1994408606069471,7.5249999999999995,-21.5,38.3,59.8,3.925485156067487,477,0,81,28,False,observed_poll_filter,1.090774879443935,1.0961905447987506,28,0,1
2025-07-15,0.31933333333333336,209.63266666666667,209.0,180.0,197.0,221.0,243.0,0.6806666666666666,1.290988364964026,1.4951150190833684,0.2041266541193425,7.5249999999999995,-21.5,38.3,59.8,3.9252507057266994,476,0,81,28,False,observed_poll_filter,1.1039428597649115,1.108464299293374,28,0,0
2025-07-16,0.35533333333333333,211.44666666666666,211.0,182.0,199.0,223.0,245.0,0.6446666666666667,0.6412348377145173,0.8272825448033141,0.1860477070887968,7.5249999999999995,-21.5,38.3,59.8,3.8995043259477336,475,0,81,30,False,observed_poll_filter,0.9889214286650984,1.0276837977145923,30,0,2
2025-07-17,0.32666666666666666,210.192,210.0,181.0,198.0,221.25,243.04999999999995,0.6733333333333333,1.1109330932379482,1.284286252880166,0.17335315964221776,7.5249999999999995,-21.5,38.3,59.8,3.8926019785326385,474,0,81,31,False,observed_poll_filter,0.9306250313902218,1.0155048809711404,31,0,1
2025-07-18,0.286,208.28,208.0,179.0,196.0,220.0,241.0,0.714,1.8639275565736948,2.0169295145041355,0.1530019579304407,7.5249999999999995,-21.5,38.3,59.8,3.884940744669869,473,0,81,32,False,observed_poll_filter,0.892827515202072,1.0002822549641053,32,0,1
2025-07-19,0.286,208.28,208.0,179.0,196.0,220.0,241.0,0.714,1.8639275565736948,2.0169295145041355,0.1530019579304407,7.5249999999999995,-21.5,38.3,59.8,3.8812194719696125,472,0,81,32,False,observed_poll_filter,0.9088679617534695,1.0002822549641053,32,0,0
2025-07-20,0.28,208.024,208.0,179.0,196.0,219.0,241.0,0.72,1.9671820895842436,2.117393384460345,0.15021129487610163,7.5249999999999995,-21.5,38.3,59.8,3.8770660220575426,471,0,81,33,False,observed_poll_filter,0.8816108627676623,0.9986195168296552,33,0,1
2025-07-21,0.2793333333333333,208.016,208.0,179.0,196.0,219.0,241.0,0.7206666666666667,1.9671820895842436,2.117393384460345,0.15021129487610163,7.5249999999999995,-21.5,38.3,59.8,3.873337183798113,470,0,81,33,False,observed_poll_filter,0.8978517212490835,0.9986195168296552,33,0,0
2025-07-22,0.2786666666666667,208.00733333333332,208.0,179.0,196.0,219.0,241.0,0.7213333333333334,1.969960603729434,2.1200968036286385,0.15013619989920457,7.5249999999999995,-21.5,38.3,59.8,3.869593576619192,469,0,81,34,False,observed_poll_filter,0.8742651815576037,0.9985762105180096,34,0,1
2025-07-23,0.2786666666666667,208.00733333333332,208.0,179.0,196.0,219.0,241.0,0.7213333333333334,1.969960603729434,2.1200968036286385,0.15013619989920457,7.5249999999999995,-21.5,38.3,59.8,3.86585753077018,468,0,81,34,False,observed_poll_filter,0.8906399989243408,0.9985762105180096,34,0,0
2025-07-24,0.2786666666666667,208.00266666666667,208.0,179.0,196.0,219.0,241.0,0.7213333333333334,1.969960603729434,2.1200968036286385,0.15013619989920457,7.5249999999999995,-21.5,38.3,59.8,3.862117870833633,467,0,81,34,False,observed_poll_filter,0.9067191448756058,0.9985762105180096,34,0,0
2025-07-25,0.2786666666666667,208.00066666666666,208.0,179.0,196.0,219.0,240.04999999999995,0.7213333333333334,1.969960603729434,2.1200968036286385,0.15013619989920457,7.5249999999999995,-21.5,38.3,59.8,3.8583745863008834,466,0,81,34,False,observed_poll_filter,0.9225180798683297,0.9985762105180096,34,0,0
2025-07-26,0.278,208.00533333333334,208.0,179.0,196.0,219.0,240.04999999999995,0.722,1.969960603729434,2.1200968036286385,0.15013619989920457,7.5249999999999995,-21.5,38.3,59.8,3.8546276666122385,465,0,81,34,False,observed_poll_filter,0.9380509621997889,0.9985762105180096,34,0,0
2025-07-27,0.2773333333333333,208.008,208.0,179.0,196.0,219.0,240.04999999999995,0.7226666666666667,1.969960603729434,2.1200968036286385,0.15013619989920457,7.5249999999999995,-21.5,38.3,59.8,3.850877101156633,464,0,81,34,False,observed_poll_filter,0.9533307965674611,0.9985762105180096,34,0,0
2025-07-28,0.25933333333333336,207.042,207.0,178.0,195.0,218.0,239.0,0.7406666666666667,2.347125481264065,2.487068035824496,0.13994255456043092,7.5249999999999995,-21.5,38.3,59.8,3.845782996581041,463,0,81,36,False,observed_poll_filter,0.8819677939240367,0.993401659346232,36,0,2
2025-07-29,0.25933333333333336,207.04733333333334,207.0,178.0,195.0,218.0,239.0,0.7406666666666667,2.347125481264065,2.487068035824496,0.13994255456043092,7.5249999999999995,-21.5,38.3,59.8,3.842023797010093,462,0,81,36,False,observed_poll_filter,0.8982021985718093,0.993401659346232,36,0,0
2025-07-30,0.25933333333333336,207.046,207.0,178.0,195.0,218.0,239.0,0.7406666666666667,2.347125481264065,2.487068035824496,0.13994255456043092,7.5249999999999995,-21.5,38.3,59.8,3.838260915674161,461,0,81,36,False,observed_poll_filter,0.9141483410908932,0.993401659346232,36,0,0
2025-07-31,0.25933333333333336,207.05133333333333,207.0,178.0,195.0,218.0,239.0,0.7406666666666667,2.347125481264065,2.487068035824496,0.13994255456043092,7.5249999999999995,-21.5,38.3,59.8,3.834494341734233,460,0,81,36,False,observed_poll_filter,0.9298210524177392,0.993401659346232,36,0,0
2025-08-01,0.25933333333333336,207.052,207.0,178.0,195.0,218.0,239.0,0.7406666666666667,2.347125481264065,2.487068035824496,0.13994255456043092,7.5249999999999995,-21.5,38.3,59.8,3.8307240642980083,459,0,81,36,False,observed_poll_filter,0.9452339337535614,0.993401659346232,36,0,0
2025-08-02,0.25933333333333336,207.05,207.0,178.0,195.0,218.0,239.0,0.7406666666666667,2.347125481264065,2.487068035824496,0.13994255456043092,7.5249999999999995,-21.5,38.3,59.8,3.8269500724195304,458,0,81,36,False,observed_poll_filter,0.9603994947516539,0.993401659346232,36,0,0
2025-08-03,0.25066666666666665,206.54866666666666,206.0,177.0,195.0,218.0,238.04999999999995,0.7493333333333333,2.540115762894881,2.674842363897722,0.13472660100284095,7.5249999999999995,-21.5,38.3,59.8,3.8226264455970527,457,0,81,37,False,observed_poll_filter,0.9391830358011898,0.991298614231834,37,0,1
2025-08-04,0.24,205.66733333333335,206.0,176.0,194.0,217.0,237.0,0.76,2.87755419420804,3.0031608376078225,0.12560664339978267,7.5249999999999995,-21.5,38.3,59.8,3.818123208290606,456,0,81,38,False,observed_poll_filter,0.9067080313169129,0.9885164812421435,38,0,1
2025-08-05,0.24,205.66666666666666,206.0,176.0,194.0,217.0,237.0,0.76,2.87755419420804,3.0031608376078225,0.12560664339978267,7.5249999999999995,-21.5,38.3,59.8,3.814336748857834,455,0,81,38,False,observed_poll_filter,0.9225071566413954,0.9885164812421435,38,0,0
2025-08-06,0.24,205.67066666666668,206.0,176.0,194.0,217.0,237.0,0.76,2.87755419420804,3.0031608376078225,0.12560664339978267,7.5249999999999995,-21.5,38.3,59.8,3.810546526902322,454,0,81,38,False,observed_poll_filter,0.9380402198491234,0.9885164812421435,38,0,0
2025-08-07,0.24,205.672,206.0,176.0,194.0,217.0,237.0,0.76,2.87755419420804,3.0031608376078225,0.12560664339978267,7.5249999999999995,-21.5,38.3,59.8,3.8067525311855186,453,0,81,38,False,observed_poll_filter,0.953320226395408,0.9885164812421435,38,0,0
2025-08-08,0.24,205.66933333333333,206.0,176.0,194.0,217.0,237.0,0.76,2.87755419420804,3.0031608376078225,0.12560664339978267,7.5249999999999995,-21.5,38.3,59.8,3.802954750412809,452,0,81,38,False,observed_poll_filter,0.9683591555071868,0.9885164812421435,38,0,0
2025-08-09,0.246,206.17133333333334,206.0,177.0,194.0,217.0,238.0,0.754,2.6868811689233407,2.817641137330818,0.13075996840747717,7.5249999999999995,-21.5,38.3,59.8,3.799525944736136,451,0,81,39,False,observed_poll_filter,0.9319095666294104,0.9899481828474792,39,0,1
2025-08-10,0.246,206.178,206.0,177.0,194.0,217.0,238.0,0.754,2.6868811689233407,2.817641137330818,0.13075996840747717,7.5249999999999995,-21.5,38.3,59.8,3.7957209334621833,450,0,81,39,False,observed_poll_filter,0.9472884673505825,0.9899481828474792,39,0,0
2025-08-11,0.24666666666666667,206.34533333333334,206.0,177.0,195.0,217.0,238.0,0.7533333333333333,2.6205765092754953,2.7531284955112927,0.13255198623579734,7.5249999999999995,-21.5,38.3,59.8,3.792064449805504,449,0,81,40,False,observed_poll_filter,0.9147917660270813,0.990531570157517,40,0,1
2025-08-12,0.246,206.34466666666665,206.0,177.0,195.0,217.0,238.0,0.754,2.6205765092754953,2.7531284955112927,0.13255198623579734,7.5249999999999995,-21.5,38.3,59.8,3.7882519440341764,448,0,81,40,False,observed_poll_filter,0.9304536394635395,0.990531570157517,40,0,0
2025-08-13,0.246,206.286,206.0,177.0,195.0,217.0,238.0,0.754,2.647138199153677,2.7789723018792536,0.1318341027255765,7.5249999999999995,-21.5,38.3,59.8,3.7843730506368987,447,0,81,41,False,observed_poll_filter,0.9121480547428779,0.9902925761545547,41,0,1
2025-08-14,0.246,206.28466666666668,206.0,177.0,195.0,217.0,238.0,0.754,2.647138199153677,2.7789723018792536,0.1318341027255765,7.5249999999999995,-21.5,38.3,59.8,3.780552788467161,446,0,81,41,False,observed_poll_filter,0.927854554211605,0.9902925761545547,41,0,0
2025-08-15,0.24533333333333332,206.28,206.0,177.0,195.0,217.0,238.0,0.7546666666666667,2.647138199153677,2.7789723018792536,0.1318341027255765,7.5249999999999995,-21.5,38.3,59.8,3.7767286620019216,445,0,81,41,False,observed_poll_filter,0.9432995673545156,0.9902925761545547,41,0,0
2025-08-16,0.24533333333333332,206.284,206.0,177.0,195.0,217.0,238.0,0.7546666666666667,2.647138199153677,2.7789723018792536,0.1318341027255765,7.5249999999999995,-21.5,38.3,59.8,3.7729006594908943,444,0,81,41,False,observed_poll_filter,0.9584957348737742,0.9902925761545547,41,0,0
2025-08-17,0.24533333333333332,206.28,206.0,177.0,195.0,217.0,237.04999999999995,0.7546666666666667,2.647138199153677,2.7789723018792536,0.1318341027255765,7.5249999999999995,-21.5,38.3,59.8,3.7690687691241225,443,0,81,41,False,observed_poll_filter,0.9734547106934233,0.9902925761545547,41,0,0
2025-08-18,0.23866666666666667,205.67266666666666,206.0,176.95,194.0,217.0,237.0,0.7613333333333333,2.877733524810825,3.0033353214375595,0.12560179662673443,7.5249999999999995,-21.5,38.3,59.8,3.764765930555579,442,0,81,42,False,observed_poll_filter,0.9385145301759346,0.9885153068476032,42,0,1
2025-08-19,0.23866666666666667,205.678,206.0,176.95,194.0,217.0,237.0,0.7613333333333333,2.877733524810825,3.0033353214375595,0.12560179662673443,7.5249999999999995,-21.5,38.3,59.8,3.760925751975438,441,0,81,42,False,observed_poll_filter,0.9537869381320732,0.9885153068476032,42,0,0
2025-08-20,0.23866666666666667,205.676,206.0,177.0,194.0,217.0,237.0,0.7613333333333333,2.877733524810825,3.0033353214375595,0.12560179662673443,7.5249999999999995,-21.5,38.3,59.8,3.757081648283946,440,0,81,42,False,observed_poll_filter,0.9688186225250603,0.9885153068476032,42,0,0
2025-08-21,0.24866666666666667,206.55733333333333,206.0,178.0,195.0,217.0,238.0,0.7513333333333333,2.5412705173586803,2.6759659087814187,0.13469539142273845,7.5249999999999995,-21.5,38.3,59.8,3.7539645989171437,439,0,81,43,False,observed_poll_filter,0.9243315674341479,0.9912871480671736,43,0,1
2025-08-22,0.24866666666666667,206.55333333333334,206.0,178.0,195.0,217.0,238.0,0.7513333333333333,2.5412705173586803,2.6759659087814187,0.13469539142273845,7.5249999999999995,-21.5,38.3,59.8,3.7501133596097,438,0,81,43,False,observed_poll_filter,0.9398344782754402,0.9912871480671736,43,0,0
2025-08-23,0.248,206.55066666666667,206.0,178.0,195.0,217.0,238.0,0.752,2.5412705173586803,2.6759659087814187,0.13469539142273845,7.5249999999999995,-21.5,38.3,59.8,3.746258161142015,437,0,81,43,False,observed_poll_filter,0.9550857796843533,0.9912871480671736,43,0,0
2025-08-24,0.24333333333333335,206.26333333333332,206.0,178.0,195.0,217.0,237.0,0.7566666666666667,2.6480958832566537,2.7799041026280955,0.13180821937144183,7.5249999999999995,-21.5,38.3,59.8,3.7421334264390667,436,0,81,44,False,observed_poll_filter,0.93390108103299,0.9902840911943337,44,0,1
2025-08-25,0.24466666666666667,206.43,206.0,178.0,195.0,217.0,237.0,0.7553333333333333,2.589978160735363,2.723357129364137,0.13337896862877408,7.5249999999999995,-21.5,38.3,59.8,3.738410843041732,435,0,81,45,False,observed_poll_filter,0.9056865076550802,0.9908156394466082,45,0,1
2025-08-26,0.25,206.884,206.0,179.0,195.75,217.25,238.0,0.75,2.4172674900407753,2.555314314634268,0.1380468245934927,7.5249999999999995,-21.5,38.3,59.8,3.7350158883342357,434,0,81,46,False,observed_poll_filter,0.8902482473916654,0.9925944217600554,46,0,1
2025-08-27,0.25,206.88333333333333,206.0,179.0,195.75,217.25,238.0,0.75,2.4172674900407753,2.555314314634268,0.1380468245934927,7.5249999999999995,-21.5,38.3,59.8,3.7311450904660863,433,0,81,46,False,observed_poll_filter,0.9063343433766217,0.9925944217600554,46,0,0
2025-08-28,0.25,206.88333333333333,206.0,179.0,195.75,217.25,238.0,0.75,2.4172674900407753,2.555314314634268,0.1380468245934927,7.5249999999999995,-21.5,38.3,59.8,3.7272702727477625,432,0,81,46,False,observed_poll_filter,0.9221398711605154,0.9925944217600554,46,0,0
2025-08-29,0.25,206.876,206.0,179.0,195.75,217.25,238.0,0.75,2.4172674900407753,2.555314314634268,0.1380468245934927,7.5249999999999995,-21.5,38.3,59.8,3.723391422629265,431,0,81,46,False,observed_poll_filter,0.9376790186326727,0.9925944217600554,46,0,0
2025-08-30,0.25,206.86733333333333,206.0,179.0,196.0,217.25,238.0,0.75,2.4172674900407753,2.555314314634268,0.1380468245934927,7.5249999999999995,-21.5,38.3,59.8,3.719508527495156,430,0,81,46,False,observed_poll_filter,0.9529648167607931,0.9925944217600554,46,0,0
2025-08-31,0.25,206.87,206.0,179.0,196.0,217.25,238.0,0.75,2.4172674900407753,2.555314314634268,0.1380468245934927,7.5249999999999995,-21.5,38.3,59.8,3.7156215746640804,429,0,81,46,False,observed_poll_filter,0.9680092675093209,0.9925944217600554,46,0,0
2025-09-01,0.24533333333333332,206.55933333333334,206.0,178.0,195.0,217.0,237.0,0.7546666666666667,2.534388148416244,2.6692695498103998,0.13488140139415572,7.5249999999999995,-21.5,38.3,59.8,3.7113994788190015,428,0,81,47,False,observed_poll_filter,0.9457606370705738,0.9913556835858435,47,0,1
2025-09-02,0.23866666666666667,205.93,206.0,177.95,194.0,217.0,237.0,0.7613333333333333,2.7756967078068344,2.9040562562444876,0.12835954843765318,7.5249999999999995,-21.5,38.3,59.8,3.706937756047421,427,0,81,49,False,observed_poll_filter,0.8782563559908657,0.9892358299262558,49,0,2
2025-09-03,0.23866666666666667,205.896,206.0,177.95,194.0,217.0,237.0,0.7613333333333333,2.7948901502576797,2.9227309570074724,0.1278408067497927,7.5249999999999995,-21.5,38.3,59.8,3.7029992677422827,426,0,81,50,False,observed_poll_filter,0.8554290519004275,0.9890922994846743,50,0,1
2025-09-04,0.23866666666666667,205.892,206.0,177.95,194.0,217.0,237.0,0.7613333333333333,2.7948901502576797,2.9227309570074724,0.1278408067497927,7.5249999999999995,-21.5,38.3,59.8,3.6990949672723845,425,0,81,50,False,observed_poll_filter,0.8721575905965987,0.9890922994846743,50,0,0
2025-09-05,0.23866666666666667,205.894,206.0,177.95,194.0,217.0,237.0,0.7613333333333333,2.7948901502576797,2.9227309570074724,0.1278408067497927,7.5249999999999995,-21.5,38.3,59.8,3.695186541556445,424,0,81,50,False,observed_poll_filter,0.8885712480354427,0.9890922994846743,50,0,0
2025-09-06,0.238,205.88866666666667,206.0,178.0,194.0,217.0,237.0,0.762,2.7948901502576797,2.9227309570074724,0.1278408067497927,7.5249999999999995,-21.5,38.3,59.8,3.6912739774906824,423,0,81,50,False,observed_poll_filter,0.9046871629658865,0.9890922994846743,50,0,0
2025-09-07,0.23,205.52666666666667,205.0,177.0,194.0,217.0,236.0,0.77,2.935201594723414,3.0592502002714297,0.12404860554801589,7.5249999999999995,-21.5,38.3,59.8,3.687106127379797,422,0,81,51,False,observed_poll_filter,0.8652748208456238,0.988155653002927,51,0,1
2025-09-08,0.22866666666666666,205.29866666666666,205.0,177.0,194.0,216.0,236.0,0.7713333333333333,3.023402220234966,3.1450670250934807,0.1216648048585145,7.5249999999999995,-21.5,38.3,59.8,3.6830542999390636,421,0,81,52,False,observed_poll_filter,0.8445054181058849,0.9876684546443838,52,0,1
2025-09-09,0.228,205.30066666666667,205.0,177.0,194.0,216.0,236.0,0.772,3.023402220234966,3.1450670250934807,0.1216648048585145,7.5249999999999995,-21.5,38.3,59.8,3.6791288338816877,420,0,81,52,False,observed_poll_filter,0.8614461104504422,0.9876684546443838,52,0,0
2025-09-10,0.228,205.296,205.0,177.0,194.0,216.0,236.0,0.772,3.023402220234966,3.1450670250934807,0.1216648048585145,7.5249999999999995,-21.5,38.3,59.8,3.6751991750515542,419,0,81,52,False,observed_poll_filter,0.878060021416643,0.9876684546443838,52,0,0
2025-09-11,0.228,205.298,205.0,177.0,194.0,216.0,235.04999999999995,0.772,3.023402220234966,3.1450670250934807,0.1216648048585145,7.5249999999999995,-21.5,38.3,59.8,3.67126530998505,418,0,81,52,False,observed_poll_filter,0.8943653622598515,0.9876684546443838,52,0,0
2025-09-12,0.228,205.296,205.0,177.0,194.0,216.0,235.04999999999995,0.772,3.023402220234966,3.1450670250934807,0.1216648048585145,7.5249999999999995,-21.5,38.3,59.8,3.66732722514635,417,0,81,52,False,observed_poll_filter,0.910378713069564,0.9876684546443838,52,0,0
2025-09-13,0.22933333333333333,205.57933333333332,206.0,177.95,194.0,216.0,236.0,0.7706666666666667,2.912731328242157,3.0373872382896665,0.12465591004750953,7.5249999999999995,-21.5,38.3,59.8,3.6635531526425456,416,0,81,53,False,observed_poll_filter,0.8746077531948305,0.9882923161884515,53,0,1
2025-09-14,0.22933333333333333,205.574,206.0,178.0,194.0,216.0,236.0,0.7706666666666667,2.912731328242157,3.0373872382896665,0.12465591004750953,7.5249999999999995,-21.5,38.3,59.8,3.6596067687986826,415,0,81,53,False,observed_poll_filter,0.8909762746271697,0.9882923161884515,53,0,0
2025-09-15,0.232,205.768,206.0,178.0,194.75,217.0,236.0,0.768,2.8357118406611637,2.9624493584811322,0.12673751781996856,7.5249999999999995,-21.5,38.3,59.8,3.655793231931891,414,0,81,54,False,observed_poll_filter,0.867936131165244,0.988799350039744,54,0,1
2025-09-16,0.218,204.93333333333334,205.0,176.0,194.0,216.0,235.0,0.782,3.1644511761702576,3.282303847084575,0.1178526709143175,7.5249999999999995,-21.5,38.3,59.8,3.651365898881763,413,0,81,55,False,observed_poll_filter,0.8558156084050749,0.9870526467806178,55,0,1
2025-09-17,0.21733333333333332,204.936,205.0,176.0,194.0,216.0,235.0,0.7826666666666666,3.1644511761702576,3.282303847084575,0.1178526709143175,7.5249999999999995,-21.5,38.3,59.8,3.6474063288200593,412,0,81,55,False,observed_poll_filter,0.8725367359542797,0.9870526467806178,55,0,0
2025-09-18,0.21733333333333332,204.938,205.0,176.0,194.0,216.0,235.0,0.7826666666666666,3.1644511761702576,3.282303847084575,0.1178526709143175,7.5249999999999995,-21.5,38.3,59.8,3.643442455634043,411,0,81,55,False,observed_poll_filter,0.888943392792673,0.9870526467806178,55,0,0
2025-09-19,0.21733333333333332,204.93733333333333,205.0,176.95,194.0,216.0,235.0,0.7826666666666666,3.1644511761702576,3.282303847084575,0.1178526709143175,7.5249999999999995,-21.5,38.3,59.8,3.639474265263683,410,0,81,55,False,observed_poll_filter,0.9050526811129551,0.9870526467806178,55,0,0
2025-09-20,0.21666666666666667,204.93733333333333,205.0,176.95,194.0,216.0,235.0,0.7833333333333333,3.1644511761702576,3.282303847084575,0.1178526709143175,7.5249999999999995,-21.5,38.3,59.8,3.6355017435722163,409,0,81,55,False,observed_poll_filter,0.9208802069703467,0.9870526467806178,55,0,0
2025-09-21,0.216,204.94133333333335,205.0,177.0,194.0,215.0,235.0,0.784,3.1644511761702576,3.282303847084575,0.1178526709143175,7.5249999999999995,-21.5,38.3,59.8,3.6315248763455585,408,0,81,55,False,observed_poll_filter,0.9364402573521434,0.9870526467806178,55,0,0
2025-09-22,0.21733333333333332,204.97733333333332,205.0,177.0,194.0,216.0,235.0,0.7826666666666666,3.1495171131182453,3.267773407358293,0.11825629424004758,7.5249999999999995,-21.5,38.3,59.8,3.6275587999309375,407,0,81,56,False,observed_poll_filter,0.907502849834152,0.9871083258469576,56,0,1
2025-09-23,0.21666666666666667,204.98,205.0,177.0,194.0,215.25,235.0,0.7833333333333333,3.1495171131182453,3.267773407358293,0.11825629424004758,7.5249999999999995,-21.5,38.3,59.8,3.6235732153437143,406,0,81,56,False,observed_poll_filter,0.9232883744838919,0.9871083258469576,56,0,0
2025-09-24,0.236,206.10266666666666,206.0,178.0,195.0,217.0,236.0,0.764,2.702907491016393,2.8332343155835176,0.13032682456712452,7.5249999999999995,-21.5,38.3,59.8,3.620321993125231,405,0,81,57,False,observed_poll_filter,0.886848977863065,0.9898137874904768,57,0,1
2025-09-25,0.236,206.09866666666667,206.0,178.95,195.0,217.0,236.0,0.764,2.702907491016393,2.8332343155835176,0.13032682456712452,7.5249999999999995,-21.5,38.3,59.8,3.6163284328039462,404,0,81,57,False,observed_poll_filter,0.9029956309621676,0.9898137874904768,57,0,0
2025-09-26,0.236,206.09866666666667,206.0,179.0,195.0,217.0,236.0,0.764,2.702907491016393,2.8332343155835176,0.13032682456712452,7.5249999999999995,-21.5,38.3,59.8,3.6123304574618094,403,0,81,57,False,observed_poll_filter,0.9188585906094383,0.9898137874904768,57,0,0
2025-09-27,0.24,206.25466666666668,206.0,179.0,195.0,217.0,236.0,0.76,2.6437442896150243,2.775670119625429,0.1319258300104047,7.5249999999999995,-21.5,38.3,59.8,3.608467692697807,402,0,81,58,False,observed_poll_filter,0.8942619419152876,0.9903227197453537,58,0,1
2025-09-28,0.23866666666666667,206.25,206.0,179.0,195.0,217.0,236.0,0.7613333333333333,2.6437442896150243,2.775670119625429,0.1319258300104047,7.5249999999999995,-21.5,38.3,59.8,3.6044609984356657,401,0,81,58,False,observed_poll_filter,0.9102771120697813,0.9903227197453537,58,0,0
2025-09-29,0.23266666666666666,205.948,206.0,178.0,195.0,217.0,236.0,0.7673333333333333,2.7657582040056825,2.8943863606541775,0.12862815664849503,7.5249999999999995,-21.5,38.3,59.8,3.600171864511585,400,0,81,60,False,observed_poll_filter,0.8521563669363298,0.9893116061286352,60,0,2
2025-09-30,0.23266666666666666,205.94333333333333,206.0,178.0,195.0,217.0,236.0,0.7673333333333333,2.7657582040056825,2.8943863606541775,0.12862815664849503,7.5249999999999995,-21.5,38.3,59.8,3.596155927378681,399,0,81,60,False,observed_poll_filter,0.8689479119660307,0.9893116061286352,60,0,0
2025-10-01,0.23266666666666666,205.94466666666668,206.0,178.0,195.0,217.0,236.0,0.7673333333333333,2.7657582040056825,2.8943863606541775,0.12862815664849503,7.5249999999999995,-21.5,38.3,59.8,3.5921355005095257,398,0,81,60,False,observed_poll_filter,0.8854210714175063,0.9893116061286352,60,0,0
2025-10-02,0.23266666666666666,205.94733333333335,206.0,178.0,195.0,217.0,235.04999999999995,0.7673333333333333,2.7657582040056825,2.8943863606541775,0.12862815664849503,7.5249999999999995,-21.5,38.3,59.8,3.5881105688120623,397,0,81,60,False,observed_poll_filter,0.9015932972854915,0.9893116061286352,60,0,0
2025-10-03,0.23266666666666666,205.94466666666668,206.0,178.0,195.0,217.0,235.04999999999995,0.7673333333333333,2.7657582040056825,2.8943863606541775,0.12862815664849503,7.5249999999999995,-21.5,38.3,59.8,3.5840811171094917,396,0,81,60,False,observed_poll_filter,0.917480503177111,0.9893116061286352,60,0,0
2025-10-04,0.23266666666666666,205.94666666666666,206.0,178.0,195.0,217.0,235.0,0.7673333333333333,2.7657582040056825,2.8943863606541775,0.12862815664849503,7.5249999999999995,-21.5,38.3,59.8,3.580047130139605,395,0,81,60,False,observed_poll_filter,0.9330972477240113,0.9893116061286352,60,0,0
2025-10-05,0.232,205.86666666666667,206.0,178.0,195.0,217.0,235.0,0.768,2.7945053096205186,2.9223565174686126,0.127851207848094,7.5249999999999995,-21.5,38.3,59.8,3.575948712985087,394,0,81,61,False,observed_poll_filter,0.8883532673363211,0.9890951409746684,61,0,1
2025-10-06,0.224,205.38933333333333,205.0,178.0,194.0,216.0,235.0,0.776,2.9861518194061802,3.108823391854662,0.12267157244848192,7.5249999999999995,-21.5,38.3,59.8,3.5715649996311516,393,0,81,62,False,observed_poll_filter,0.864283046314316,0.9878646398116827,62,0,1
2025-10-07,0.224,205.39066666666668,205.0,178.0,194.0,216.0,235.0,0.776,2.9861518194061802,3.108823391854662,0.12267157244848192,7.5249999999999995,-21.5,38.3,59.8,3.567516860028873,392,0,81,62,False,observed_poll_filter,0.880843450419173,0.9878646398116827,62,0,0
2025-10-08,0.232,205.97266666666667,206.0,179.0,195.0,217.0,235.0,0.768,2.7550952626476044,2.884011606900372,0.12891634425276743,7.5249999999999995,-21.5,38.3,59.8,3.5638883969646065,391,0,81,64,False,observed_poll_filter,0.8320330062293227,0.9893940094921485,64,0,2
2025-10-09,0.232,205.97133333333332,206.0,179.0,195.0,217.0,235.0,0.768,2.7550952626476044,2.884011606900372,0.12891634425276743,7.5249999999999995,-21.5,38.3,59.8,3.559831527757873,390,0,81,64,False,observed_poll_filter,0.8492225405952225,0.9893940094921485,64,0,0
2025-10-10,0.232,205.96933333333334,206.0,179.0,195.0,217.0,235.0,0.768,2.7550952626476044,2.884011606900372,0.12891634425276743,7.5249999999999995,-21.5,38.3,59.8,3.555770029968045,389,0,81,64,False,observed_poll_filter,0.8660709690637393,0.9893940094921485,64,0,0
2025-10-11,0.232,205.96933333333334,206.0,179.0,195.0,217.0,235.0,0.768,2.7550952626476044,2.884011606900372,0.12891634425276743,7.5249999999999995,-21.5,38.3,59.8,3.5517038877162816,388,0,81,64,False,observed_poll_filter,0.8825978265637212,0.9893940094921485,64,0,0
2025-10-12,0.23266666666666666,206.15666666666667,206.0,179.0,195.0,217.0,235.0,0.7673333333333333,2.682548674630794,2.8134257374786107,0.13087706284781664,7.5249999999999995,-21.5,38.3,59.8,3.5477979389093086,387,0,81,66,False,observed_poll_filter,0.8230663864411045,0.9899849571226506,66,0,2
2025-10-13,0.232,206.09066666666666,206.0,179.0,195.0,217.0,235.0,0.768,2.706382509297951,2.8366154144520603,0.13023290515410935,7.5249999999999995,-21.5,38.3,59.8,3.5436667900543086,386,0,81,67,False,observed_poll_filter,0.808274280689812,0.9897849862135747,67,0,1
2025-10-14,0.23666666666666666,206.33933333333334,206.0,179.0,196.0,217.0,235.0,0.7633333333333333,2.6137520149214355,2.746488446950586,0.13273643202915064,7.5249999999999995,-21.5,38.3,59.8,3.5398130885508734,385,0,81,68,False,observed_poll_filter,0.8032271663775864,0.990594115607432,68,0,1
2025-10-15,0.236,206.33466666666666,206.0,179.0,196.0,217.0,235.0,0.764,2.6137520149214355,2.746488446950586,0.13273643202915064,7.5249999999999995,-21.5,38.3,59.8,3.5357285956187408,384,0,81,68,False,observed_poll_filter,0.8210200246077844,0.990594115607432,68,0,0
2025-10-16,0.23533333333333334,206.34,206.0,179.0,196.0,217.0,235.0,0.7646666666666667,2.6137520149214355,2.746488446950586,0.13273643202915064,7.5249999999999995,-21.5,38.3,59.8,3.531639378797908,383,0,81,68,False,observed_poll_filter,0.8384353766432849,0.990594115607432,68,0,0
2025-10-17,0.23533333333333334,206.33466666666666,206.0,179.0,196.0,217.0,235.0,0.7646666666666667,2.6137520149214355,2.746488446950586,0.13273643202915064,7.5249999999999995,-21.5,38.3,59.8,3.5275454216602333,382,0,81,68,False,observed_poll_filter,0.855496277494512,0.990594115607432,68,0,0
2025-10-18,0.23533333333333334,206.332,206.0,179.0,196.0,217.0,235.0,0.7646666666666667,2.6137520149214355,2.746488446950586,0.13273643202915064,7.5249999999999995,-21.5,38.3,59.8,3.5234467076821345,381,0,81,68,False,observed_poll_filter,0.8722235268593522,0.990594115607432,68,0,0
2025-10-19,0.23266666666666666,206.22666666666666,206.0,179.0,196.0,217.0,235.0,0.7673333333333333,2.6559964082789635,2.7875910999471,0.1315946916681363,7.5249999999999995,-21.5,38.3,59.8,3.5192363724815667,380,0,81,69,False,observed_poll_filter,0.838633606491091,0.99021444414693,69,0,1
2025-10-20,0.21066666666666667,204.73333333333332,204.0,178.0,194.0,215.0,233.0,0.7893333333333333,3.248843182038907,3.3644149879297474,0.11557180589084037,7.5249999999999995,-21.5,38.3,59.8,3.5141621474903575,379,0,81,71,False,observed_poll_filter,0.7941423779599119,0.9867804207897708,71,0,2
2025-10-21,0.20933333333333334,204.73266666666666,204.5,178.0,194.0,215.0,233.0,0.7906666666666666,3.248843182038907,3.3644149879297474,0.11557180589084037,7.5249999999999995,-21.5,38.3,59.8,3.5100478057790094,378,0,81,71,False,observed_poll_filter,0.8121342970665772,0.9867804207897708,71,0,0
2025-10-22,0.20933333333333334,204.73066666666668,204.5,178.0,194.0,215.0,233.0,0.7906666666666666,3.248843182038907,3.3644149879297474,0.11557180589084037,7.5249999999999995,-21.5,38.3,59.8,3.5059286357331976,377,0,81,71,False,observed_poll_filter,0.8297361728114688,0.9867804207897708,71,0,0
2025-10-23,0.20933333333333334,204.734,204.5,178.0,194.0,215.0,233.0,0.7906666666666666,3.248843182038907,3.3644149879297474,0.11557180589084037,7.5249999999999995,-21.5,38.3,59.8,3.501804620314223,376,0,81,71,False,observed_poll_filter,0.8469723233210302,0.9867804207897708,71,0,0
2025-10-24,0.20933333333333334,204.73933333333332,204.5,178.0,194.0,215.0,233.0,0.7906666666666666,3.248843182038907,3.3644149879297474,0.11557180589084037,7.5249999999999995,-21.5,38.3,59.8,3.4976757423829383,375,0,81,71,False,observed_poll_filter,0.8638646401328299,0.9867804207897708,71,0,0
2025-10-25,0.20866666666666667,204.73866666666666,204.5,178.0,194.0,215.0,233.0,0.7913333333333333,3.248843182038907,3.3644149879297474,0.11557180589084037,7.5249999999999995,-21.5,38.3,59.8,3.4935419846989157,374,0,81,71,False,observed_poll_filter,0.8804329142369813,0.9867804207897708,71,0,0
2025-10-26,0.20933333333333334,204.81333333333333,205.0,178.0,194.0,215.0,233.0,0.7906666666666666,3.2211703420008972,3.3374900624873596,0.11631972048646233,7.5249999999999995,-21.5,38.3,59.8,3.4894263278630446,373,0,81,72,False,observed_poll_filter,0.8453671585621243,0.9868617418786542,72,0,1
2025-10-27,0.206,204.56933333333333,204.0,178.0,194.0,215.0,233.0,0.794,3.3162819195590103,3.430031056868226,0.11374913730921588,7.5249999999999995,-21.5,38.3,59.8,3.4852128493599936,372,0,81,74,False,observed_poll_filter,0.8011432830915606,0.986614719809107,74,0,2
2025-10-28,0.202,204.27333333333334,204.0,177.0,194.0,215.0,232.04999999999995,0.798,3.4255978330393506,3.5363924862004494,0.11079465316109882,7.5249999999999995,-21.5,38.3,59.8,3.4810159121843927,371,0,81,76,False,observed_poll_filter,0.7601297038587604,0.9864440079806546,76,0,2
2025-10-29,0.21133333333333335,205.06066666666666,205.0,178.0,194.0,215.0,233.0,0.7886666666666666,3.1154858411881223,3.234661899534389,0.11917605834626688,7.5249999999999995,-21.5,38.3,59.8,3.477089298743368,370,0,81,78,False,observed_poll_filter,0.7188972720386835,0.987243633271771,78,0,2
2025-10-30,0.20933333333333334,204.87533333333334,205.0,178.0,194.0,215.0,233.0,0.7906666666666666,3.1951275118126072,3.3121510925744286,0.1170235807618214,7.5249999999999995,-21.5,38.3,59.8,3.4728462579788357,369,0,81,79,False,observed_poll_filter,0.7229459422620411,0.9869453538862233,79,0,1
2025-10-31,0.208,204.87133333333333,205.0,178.0,194.0,215.0,233.0,0.792,3.1951275118126072,3.3121510925744286,0.1170235807618214,7.5249999999999995,-21.5,38.3,59.8,3.468682910206352,368,0,81,79,False,observed_poll_filter,0.7426646857318251,0.9869453538862233,79,0,0
2025-11-01,0.208,204.86933333333334,205.0,178.0,194.0,215.0,233.0,0.792,3.1951275118126072,3.3121510925744286,0.1170235807618214,7.5249999999999995,-21.5,38.3,59.8,3.46451455929364,367,0,81,79,False,observed_poll_filter,0.7618732410533596,0.9869453538862233,79,0,0
2025-11-02,0.208,204.90666666666667,205.0,178.0,194.0,215.0,233.0,0.792,3.178227771533984,3.2957081020330654,0.11748033049908146,7.5249999999999995,-21.5,38.3,59.8,3.460357710231318,366,0,81,80,False,observed_poll_filter,0.746040046696895,0.9870032840661301,80,0,1
2025-11-03,0.208,204.93133333333333,205.0,178.0,194.0,215.0,233.0,0.792,3.166947069307454,3.284732283650496,0.11778521434304201,7.5249999999999995,-21.5,38.3,59.8,3.456190821118642,365,0,81,81,False,observed_poll_filter,0.7405530374772382,0.987043561341012,81,0,1
2025-11-04,0.208,204.848,205.0,178.0,194.0,215.0,233.0,0.792,3.205538372182006,3.322280578339249,0.11674220615724318,7.5249999999999995,-21.5,38.3,59.8,3.4519695146813585,364,0,81,82,False,observed_poll_filter,0.7420070219496917,0.9869111055659746,82,0,1
2025-11-05,0.208,204.848,205.0,178.0,194.0,215.0,233.0,0.792,3.205538372182006,3.322280578339249,0.11674220615724318,7.5249999999999995,-21.5,38.3,59.8,3.447780957411514,363,0,81,82,False,observed_poll_filter,0.7612321726140129,0.9869111055659746,82,0,0
2025-11-06,0.202,204.38933333333333,204.0,178.0,194.0,215.0,232.0,0.798,3.391135680924984,3.5028617436026876,0.11172606267770346,7.5249999999999995,-21.5,38.3,59.8,3.4434651398746854,362,0,81,83,False,observed_poll_filter,0.7536368820160346,0.9864847538265288,83,0,1
2025-11-07,0.202,204.386,204.0,178.0,194.0,215.0,232.0,0.798,3.391135680924984,3.5028617436026876,0.11172606267770346,7.5249999999999995,-21.5,38.3,59.8,3.4392662254516133,361,0,81,83,False,observed_poll_filter,0.7725726826227101,0.9864847538265288,83,0,0
2025-11-08,0.202,204.38666666666666,204.0,178.0,194.0,215.0,232.0,0.798,3.391135680924984,3.5028617436026876,0.11172606267770346,7.5249999999999995,-21.5,38.3,59.8,3.4350621784084474,360,0,81,83,False,observed_poll_filter,0.7910553393630883,0.9864847538265288,83,0,0
2025-11-09,0.19266666666666668,204.018,204.0,177.0,193.0,214.0,232.0,0.8073333333333333,3.5398388092834394,3.6475458684919952,0.10770705920855583,7.5249999999999995,-21.5,38.3,59.8,3.430826864324834,359,0,81,84,False,observed_poll_filter,0.7708172579586494,0.9863939238321437,84,0,1
2025-11-10,0.18266666666666667,203.44466666666668,203.0,177.0,193.0,214.0,231.0,0.8173333333333334,3.774819716654522,3.876175940528724,0.10135622387420229,7.5249999999999995,-21.5,38.3,59.8,3.4266124632022477,358,0,81,85,False,observed_poll_filter,0.7620676129933237,0.9863939238321437,85,0,1
2025-11-11,0.18266666666666667,203.438,203.0,177.0,193.0,214.0,231.0,0.8173333333333334,3.774819716654522,3.876175940528724,0.10135622387420229,7.5249999999999995,-21.5,38.3,59.8,3.4223928723881154,357,0,81,85,False,observed_poll_filter,0.780798979746607,0.9863939238321437,85,0,0
2025-11-12,0.18266666666666667,203.47333333333333,203.0,177.0,193.0,214.0,231.0,0.8173333333333334,3.7617906682429934,3.8634990285607507,0.10170836031775732,7.5249999999999995,-21.5,38.3,59.8,3.418168072663042,356,0,81,88,False,observed_poll_filter,0.7438970976817104,0.9863939238321437,88,0,3
2025-11-13,0.15666666666666668,202.014,202.0,175.0,192.0,212.0,229.04999999999995,0.8433333333333334,4.345498481368587,4.431430954845112,0.08593247347652522,7.5249999999999995,-21.5,38.3,59.8,3.4139380446887104,355,0,81,89,False,observed_poll_filter,0.7410029556609344,0.9863939238321437,89,0,1
2025-11-14,0.156,202.01733333333334,202.0,175.0,192.0,212.0,229.04999999999995,0.844,4.345498481368587,4.431430954845112,0.08593247347652522,7.5249999999999995,-21.5,38.3,59.8,3.4097027690068495,354,0,81,89,False,observed_poll_filter,0.7602534973929689,0.9863939238321437,89,0,0
2025-11-15,0.156,202.01866666666666,202.0,175.0,192.0,212.0,229.04999999999995,0.844,4.345498481368587,4.431430954845112,0.08593247347652522,7.5249999999999995,-21.5,38.3,59.8,3.4054622260381886,353,0,81,89,False,observed_poll_filter,0.7790284849081199,0.9863939238321437,89,0,0
2025-11-16,0.16866666666666666,202.54333333333332,202.0,176.0,192.0,213.0,230.0,0.8313333333333334,4.134400413016564,4.226038239691793,0.09163782667522824,7.5249999999999995,-21.5,38.3,59.8,3.4012163960814044,352,0,81,90,False,observed_poll_filter,0.760633832600405,0.9863939238321437,90,0,1
2025-11-17,0.17,202.72933333333333,203.0,176.0,192.0,213.0,230.0,0.83,4.063565487829223,4.157117771941947,0.09355228411272432,7.5249999999999995,-21.5,38.3,59.8,3.396965259312049,351,0,81,91,False,observed_poll_filter,0.7546735711815332,0.9863939238321437,91,0,1
2025-11-18,0.17,202.73066666666668,203.0,176.0,192.0,213.0,230.0,0.83,4.063565487829223,4.157117771941947,0.09355228411272432,7.5249999999999995,-21.5,38.3,59.8,3.3927087957814734,350,0,81,91,False,observed_poll_filter,0.7735839961115333,0.9863939238321437,91,0,0
2025-11-19,0.17,202.73,203.0,176.0,192.0,213.0,230.0,0.83,4.063565487829223,4.157117771941947,0.09355228411272432,7.5249999999999995,-21.5,38.3,59.8,3.388446985415734,349,0,81,91,False,observed_poll_filter,0.7920430537792051,0.9863939238321437,91,0,0
2025-11-20,0.16933333333333334,202.732,203.0,176.0,192.0,213.0,230.0,0.8306666666666667,4.063565487829223,4.157117771941947,0.09355228411272432,7.5249999999999995,-21.5,38.3,59.8,3.384179808014488,348,0,81,91,False,observed_poll_filter,0.8100816002353645,0.9863939238321437,91,0,0
2025-11-21,0.16933333333333334,202.73533333333333,203.0,176.0,192.0,213.0,230.0,0.8306666666666667,4.063565487829223,4.157117771941947,0.09355228411272432,7.5249999999999995,-21.5,38.3,59.8,3.3799072432498756,347,0,81,91,False,observed_poll_filter,0.8277271283701464,0.9863939238321437,91,0,0
2025-11-22,0.16933333333333334,202.73466666666667,203.0,176.0,192.0,213.0,230.0,0.8306666666666667,4.063565487829223,4.157117771941947,0.09355228411272432,7.5249999999999995,-21.5,38.3,59.8,3.375629270665393,346,0,81,91,False,observed_poll_filter,0.8450042597761794,0.9863939238321437,91,0,0
2025-11-23,0.18066666666666667,203.49066666666667,203.0,177.0,193.0,213.0,231.0,0.8193333333333334,3.764579926767514,3.8662129017197437,0.10163297495222956,7.5249999999999995,-21.5,38.3,59.8,3.3713458696747467,345,0,81,93,False,observed_poll_filter,0.7740598033427033,0.9863939238321437,93,0,2
2025-11-24,0.17733333333333334,203.27466666666666,203.0,177.0,193.0,213.0,230.04999999999995,0.8226666666666667,3.849555432455902,3.9488917721192562,0.09933633966335442,7.5249999999999995,-21.5,38.3,59.8,3.3670570195606984,344,0,81,94,False,observed_poll_filter,0.7647668520356364,0.9863939238321437,94,0,1
2025-11-25,0.17733333333333334,203.26066666666668,203.0,177.0,193.0,213.0,230.04999999999995,0.8226666666666667,3.855718159643794,3.954887939112881,0.0991697794690869,7.5249999999999995,-21.5,38.3,59.8,3.362762699473898,343,0,81,95,False,observed_poll_filter,0.7672198347178344,0.9863939238321437,95,0,1
2025-11-26,0.17733333333333334,203.26066666666668,203.0,177.0,193.0,213.0,230.04999999999995,0.8226666666666667,3.855718159643794,3.954887939112881,0.0991697794690869,7.5249999999999995,-21.5,38.3,59.8,3.358462888431697,342,0,81,95,False,observed_poll_filter,0.785828400342251,0.9863939238321437,95,0,0
2025-11-27,0.17733333333333334,203.262,203.0,177.0,193.0,213.0,230.04999999999995,0.8226666666666667,3.855718159643794,3.954887939112881,0.0991697794690869,7.5249999999999995,-21.5,38.3,59.8,3.3541575653169566,341,0,81,95,False,observed_poll_filter,0.8040063897659403,0.9863939238321437,95,0,0
2025-11-28,0.17733333333333334,203.25933333333333,203.0,177.0,193.0,213.0,230.04999999999995,0.8226666666666667,3.855718159643794,3.954887939112881,0.0991697794690869,7.5249999999999995,-21.5,38.3,59.8,3.3498467088768367,340,0,81,95,False,observed_poll_filter,0.8217823767789506,0.9863939238321437,95,0,0
2025-11-29,0.176,203.25266666666667,203.0,177.0,193.0,213.0,230.04999999999995,0.824,3.855718159643794,3.954887939112881,0.0991697794690869,7.5249999999999995,-21.5,38.3,59.8,3.3455302977215697,339,0,81,95,False,observed_poll_filter,0.839181908041672,0.9863939238321437,95,0,0
2025-11-30,0.176,203.21933333333334,203.0,177.0,193.0,213.0,230.0,0.824,3.870484072222116,3.96925477297287,0.09877070075075389,7.5249999999999995,-21.5,38.3,59.8,3.3412083103232244,338,0,81,96,False,observed_poll_filter,0.8112321355733436,0.9863939238321437,96,0,1
2025-12-01,0.176,203.26066666666668,203.0,177.0,193.0,213.0,230.0,0.824,3.853476159575546,3.952706533641072,0.09923037406552604,7.5249999999999995,-21.5,38.3,59.8,3.336880725014452,337,0,81,98,False,observed_poll_filter,0.7634880847283233,0.9863939238321437,98,0,2
2025-12-02,0.176,203.26333333333332,203.0,177.0,193.0,213.0,230.0,0.824,3.853476159575546,3.952706533641072,0.09923037406552604,7.5249999999999995,-21.5,38.3,59.8,3.3325475199872208,336,0,81,98,False,observed_poll_filter,0.7821854355088207,0.9863939238321437,98,0,0
2025-12-03,0.176,203.264,203.0,177.0,193.0,213.0,230.0,0.824,3.853476159575546,3.952706533641072,0.09923037406552604,7.5249999999999995,-21.5,38.3,59.8,3.3282086732915315,335,0,81,98,False,observed_poll_filter,0.8004461602894497,0.9863939238321437,98,0,0
2025-12-04,0.202,204.88333333333333,205.0,179.0,195.0,215.0,232.0,0.798,3.194240503101597,3.3112880570718244,0.11704755397022737,7.5249999999999995,-21.5,38.3,59.8,3.3240287290306108,334,0,81,99,False,observed_poll_filter,0.7832020071706757,0.9869483225685415,99,0,1
2025-12-05,0.19866666666666666,204.784,204.5,179.0,195.0,215.0,232.0,0.8013333333333333,3.2355537502230125,3.351484729946715,0.1159309797237027,7.5249999999999995,-21.5,38.3,59.8,3.319640155843412,333,0,81,100,False,observed_poll_filter,0.7806233575917847,0.9868185062553664,100,0,1
2025-12-06,0.19866666666666666,204.782,204.0,179.0,195.0,215.0,232.0,0.8013333333333333,3.2355537502230125,3.351484729946715,0.1159309797237027,7.5249999999999995,-21.5,38.3,59.8,3.3152844168016826,332,0,81,100,False,observed_poll_filter,0.7989197872238936,0.9868185062553664,100,0,0
2025-12-07,0.19666666666666666,204.69333333333333,204.0,179.0,194.0,215.0,232.0,0.8033333333333333,3.265689351442019,3.3808058554571,0.11511650401508078,7.5249999999999995,-21.5,38.3,59.8,3.3108979738278754,331,0,81,102,False,observed_poll_filter,0.7511752781229327,0.9867347126241828,102,0,2
2025-12-08,0.20266666666666666,204.97466666666668,205.0,179.0,195.0,215.0,232.0,0.7973333333333333,3.1508227548314207,3.2690437614575987,0.11822100662617796,7.5249999999999995,-21.5,38.3,59.8,3.3066407514395926,330,0,81,105,False,observed_poll_filter,0.6939529099393115,0.9871033679817897,105,0,3
2025-12-09,0.202,204.96933333333334,205.0,179.0,195.0,215.0,232.0,0.798,3.1508227548314207,3.2690437614575987,0.11822100662617796,7.5249999999999995,-21.5,38.3,59.8,3.302267866040094,329,0,81,105,False,observed_poll_filter,0.7144722816269627,0.9871033679817897,105,0,0
2025-12-10,0.202,204.97266666666667,205.0,179.0,195.0,215.0,232.0,0.798,3.1508227548314207,3.2690437614575987,0.11822100662617796,7.5249999999999995,-21.5,38.3,59.8,3.2978891823530083,328,0,81,105,False,observed_poll_filter,0.7344185735758854,0.9871033679817897,105,0,0
2025-12-11,0.202,204.96733333333333,205.0,179.0,195.0,215.0,232.0,0.798,3.1508227548314207,3.2690437614575987,0.11822100662617796,7.5249999999999995,-21.5,38.3,59.8,3.2935046772520296,327,0,81,105,False,observed_poll_filter,0.7538372776755193,0.9871033679817897,105,0,0
2025-12-12,0.19666666666666666,204.764,204.5,179.0,195.0,214.25,232.0,0.8033333333333333,3.2380879430360308,3.353950431062084,0.11586248802605326,7.5249999999999995,-21.5,38.3,59.8,3.2890266277817344,326,0,81,106,False,observed_poll_filter,0.7319854915909247,0.9868111056617097,106,0,1
2025-12-13,0.19533333333333333,204.75666666666666,204.5,179.0,195.0,214.0,232.0,0.8046666666666666,3.2380879430360308,3.353950431062084,0.11586248802605326,7.5249999999999995,-21.5,38.3,59.8,3.2846302924769613,325,0,81,106,False,observed_poll_filter,0.7514670717334245,0.9868111056617097,106,0,0
2025-12-14,0.19533333333333333,204.75533333333334,204.5,179.0,195.0,214.0,232.0,0.8046666666666666,3.2380879430360308,3.353950431062084,0.11586248802605326,7.5249999999999995,-21.5,38.3,59.8,3.280228064976167,324,0,81,106,False,observed_poll_filter,0.7704562024538499,0.9868111056617097,106,0,0
2025-12-15,0.202,205.044,205.0,180.0,195.0,215.0,232.0,0.798,3.1208352736910077,3.23986675278044,0.11903147908943223,7.5249999999999995,-21.5,38.3,59.8,3.275943599061635,323,0,81,111,False,observed_poll_filter,0.6877111611880818,0.9872215882125437,111,0,5
2025-12-16,0.20266666666666666,205.17066666666668,205.0,180.0,195.0,215.0,232.0,0.7973333333333333,3.0754252162520315,3.1956839941911657,0.1202587779391342,7.5249999999999995,-21.5,38.3,59.8,3.271588933199707,322,0,81,112,False,observed_poll_filter,0.6939125203438858,0.9874179195430846,112,0,1
2025-12-17,0.20266666666666666,205.16666666666666,205.0,180.0,195.0,215.0,232.0,0.7973333333333333,3.0754252162520315,3.1956839941911657,0.1202587779391342,7.5249999999999995,-21.5,38.3,59.8,3.2671691336438022,321,0,81,112,False,observed_poll_filter,0.714433052069964,0.9874179195430846,112,0,0
2025-12-18,0.20266666666666666,205.16733333333335,205.0,180.0,195.0,215.0,232.0,0.7973333333333333,3.0754252162520315,3.1956839941911657,0.1202587779391342,7.5249999999999995,-21.5,38.3,59.8,3.262743346914494,320,0,81,112,False,observed_poll_filter,0.7343804095222066,0.9874179195430846,112,0,0
2025-12-19,0.15266666666666667,202.574,202.0,177.0,193.0,212.0,229.0,0.8473333333333334,4.122633127076681,4.214588988507042,0.09195586143036039,7.5249999999999995,-21.5,38.3,59.8,3.2580013770673846,319,0,81,113,False,observed_poll_filter,0.7226169471756747,0.9863939238321437,113,0,1
2025-12-20,0.15266666666666667,202.57133333333334,202.0,177.0,193.0,212.0,229.0,0.8473333333333334,4.122633127076681,4.214588988507042,0.09195586143036039,7.5249999999999995,-21.5,38.3,59.8,3.2535631195618406,318,0,81,113,False,observed_poll_filter,0.742344429726183,0.9863939238321437,113,0,0
2025-12-21,0.15266666666666667,202.59933333333333,202.0,177.0,193.0,212.0,229.0,0.8473333333333334,4.112478680637919,4.204708986566624,0.09223030592870529,7.5249999999999995,-21.5,38.3,59.8,3.2491187994551654,317,0,81,114,False,observed_poll_filter,0.7293499149866973,0.9863939238321437,114,0,1
2025-12-22,0.15666666666666668,202.76666666666668,203.0,177.95,193.0,212.0,229.0,0.8433333333333334,4.0465472572794905,4.140559493569235,0.09401223628974442,7.5249999999999995,-21.5,38.3,59.8,3.244668391834977,316,0,81,115,False,observed_poll_filter,0.7263692294961888,0.9863939238321437,115,0,1
2025-12-23,0.15666666666666668,202.764,203.0,177.95,193.0,212.0,229.0,0.8433333333333334,4.0465472572794905,4.140559493569235,0.09401223628974442,7.5249999999999995,-21.5,38.3,59.8,3.2402118716178077,315,0,81,115,False,observed_poll_filter,0.7459974916572354,0.9863939238321437,115,0,0
2025-12-24,0.15666666666666668,202.76533333333333,203.0,178.0,193.0,212.0,229.0,0.8433333333333334,4.0465472572794905,4.140559493569235,0.09401223628974442,7.5249999999999995,-21.5,38.3,59.8,3.235749213547455,314,0,81,115,False,observed_poll_filter,0.7651223807724402,0.9863939238321437,115,0,0
2025-12-25,0.156,202.76533333333333,203.0,178.0,193.0,212.0,229.0,0.844,4.0465472572794905,4.140559493569235,0.09401223628974442,7.5249999999999995,-21.5,38.3,59.8,3.2312803921933138,313,0,81,115,False,observed_poll_filter,0.7837807458459841,0.9863939238321437,115,0,0
2025-12-26,0.15466666666666667,202.76733333333334,203.0,178.0,193.0,212.0,229.0,0.8453333333333334,4.0465472572794905,4.140559493569235,0.09401223628974442,7.5249999999999995,-21.5,38.3,59.8,3.2268053819486813,312,0,81,115,False,observed_poll_filter,0.8020051480875214,0.9863939238321437,115,0,0
2025-12-27,0.154,202.77066666666667,203.0,178.0,193.0,212.0,229.0,0.846,4.0465472572794905,4.140559493569235,0.09401223628974442,7.5249999999999995,-21.5,38.3,59.8,3.2223241570290497,311,0,81,115,False,observed_poll_filter,0.819824528517467,0.9863939238321437,115,0,0
2025-12-28,0.14933333333333335,202.45733333333334,202.0,177.0,193.0,212.0,228.0,0.8506666666666667,4.169088480278309,4.259788791622139,0.09070031134382983,7.5249999999999995,-21.5,38.3,59.8,3.2178366914703695,310,0,81,116,False,observed_poll_filter,0.7816109045862613,0.9863939238321437,116,0,1
2025-12-29,0.14933333333333335,202.49666666666667,202.0,177.0,193.0,212.0,228.0,0.8506666666666667,4.1577803725322635,4.248786308409771,0.09100593587750705,7.5249999999999995,-21.5,38.3,59.8,3.213342959127297,309,0,81,117,False,observed_poll_filter,0.7726750566698967,0.9863939238321437,117,0,1
2025-12-30,0.14933333333333335,202.49533333333332,202.0,177.0,193.0,212.0,228.0,0.8506666666666667,4.1577803725322635,4.248786308409771,0.09100593587750705,7.5249999999999995,-21.5,38.3,59.8,3.208842933671415,308,0,81,117,False,observed_poll_filter,0.7911553217920158,0.9863939238321437,117,0,0
2025-12-31,0.14933333333333335,202.49733333333333,202.0,177.0,193.0,212.0,228.0,0.8506666666666667,4.1577803725322635,4.248786308409771,0.09100593587750705,7.5249999999999995,-21.5,38.3,59.8,3.2043365885894346,307,0,81,117,False,observed_poll_filter,0.8092136573240889,0.9863939238321437,117,0,0
2026-01-01,0.14933333333333335,202.496,202.0,177.0,193.0,212.0,228.0,0.8506666666666667,4.1577803725322635,4.248786308409771,0.09100593587750705,7.5249999999999995,-21.5,38.3,59.8,3.1998238971813704,306,0,81,117,False,observed_poll_filter,0.826877707523808,0.9863939238321437,117,0,0
2026-01-02,0.14933333333333335,202.50066666666666,202.0,178.0,193.0,212.0,228.0,0.8506666666666667,4.1577803725322635,4.248786308409771,0.09100593587750705,7.5249999999999995,-21.5,38.3,59.8,3.195304832558699,305,0,81,117,False,observed_poll_filter,0.8441722236604495,0.9863939238321437,117,0,0
2026-01-03,0.148,202.502,202.0,178.0,193.0,212.0,228.0,0.852,4.1577803725322635,4.248786308409771,0.09100593587750705,7.5249999999999995,-21.5,38.3,59.8,3.190779367642485,304,0,81,117,False,observed_poll_filter,0.8611194709213281,0.9863939238321437,117,0,0
2026-01-04,0.152,202.79533333333333,203.0,178.0,193.0,212.0,228.0,0.848,4.033873198364433,4.1282279767870165,0.09435477842258333,7.5249999999999995,-21.5,38.3,59.8,3.186247475161491,303,0,81,118,False,observed_poll_filter,0.829442380486993,0.9863939238321437,118,0,1
2026-01-05,0.14666666666666667,202.45466666666667,202.0,178.0,193.0,212.0,228.0,0.8533333333333334,4.177677252230145,4.268145434602304,0.0904681823721587,7.5249999999999995,-21.5,38.3,59.8,3.1817091276502594,302,0,81,119,False,observed_poll_filter,0.8151330494917539,0.9863939238321437,119,0,1
2026-01-06,0.14666666666666667,202.454,202.0,178.0,193.0,212.0,228.0,0.8533333333333334,4.177677252230145,4.268145434602304,0.0904681823721587,7.5249999999999995,-21.5,38.3,59.8,3.1771642974471708,301,0,81,119,False,observed_poll_filter,0.8326715369061958,0.9863939238321437,119,0,0
2026-01-07,0.146,202.45266666666666,202.0,178.0,193.0,212.0,228.0,0.854,4.177677252230145,4.268145434602304,0.0904681823721587,7.5249999999999995,-21.5,38.3,59.8,3.172612956692476,300,0,81,119,False,observed_poll_filter,0.84984815606891,0.9863939238321437,119,0,0
2026-01-08,0.16266666666666665,203.37133333333333,203.0,179.0,193.0,213.0,229.0,0.8373333333333334,3.816014641420864,3.9162574889500306,0.10024284752916657,7.5249999999999995,-21.5,38.3,59.8,3.1680550773263043,299,0,81,121,False,observed_poll_filter,0.7940637144674095,0.9863939238321437,121,0,2
2026-01-09,0.16133333333333333,203.36866666666666,203.0,179.0,193.0,213.0,229.0,0.8386666666666667,3.816014641420864,3.9162574889500306,0.10024284752916657,7.5249999999999995,-21.5,38.3,59.8,3.163490631086644,298,0,81,121,False,observed_poll_filter,0.8120573764419481,0.9863939238321437,121,0,0
2026-01-10,0.16066666666666668,203.36,203.0,179.0,193.0,213.0,229.0,0.8393333333333334,3.816014641420864,3.9162574889500306,0.10024284752916657,7.5249999999999995,-21.5,38.3,59.8,3.158919589507301,297,0,81,121,False,observed_poll_filter,0.8296608841169866,0.9863939238321437,121,0,0
2026-01-11,0.16066666666666668,203.36133333333333,203.0,179.0,193.0,213.0,229.0,0.8393333333333334,3.816014641420864,3.9162574889500306,0.10024284752916657,7.5249999999999995,-21.5,38.3,59.8,3.1543419239158226,296,0,81,121,False,observed_poll_filter,0.8468985669097451,0.9863939238321437,121,0,0
2026-01-12,0.16066666666666668,203.37,203.0,179.0,193.0,213.0,229.0,0.8393333333333334,3.8105664373044195,3.9109565335934895,0.10039009628907003,7.5249999999999995,-21.5,38.3,59.8,3.1497576054314043,295,0,81,124,False,observed_poll_filter,0.7690645725329028,0.9863939238321437,124,0,3
2026-01-13,0.16333333333333333,203.544,203.0,179.0,194.0,213.0,229.0,0.8366666666666667,3.742812641289736,3.845033921254878,0.1022212799651423,7.5249999999999995,-21.5,38.3,59.8,3.14516660496276,294,0,81,126,False,observed_poll_filter,0.7435353182300696,0.9863939238321437,126,0,2
2026-01-14,0.154,203.054,203.0,178.0,193.0,212.0,228.0,0.846,3.9358111113728644,4.032816216470895,0.09700510509803051,7.5249999999999995,-21.5,38.3,59.8,3.1405688932059705,293,0,81,127,False,observed_poll_filter,0.7293855528790278,0.9863939238321437,127,0,1
2026-01-15,0.154,203.052,203.0,178.0,193.0,212.0,228.0,0.846,3.9358111113728644,4.032816216470895,0.09700510509803051,7.5249999999999995,-21.5,38.3,59.8,3.1359644406423004,292,0,81,127,False,observed_poll_filter,0.748934766684419,0.9863939238321437,127,0,0
2026-01-16,0.154,203.05466666666666,203.0,179.0,193.0,212.0,228.0,0.846,3.9358111113728644,4.032816216470895,0.09700510509803051,7.5249999999999995,-21.5,38.3,59.8,3.1313532175359864,291,0,81,127,False,observed_poll_filter,0.7679865133898155,0.9863939238321437,127,0,0
2026-01-17,0.14933333333333335,202.878,203.0,178.0,193.0,212.0,228.0,0.8506666666666667,4.011862327211314,4.106811994043441,0.09494966683212702,7.5249999999999995,-21.5,38.3,59.8,3.126735193931999,290,0,81,128,False,observed_poll_filter,0.7579500385508388,0.9863939238321437,128,0,1
2026-01-18,0.15733333333333333,203.30466666666666,203.0,179.0,194.0,213.0,228.0,0.8426666666666667,3.8392268750052767,3.9388423648699993,0.09961548986472257,7.5249999999999995,-21.5,38.3,59.8,3.1221103396537693,289,0,81,129,False,observed_poll_filter,0.7427060322144369,0.9863939238321437,129,0,1
2026-01-19,0.15266666666666667,203.02933333333334,203.0,179.0,193.0,212.0,228.0,0.8473333333333334,3.9440704547973673,4.040852334397439,0.09678187960007145,7.5249999999999995,-21.5,38.3,59.8,3.1174786243008907,288,0,81,131,False,observed_poll_filter,0.7203582942605333,0.9863939238321437,131,0,2
2026-01-20,0.152,203.04066666666668,203.0,179.0,193.0,212.0,228.0,0.848,3.9440704547973673,4.040852334397439,0.09678187960007145,7.5249999999999995,-21.5,38.3,59.8,3.1128400172467865,287,0,81,131,False,observed_poll_filter,0.7401459802700716,0.9863939238321437,131,0,0
2026-01-21,0.15066666666666667,203.03933333333333,203.0,179.0,193.0,212.0,228.0,0.8493333333333334,3.9440704547973673,4.040852334397439,0.09678187960007145,7.5249999999999995,-21.5,38.3,59.8,3.108194487636347,286,0,81,131,False,observed_poll_filter,0.7594182458368677,0.9863939238321437,131,0,0
2026-01-22,0.14666666666666667,202.79866666666666,203.0,178.0,193.0,212.0,228.0,0.8533333333333334,4.0437536064139294,4.137841346781121,0.09408774036719159,7.5249999999999995,-21.5,38.3,59.8,3.103542004383536,285,0,81,132,False,observed_poll_filter,0.7591128784385185,0.9863939238321437,132,0,1
2026-01-23,0.146,202.792,203.0,178.0,193.0,212.0,228.0,0.854,4.0437536064139294,4.137841346781121,0.09408774036719159,7.5249999999999995,-21.5,38.3,59.8,3.0988825361689614,284,0,81,132,False,observed_poll_filter,0.777915395278441,0.9863939238321437,132,0,0
2026-01-24,0.146,202.806,203.0,178.0,193.0,212.0,228.0,0.854,4.039046900368886,4.133261849007566,0.09421494863867963,7.5249999999999995,-21.5,38.3,59.8,3.094216051437419,283,0,81,133,False,observed_poll_filter,0.7522269983072933,0.9863939238321437,133,0,1
2026-01-25,0.154,203.20266666666666,203.0,179.0,194.0,212.0,228.0,0.846,3.8717744316979763,3.970510257868302,0.0987358261703255,7.5249999999999995,-21.5,38.3,59.8,3.0895425183953975,282,0,81,135,False,observed_poll_filter,0.7227547291662217,0.9863939238321437,135,0,2
2026-01-26,0.146,202.84133333333332,203.0,179.0,193.0,212.0,228.0,0.854,4.027043499614739,4.1215828644900165,0.0945393648752777,7.5249999999999995,-21.5,38.3,59.8,3.084861905008549,281,0,81,137,False,observed_poll_filter,0.7041868998532633,0.9863939238321437,137,0,2
2026-01-27,0.14533333333333334,202.838,203.0,179.0,193.0,212.0,228.0,0.8546666666666667,4.027043499614739,4.1215828644900165,0.0945393648752777,7.5249999999999995,-21.5,38.3,59.8,3.080174178999132,280,0,81,137,False,observed_poll_filter,0.7244164478564452,0.9863939238321437,137,0,0
2026-01-28,0.13666666666666666,202.544,202.0,178.0,193.0,212.0,227.0,0.8633333333333333,4.151116403218655,4.242302446374908,0.09118604315625323,7.5249999999999995,-21.5,38.3,59.8,3.075479307843409,279,0,81,139,False,observed_poll_filter,0.7117247367792381,0.9863939238321437,139,0,2
2026-01-29,0.13933333333333334,202.68333333333334,203.0,178.95,193.0,212.0,227.0,0.8606666666666667,4.089916042233118,4.1827561491997916,0.09284010696667355,7.5249999999999995,-21.5,38.3,59.8,3.0707772587690196,278,0,81,141,False,observed_poll_filter,0.6891294681458575,0.9863939238321437,141,0,2
2026-01-30,0.13466666666666666,202.49266666666668,202.0,178.0,193.0,212.0,227.0,0.8653333333333333,4.170698510652162,4.261355307661564,0.09065679700940166,7.5249999999999995,-21.5,38.3,59.8,3.0660679987523065,277,0,81,142,False,observed_poll_filter,0.6998672767087878,0.9863939238321437,142,0,1
2026-01-31,0.13466666666666666,202.492,202.0,178.0,193.0,212.0,227.0,0.8653333333333333,4.170698510652162,4.261355307661564,0.09065679700940166,7.5249999999999995,-21.5,38.3,59.8,3.0613514945156126,276,0,81,142,False,observed_poll_filter,0.7202181648693504,0.9863939238321437,142,0,0
2026-02-01,0.132,202.34133333333332,202.0,178.0,193.0,211.0,227.0,0.868,4.235798430831052,4.324695770538321,0.08889733970726965,7.5249999999999995,-21.5,38.3,59.8,3.0566277125245356,275,0,81,143,False,observed_poll_filter,0.7103707854646003,0.9863939238321437,143,0,1
2026-02-02,0.132,202.378,202.0,178.0,193.0,211.0,227.0,0.868,4.221924125526295,4.311196446458017,0.08927232093172233,7.5249999999999995,-21.5,38.3,59.8,3.0518966189851473,274,0,81,144,False,observed_poll_filter,0.7086142200452189,0.9863939238321437,144,0,1
2026-02-03,0.132,202.38066666666666,202.0,178.0,193.0,211.0,227.0,0.868,4.221924125526295,4.311196446458017,0.08927232093172233,7.5249999999999995,-21.5,38.3,59.8,3.0471581798411735,273,0,81,144,False,observed_poll_filter,0.728720874443908,0.9863939238321437,144,0,0
2026-02-04,0.132,202.40933333333334,202.0,178.0,193.0,211.0,227.0,0.868,4.208192055194188,4.297835513161914,0.08964345796772566,7.5249999999999995,-21.5,38.3,59.8,3.042412360771132,272,0,81,145,False,observed_poll_filter,0.7247667832226491,0.9863939238321437,145,0,1
2026-02-05,0.13133333333333333,202.40933333333334,202.0,178.0,193.0,211.0,226.04999999999995,0.8686666666666667,4.208192055194188,4.297835513161914,0.08964345796772566,7.5249999999999995,-21.5,38.3,59.8,3.0376591271854343,271,0,81,145,False,observed_poll_filter,0.7444372976033015,0.9863939238321437,145,0,0
2026-02-06,0.13,202.406,202.0,178.0,193.0,211.0,226.04999999999995,0.87,4.208192055194188,4.297835513161914,0.08964345796772566,7.5249999999999995,-21.5,38.3,59.8,3.032898444223442,270,0,81,145,False,observed_poll_filter,0.7636012637907997,0.9863939238321437,145,0,0
2026-02-07,0.13,202.406,202.0,178.0,193.0,211.0,226.04999999999995,0.87,4.208192055194188,4.297835513161914,0.08964345796772566,7.5249999999999995,-21.5,38.3,59.8,3.0281302767504856,269,0,81,145,False,observed_poll_filter,0.7822959095271472,0.9863939238321437,145,0,0
2026-02-08,0.12866666666666668,202.396,202.0,178.95,193.0,211.0,226.04999999999995,0.8713333333333333,4.208192055194188,4.297835513161914,0.08964345796772566,7.5249999999999995,-21.5,38.3,59.8,3.02335458935484,268,0,81,145,False,observed_poll_filter,0.800554114387595,0.9863939238321437,145,0,0
2026-02-09,0.12733333333333333,202.15266666666668,202.0,178.0,193.0,211.0,226.0,0.8726666666666667,4.311477389721014,4.398329352160987,0.08685196243997328,7.5249999999999995,-21.5,38.3,59.8,3.0185713463446535,267,0,81,147,False,observed_poll_filter,0.7519573094719573,0.9863939238321437,147,0,2
2026-02-10,0.12733333333333333,202.15533333333335,202.0,178.0,193.0,211.0,226.0,0.8726666666666667,4.311477389721014,4.398329352160987,0.08685196243997328,7.5249999999999995,-21.5,38.3,59.8,3.0137805117448373,266,0,81,147,False,observed_poll_filter,0.7709343650845414,0.9863939238321437,147,0,0
2026-02-11,0.12733333333333333,202.15533333333335,202.0,178.0,193.0,211.0,226.0,0.8726666666666667,4.311477389721014,4.398329352160987,0.08685196243997328,7.5249999999999995,-21.5,38.3,59.8,3.0089820492939094,265,0,81,147,False,observed_poll_filter,0.7894553788963028,0.9863939238321437,147,0,0
2026-02-12,0.14933333333333335,203.49733333333333,203.0,180.0,194.0,212.0,228.0,0.8506666666666667,3.7518591176835545,3.853835898286702,0.10197678060314752,7.5249999999999995,-21.5,38.3,59.8,3.0041759224407905,264,0,81,149,False,observed_poll_filter,0.7527730887761618,0.9863939238321437,149,0,2
2026-02-13,0.144,203.142,203.0,180.0,194.0,212.0,227.0,0.856,3.90031900449972,3.9982833557294573,0.09796435122973746,7.5249999999999995,-21.5,38.3,59.8,2.9993620943415578,263,0,81,150,False,observed_poll_filter,0.7458136502244305,0.9863939238321437,150,0,1
2026-02-14,0.14266666666666666,203.14266666666666,203.0,180.0,194.0,212.0,227.0,0.8573333333333333,3.90031900449972,3.9982833557294573,0.09796435122973746,7.5249999999999995,-21.5,38.3,59.8,2.9945405278561474,262,0,81,150,False,observed_poll_filter,0.7649431357042752,0.9863939238321437,150,0,0
2026-02-15,0.142,203.13866666666667,203.0,180.0,194.0,212.0,227.0,0.858,3.90031900449972,3.9982833557294573,0.09796435122973746,7.5249999999999995,-21.5,38.3,59.8,2.9897111855450142,261,0,81,150,False,observed_poll_filter,0.7836057687773165,0.9863939238321437,150,0,0
2026-02-16,0.12933333333333333,202.63066666666666,202.0,179.0,193.0,211.0,226.04999999999995,0.8706666666666667,4.113279674284864,4.205488331736625,0.09220865745176088,7.5249999999999995,-21.5,38.3,59.8,2.984874029665737,260,0,81,152,False,observed_poll_filter,0.7564756725796576,0.9863939238321437,152,0,2
2026-02-17,0.13733333333333334,203.04466666666667,203.0,180.0,194.0,212.0,227.0,0.8626666666666667,3.938718248420789,4.035644782247254,0.0969265338264651,7.5249999999999995,-21.5,38.3,59.8,2.9800290221695787,259,0,81,153,False,observed_poll_filter,0.7426295957306606,0.9863939238321437,153,0,1
2026-02-18,0.12666666666666668,202.148,202.0,179.0,193.0,211.0,226.0,0.8733333333333333,4.308545445011435,4.395476649200316,0.08693120418888078,7.5249999999999995,-21.5,38.3,59.8,2.975176124697994,258,0,81,154,False,observed_poll_filter,0.7334773739135233,0.9863939238321437,154,0,1
2026-02-19,0.12666666666666668,202.14533333333333,202.0,179.0,193.0,211.0,226.0,0.8733333333333333,4.308545445011435,4.395476649200316,0.08693120418888078,7.5249999999999995,-21.5,38.3,59.8,2.9703152985790875,257,0,81,154,False,observed_poll_filter,0.7529203530540787,0.9863939238321437,154,0,0
2026-02-20,0.12666666666666668,202.14466666666667,202.0,179.0,193.0,211.0,226.0,0.8733333333333333,4.308545445011435,4.395476649200316,0.08693120418888078,7.5249999999999995,-21.5,38.3,59.8,2.965446504824016,256,0,81,154,False,observed_poll_filter,0.7718737319296974,0.9863939238321437,154,0,0
2026-02-21,0.12666666666666668,202.14533333333333,202.0,179.0,193.0,211.0,226.0,0.8733333333333333,4.308545445011435,4.395476649200316,0.08693120418888078,7.5249999999999995,-21.5,38.3,59.8,2.9605697041233423,255,0,81,154,False,observed_poll_filter,0.7903727336156521,0.9863939238321437,154,0,0
2026-02-22,0.12666666666666668,202.22933333333333,202.0,179.0,193.0,211.0,226.0,0.8733333333333333,4.280061780560549,4.3677628135183735,0.08770103295782405,7.5249999999999995,-21.5,38.3,59.8,2.9556848568433294,254,0,81,155,False,observed_poll_filter,0.7702287752711211,0.9863939238321437,155,0,1
2026-02-23,0.13133333333333333,202.876,203.0,180.0,194.0,212.0,226.04999999999995,0.8686666666666667,4.007839562097232,4.102897952310821,0.0950583902135893,7.5249999999999995,-21.5,38.3,59.8,2.9507919230221864,253,0,81,157,False,observed_poll_filter,0.718754396684559,0.9863939238321437,157,0,2
2026-02-24,0.13066666666666665,202.87333333333333,203.0,180.0,194.0,212.0,226.0,0.8693333333333333,4.007839562097232,4.102897952310821,0.0950583902135893,7.5249999999999995,-21.5,38.3,59.8,2.945890862366251,252,0,81,157,False,observed_poll_filter,0.7385850545153106,0.9863939238321437,157,0,0
2026-02-25,0.12933333333333333,202.86533333333333,203.0,180.0,194.0,212.0,226.0,0.8706666666666667,4.007839562097232,4.102897952310821,0.0950583902135893,7.5249999999999995,-21.5,38.3,59.8,2.9409816342461195,251,0,81,157,False,observed_poll_filter,0.7578970132896583,0.9863939238321437,157,0,0
2026-02-26,0.12733333333333333,202.46666666666667,202.0,179.0,193.0,211.0,226.0,0.8726666666666667,4.185414375131264,4.275673446073663,0.09025907094239916,7.5249999999999995,-21.5,38.3,59.8,2.9360641976927164,250,0,81,158,False,observed_poll_filter,0.759257674748983,0.9863939238321437,157,1,1
2026-02-27,0.12733333333333333,202.462,202.0,179.0,193.0,211.0,226.0,0.8726666666666667,4.185414375131264,4.275673446073663,0.09025907094239916,7.5249999999999995,-21.5,38.3,59.8,2.9311385113933075,249,0,81,158,False,observed_poll_filter,0.7780566924493565,0.9863939238321437,157,1,0
2026-02-28,0.12733333333333333,202.46466666666666,202.0,179.95,193.0,211.0,226.0,0.8726666666666667,4.185414375131264,4.275673446073663,0.09025907094239916,7.5249999999999995,-21.5,38.3,59.8,2.926204533687448,248,0,81,158,False,observed_poll_filter,0.7964120897281962,0.9863939238321437,157,1,0
2026-03-01,0.12533333333333332,202.374,202.0,179.0,193.0,211.0,226.0,0.8746666666666667,4.225068175723096,4.314255522325175,0.08918734660207939,7.5249999999999995,-21.5,38.3,59.8,2.9212622225628726,247,0,81,159,False,observed_poll_filter,0.7942853256065954,0.9863939238321437,157,2,1
2026-03-02,0.12866666666666668,202.83333333333334,203.0,180.0,194.0,211.0,226.0,0.8713333333333333,4.020391420148733,4.115110570955524,0.0947191508067915,7.5249999999999995,-21.5,38.3,59.8,2.9163115356513223,246,0,81,160,False,observed_poll_filter,0.7923551815046878,0.9863939238321437,157,3,1
2026-03-03,0.12866666666666668,202.83866666666665,203.0,180.0,194.0,211.0,226.0,0.8713333333333333,4.019407953930246,4.114153684905105,0.09474573097485894,7.5249999999999995,-21.5,38.3,59.8,2.9113524302243063,245,0,81,161,False,observed_poll_filter,0.7906030539844344,0.9863939238321437,157,4,1
2026-03-04,0.128,202.638,202.0,180.0,193.0,211.0,226.0,0.872,4.1145467036083625,4.206721117024354,0.0921744134159912,7.5249999999999995,-21.5,38.3,59.8,2.906384863188799,244,0,81,162,False,observed_poll_filter,0.7890121759572922,0.9863939238321437,157,5,1
2026-03-05,0.12733333333333333,202.63866666666667,202.0,180.0,194.0,211.0,226.0,0.8726666666666667,4.1145467036083625,4.206721117024354,0.0921744134159912,7.5249999999999995,-21.5,38.3,59.8,2.901408791082872,243,0,81,162,False,observed_poll_filter,0.8071184633056422,0.9863939238321437,157,5,0
2026-03-06,0.13066666666666665,203.12066666666666,203.0,180.95,194.0,212.0,226.0,0.8693333333333333,3.915490784498173,4.013045087619844,0.09755430312167102,7.5249999999999995,-21.5,38.3,59.8,2.8964241700712576,242,0,81,163,False,observed_poll_filter,0.8046280641576121,0.9863939238321437,157,6,1
2026-03-07,0.13066666666666665,203.11666666666667,203.0,180.95,194.0,212.0,226.0,0.8693333333333333,3.915490784498173,4.013045087619844,0.09755430312167102,7.5249999999999995,-21.5,38.3,59.8,2.891430955940842,241,0,81,163,False,observed_poll_filter,0.8223906137779216,0.9863939238321437,157,6,0
2026-03-08,0.128,202.84,203.0,180.0,194.0,211.0,226.0,0.872,4.023066812282313,4.117713655193603,0.09464684291128922,7.5249999999999995,-21.5,38.3,59.8,2.886429104096093,240,0,81,164,False,observed_poll_filter,0.817821159845779,0.9863939238321437,157,7,1
2026-03-09,0.128,202.844,203.0,180.0,194.0,211.0,226.0,0.872,4.02188839986233,4.116567091757943,0.09467869189561373,7.5249999999999995,-21.5,38.3,59.8,2.8814185695544086,239,0,81,165,False,observed_poll_filter,0.8136869778701424,0.9863939238321437,157,8,1
2026-03-10,0.12933333333333333,202.98533333333333,203.0,180.95,194.0,212.0,226.0,0.8706666666666667,3.9701623882053756,4.066239080416041,0.09607669221066573,7.5249999999999995,-21.5,38.3,59.8,2.8763993069414013,238,0,81,166,False,observed_poll_filter,0.8099445040854362,0.9863939238321437,157,9,1
2026-03-11,0.12133333333333333,202.36266666666666,202.0,180.0,193.0,211.0,225.04999999999995,0.8786666666666667,4.222636501628536,4.31188956915209,0.08925306752355411,7.5249999999999995,-21.5,38.3,59.8,2.8713712704861023,237,0,81,167,False,observed_poll_filter,0.8065549235063397,0.9863939238321437,157,10,1
2026-03-12,0.12666666666666668,202.644,202.0,180.0,194.0,211.0,226.0,0.8733333333333333,4.106608151190234,4.198997120076985,0.09238896888675097,7.5249999999999995,-21.5,38.3,59.8,2.8663344140160922,236,0,81,169,False,observed_poll_filter,0.7841892476322716,0.9863939238321437,157,12,2
2026-03-13,0.12666666666666668,202.63866666666667,202.0,180.0,194.0,211.0,226.0,0.8733333333333333,4.106608151190234,4.198997120076985,0.09238896888675097,7.5249999999999995,-21.5,38.3,59.8,2.861288690952553,235,0,81,169,False,observed_poll_filter,0.8024043719360383,0.9863939238321437,157,12,0
2026-03-14,0.126,202.64333333333335,202.0,180.0,194.0,211.0,226.0,0.874,4.106608151190234,4.198997120076985,0.09238896888675097,7.5249999999999995,-21.5,38.3,59.8,2.8562340543052445,234,0,81,169,False,observed_poll_filter,0.8202150791725717,0.9863939238321437,157,12,0
2026-03-15,0.12333333333333334,202.63933333333333,202.0,180.0,194.0,211.0,226.0,0.8766666666666667,4.106608151190234,4.198997120076985,0.09238896888675097,7.5249999999999995,-21.5,38.3,59.8,2.851170456667397,233,0,81,169,False,observed_poll_filter,0.8376471668322338,0.9863939238321437,157,12,0
2026-03-16,0.122,202.63933333333333,202.0,180.0,194.0,211.0,226.0,0.878,4.106608151190234,4.198997120076985,0.09238896888675097,7.5249999999999995,-21.5,38.3,59.8,2.8460978502105254,232,0,81,169,False,observed_poll_filter,0.854723801062114,0.9863939238321437,157,12,0
2026-03-17,0.11933333333333333,202.414,202.0,180.0,193.0,211.0,225.0,0.8806666666666667,4.20032917413347,4.290185142400134,0.08985596826666331,7.5249999999999995,-21.5,38.3,59.8,2.841016186679156,231,0,81,171,False,observed_poll_filter,0.8244892929912641,0.9863939238321437,157,14,2
2026-03-18,0.11933333333333333,202.43933333333334,202.0,180.0,194.0,211.0,225.0,0.8806666666666667,4.189942672153392,4.280079356689788,0.09013668453639578,7.5249999999999995,-21.5,38.3,59.8,2.8359254173854738,230,0,81,172,False,observed_poll_filter,0.8197191000309334,0.9863939238321437,157,15,1
2026-03-19,0.12133333333333333,202.58666666666667,202.0,180.0,194.0,211.0,225.0,0.8786666666666667,4.128895273285439,4.220681887520968,0.09178661423552903,7.5249999999999995,-21.5,38.3,59.8,2.8308254932038768,229,0,81,173,False,observed_poll_filter,0.815404423922901,0.9863939238321437,157,16,1
2026-03-20,0.11333333333333333,202.166,202.0,180.0,193.0,211.0,225.0,0.8866666666666667,4.309851816550342,4.396747713400334,0.08689589684999177,7.5249999999999995,-21.5,38.3,59.8,2.8257163645654484,228,0,81,175,False,observed_poll_filter,0.7916361185578095,0.9863939238321437,157,18,2
2026-03-21,0.11266666666666666,202.17,202.0,180.0,193.0,211.0,224.0,0.8873333333333333,4.309851816550342,4.396747713400334,0.08689589684999177,7.5249999999999995,-21.5,38.3,59.8,2.820597981452333,227,0,81,175,False,observed_poll_filter,0.8096837309748012,0.9863939238321437,157,18,0
2026-03-22,0.112,202.16666666666666,202.0,180.0,193.0,211.0,224.0,0.888,4.309851816550342,4.396747713400334,0.08689589684999177,7.5249999999999995,-21.5,38.3,59.8,2.815470293392025,226,0,81,175,False,observed_poll_filter,0.8273377449417343,0.9863939238321437,157,18,0
2026-03-23,0.11,202.042,202.0,180.0,193.0,210.25,224.0,0.89,4.362839457596093,4.448303256039442,0.0854637984433495,7.5249999999999995,-21.5,38.3,59.8,2.810333249451562,225,0,81,179,False,observed_poll_filter,0.7337777403554416,0.9863939238321437,161,18,4
2026-03-24,0.09733333333333333,201.164,201.0,179.0,193.0,210.0,223.04999999999995,0.9026666666666666,4.723596393199118,4.799310004193737,0.07571361099461882,7.5249999999999995,-21.5,38.3,59.8,2.805186798231621,224,0,81,180,False,observed_poll_filter,0.7148834609872019,0.9863939238321437,162,18,1
2026-03-25,0.09733333333333333,201.16666666666666,201.0,179.0,193.0,210.0,223.04999999999995,0.9026666666666666,4.723596393199118,4.799310004193737,0.07571361099461882,7.5249999999999995,-21.5,38.3,59.8,2.8000308878605202,223,0,81,180,False,observed_poll_filter,0.7348185917578843,0.9863939238321437,162,18,0
2026-03-26,0.098,201.468,201.0,179.0,193.0,210.0,224.0,0.902,4.598719697159982,4.6778083539934965,0.07908865683351429,7.5249999999999995,-21.5,38.3,59.8,2.794865465988117,222,0,81,182,False,observed_poll_filter,0.7034187697687079,0.9863939238321437,164,18,2
2026-03-27,0.098,201.46866666666668,201.0,179.0,193.0,210.0,224.0,0.902,4.598719697159982,4.6778083539934965,0.07908865683351429,7.5249999999999995,-21.5,38.3,59.8,2.789690479779607,221,0,81,182,False,observed_poll_filter,0.7236697904866021,0.9863939238321437,164,18,0
2026-03-28,0.098,201.47133333333332,201.0,179.0,193.0,210.0,224.0,0.902,4.598719697159982,4.6778083539934965,0.07908865683351429,7.5249999999999995,-21.5,38.3,59.8,2.7845058759092205,220,0,81,182,False,observed_poll_filter,0.743369333281191,0.9863939238321437,164,18,0
2026-03-29,0.098,201.47,201.0,179.0,193.0,210.0,224.0,0.902,4.598719697159982,4.6778083539934965,0.07908865683351429,7.5249999999999995,-21.5,38.3,59.8,2.7793116005538088,219,0,81,182,False,observed_poll_filter,0.7625601390467001,0.9863939238321437,164,18,0
2026-03-30,0.09666666666666666,201.242,201.0,179.0,193.0,210.0,223.04999999999995,0.9033333333333333,4.692166776524083,4.768729836618027,0.0765630600939442,7.5249999999999995,-21.5,38.3,59.8,2.7741075993863276,218,0,81,183,False,observed_poll_filter,0.7547797030724586,0.9863939238321437,165,18,1
2026-03-31,0.096,201.23866666666666,201.0,179.0,193.0,210.0,223.0,0.904,4.692166776524083,4.768729836618027,0.0765630600939442,7.5249999999999995,-21.5,38.3,59.8,2.7688938175692064,217,0,81,183,False,observed_poll_filter,0.7736875339374086,0.9863939238321437,165,18,0
2026-04-01,0.09533333333333334,201.232,201.0,179.0,193.0,210.0,223.0,0.9046666666666666,4.692166776524083,4.768729836618027,0.0765630600939442,7.5249999999999995,-21.5,38.3,59.8,2.7636701997476063,216,0,81,183,False,observed_poll_filter,0.792144178903152,0.9863939238321437,165,18,0
2026-04-02,0.09466666666666666,201.22866666666667,201.0,179.0,193.0,210.0,223.0,0.9053333333333333,4.692166776524083,4.768729836618027,0.0765630600939442,7.5249999999999995,-21.5,38.3,59.8,2.7584366900425636,215,0,81,183,False,observed_poll_filter,0.8101804738267573,0.9863939238321437,165,18,0
2026-04-03,0.09466666666666666,201.22866666666667,201.0,179.0,193.0,210.0,223.0,0.9053333333333333,4.692166776524083,4.768729836618027,0.0765630600939442,7.5249999999999995,-21.5,38.3,59.8,2.753193232044016,214,0,81,183,False,observed_poll_filter,0.827823894418462,0.9863939238321437,165,18,0
2026-04-04,0.094,201.22266666666667,201.0,179.0,193.0,210.0,223.0,0.906,4.692166776524083,4.768729836618027,0.0765630600939442,7.5249999999999995,-21.5,38.3,59.8,2.7479397688037075,213,0,81,183,False,observed_poll_filter,0.8450990475501371,0.9863939238321437,165,18,0
2026-04-05,0.094,201.22066666666666,201.0,179.0,193.0,210.0,223.0,0.906,4.692166776524083,4.768729836618027,0.0765630600939442,7.5249999999999995,-21.5,38.3,59.8,2.7426762428279745,212,0,81,183,False,observed_poll_filter,0.8620280738874744,0.9863939238321437,165,18,0
2026-04-06,0.09266666666666666,201.22066666666666,201.0,179.0,193.0,210.0,223.0,0.9073333333333333,4.692166776524083,4.768729836618027,0.0765630600939442,7.5249999999999995,-21.5,38.3,59.8,2.7374025960704014,211,0,81,183,False,observed_poll_filter,0.8786309806569246,0.9863939238321437,165,18,0
2026-04-07,0.092,201.224,201.0,179.0,193.0,210.0,223.0,0.908,4.692166776524083,4.768729836618027,0.0765630600939442,7.5249999999999995,-21.5,38.3,59.8,2.7321187699243557,210,0,81,183,False,observed_poll_filter,0.8949259188168309,0.9863939238321437,165,18,0
2026-04-08,0.092,201.222,201.0,179.0,193.0,210.0,223.0,0.908,4.692166776524083,4.768729836618027,0.0765630600939442,7.5249999999999995,-21.5,38.3,59.8,2.726824705215386,209,0,81,183,False,observed_poll_filter,0.9109294155806744,0.9863939238321437,165,18,0
2026-04-09,0.092,201.22666666666666,201.0,179.0,193.0,210.0,223.0,0.908,4.692166776524083,4.768729836618027,0.0765630600939442,7.5249999999999995,-21.5,38.3,59.8,2.721520342193491,208,0,81,183,False,observed_poll_filter,0.9266565707802158,0.9863939238321437,165,18,0
2026-04-10,0.092,201.22266666666667,201.0,179.0,193.0,210.0,223.0,0.908,4.692166776524083,4.768729836618027,0.0765630600939442,7.5249999999999995,-21.5,38.3,59.8,2.716205620525253,207,0,81,183,False,observed_poll_filter,0.9421212237128241,0.9863939238321437,165,18,0
2026-04-11,0.09133333333333334,201.216,201.0,179.0,193.0,210.0,223.0,0.9086666666666666,4.692166776524083,4.768729836618027,0.0765630600939442,7.5249999999999995,-21.5,38.3,59.8,2.7108804792858305,206,0,81,183,False,observed_poll_filter,0.9573360957209068,0.9863939238321437,165,18,0
2026-04-12,0.09133333333333334,201.21266666666668,201.0,179.95,193.0,210.0,223.0,0.9086666666666666,4.692166776524083,4.768729836618027,0.0765630600939442,7.5249999999999995,-21.5,38.3,59.8,2.705544856950809,205,0,81,183,False,observed_poll_filter,0.9723129126830258,0.9863939238321437,165,18,0
2026-04-13,0.09133333333333334,201.20666666666668,201.0,179.95,193.0,209.25,223.0,0.9086666666666666,4.692166776524083,4.768729836618027,0.0765630600939442,7.5249999999999995,-21.5,38.3,59.8,2.7001986913879086,204,0,81,183,False,observed_poll_filter,0.9870625107713034,0.9863939238321437,165,18,0
2026-04-14,0.09133333333333334,201.20466666666667,201.0,179.95,193.0,209.25,223.0,0.9086666666666666,4.692166776524083,4.768967630083072,0.07680085355898925,7.5249999999999995,-21.5,38.3,59.8,2.6954025454761656,203,0,81,183,False,observed_poll_filter,1.0015949281871137,0.9879245326235159,165,18,0
2026-04-15,0.09133333333333334,201.2,201.0,179.95,193.0,209.0,223.0,0.9086666666666666,4.692166776524083,4.771118449286855,0.0789516727627726,7.5249999999999995,-21.5,38.3,59.8,2.6951118274450816,202,0,81,183,False,observed_poll_filter,1.0159194850824298,1.001662499265279,165,18,0
2026-04-16,0.09133333333333334,201.18866666666668,201.0,179.95,193.0,209.0,223.0,0.9086666666666666,4.692166776524083,4.773265914091799,0.08109913756771636,7.5249999999999995,-21.5,38.3,59.8,2.6948131687721935,201,0,81,183,False,observed_poll_filter,1.0300448534749103,1.0151935847847093,165,18,0
2026-04-17,0.09133333333333334,201.186,201.0,179.95,193.0,209.0,222.04999999999995,0.9086666666666666,4.692166776524083,4.775410032339021,0.08324325581493852,7.5249999999999995,-21.5,38.3,59.8,2.6945065853076606,200,0,81,183,False,observed_poll_filter,1.0439791186466083,1.0285260027176497,165,18,0
2026-04-18,0.09133333333333334,201.18066666666667,201.0,179.95,193.0,209.0,222.04999999999995,0.9086666666666666,4.692166776524083,4.777550811845228,0.08538403532114547,7.5249999999999995,-21.5,38.3,59.8,2.6941920927812397,199,0,81,183,False,observed_poll_filter,1.0577298332609084,1.041667429079433,165,18,0
2026-04-19,0.09133333333333334,201.178,201.0,179.95,193.0,209.0,222.04999999999995,0.9086666666666666,4.692166776524083,4.779688260402795,0.08752148387871195,7.5249999999999995,-21.5,38.3,59.8,2.6938697068029045,198,0,81,183,False,observed_poll_filter,1.0713040652261845,1.0546250505418344,165,18,0
2026-04-20,0.09066666666666667,201.17266666666666,201.0,179.95,193.0,209.0,222.04999999999995,0.9093333333333333,4.692166776524083,4.7818223857798685,0.08965560925578586,7.5249999999999995,-21.5,38.3,59.8,2.693539442863455,197,0,81,183,False,observed_poll_filter,1.084708440167287,1.067405607190243,165,18,0
2026-04-21,0.09066666666666667,201.17133333333334,201.0,179.95,193.0,209.0,222.04999999999995,0.9093333333333333,4.692166776524083,4.783953195720462,0.09178641919637975,7.5249999999999995,-21.5,38.3,59.8,2.6932013163351223,196,0,81,183,False,observed_poll_filter,1.0979491792292342,1.0800154305884866,165,18,0
2026-04-22,0.09066666666666667,201.16533333333334,201.0,179.95,193.0,209.0,222.04999999999995,0.9093333333333333,4.692166776524083,4.786080697944543,0.09391392142046051,7.5249999999999995,-21.5,38.3,59.8,2.6928553424721664,195,0,81,183,False,observed_poll_filter,1.1110321328252162,1.0924604777660774,165,18,0
2026-04-23,0.09,201.16133333333335,201.0,179.95,193.0,209.0,222.04999999999995,0.91,4.692166776524083,4.7882049001481315,0.09603812362404884,7.5249999999999995,-21.5,38.3,59.8,2.692501536411467,194,0,81,183,False,observed_poll_filter,1.123962810848361,1.1047463616496354,165,18,0
2026-04-24,0.09,201.15533333333335,201.0,179.95,193.0,209.0,222.04999999999995,0.91,4.692166776524083,4.79032581000339,0.09815903347930721,7.5249999999999995,-21.5,38.3,59.8,2.692139913173108,193,0,81,183,False,observed_poll_filter,1.1367464097898654,1.1168783783831195,165,18,0
2026-04-25,0.09,201.15066666666667,201.0,179.95,193.0,209.0,222.04999999999995,0.91,4.692166776524083,4.7924434351587175,0.10027665863463486,7.5249999999999995,-21.5,38.3,59.8,2.6917704876609556,192,0,81,183,False,observed_poll_filter,1.14938783714208,1.128861531917222,165,18,0
2026-04-26,0.09,201.14666666666668,201.0,179.95,193.0,209.0,222.04999999999995,0.91,4.692166776524083,4.79455778323884,0.10239100671475754,7.5249999999999995,-21.5,38.3,59.8,2.6913932746632296,191,0,81,183,False,observed_poll_filter,1.1618917334115724,1.1407005561945085,165,18,0
2026-04-27,0.09,201.142,201.0,179.95,193.0,209.0,222.04999999999995,0.91,4.692166776524083,4.796668861844906,0.10450208532082339,7.5249999999999995,-21.5,38.3,59.8,2.691008288853068,190,0,81,183,False,observed_poll_filter,1.1742624920221834,1.152399935211694,165,18,0
2026-04-28,0.09,201.13,201.0,179.95,193.0,209.0,222.04999999999995,0.91,4.692166776524083,4.798776678554568,0.10660990203048559,7.5249999999999995,-21.5,38.3,59.8,2.690615544789087,189,0,81,183,False,observed_poll_filter,1.1865042773501275,1.163963921202317,165,18,0
2026-04-29,0.09,201.12733333333333,201.0,179.95,193.0,209.0,222.04999999999995,0.91,4.692166776524083,4.800881240922087,0.10871446439800447,7.5249999999999995,-21.5,38.3,59.8,2.690215056915931,188,0,81,183,False,observed_poll_filter,1.198621041101043,1.175396551150795,165,18,0
2026-04-30,0.09,201.12333333333333,201.0,179.95,193.0,209.0,222.04999999999995,0.91,4.692166776524083,4.802982556478411,0.11081577995432834,7.5249999999999995,-21.5,38.3,59.8,2.6898068395648216,187,0,81,183,False,observed_poll_filter,1.2106165372115765,1.1867016618214088,165,18,0
2026-05-01,0.09,201.11866666666666,201.0,179.95,193.0,209.0,222.04999999999995,0.91,4.692166776524083,4.805080632731269,0.11291385620718675,7.5249999999999995,-21.5,38.3,59.8,2.6893909069540967,186,0,81,183,False,observed_poll_filter,1.2224943354347897,1.1978829034623448,165,18,0
2026-05-02,0.09,201.11466666666666,201.0,179.95,193.0,209.0,222.04999999999995,0.91,4.692166776524083,4.807175477165263,0.11500870064118018,7.5249999999999995,-21.5,38.3,59.8,2.688967273189743,185,0,81,183,False,observed_poll_filter,1.2342578337487464,1.2089437523249298,165,18,0
2026-05-03,0.09,201.112,201.0,179.95,193.0,209.0,222.04999999999995,0.91,4.692166776524083,4.8092670972419524,0.1171003207178698,7.5249999999999995,-21.5,38.3,59.8,2.6885359522659265,184,0,81,183,False,observed_poll_filter,1.2459102697105229,1.219887522120974,165,18,0
2026-05-04,0.09,201.10733333333334,201.0,179.95,193.0,209.0,222.04999999999995,0.91,4.692166776524083,4.811355500399947,0.11918872387586443,7.5249999999999995,-21.5,38.3,59.8,2.688096958065511,183,0,81,183,False,observed_poll_filter,1.2574547308631623,1.2307173745263587,165,18,0
2026-05-05,0.09,201.10333333333332,201.0,179.0,193.0,209.0,222.04999999999995,0.91,4.692166776524083,4.81344069405499,0.12127391753090766,7.5249999999999995,-21.5,38.3,59.8,2.6876503043605786,182,0,81,183,False,observed_poll_filter,1.2688941642903666,1.2414363288262147,165,18,0
2026-05-06,0.09,201.10133333333334,201.0,179.0,193.0,209.0,222.04999999999995,0.91,4.692166776524083,4.815522685600053,0.12335590907597016,7.5249999999999995,-21.5,38.3,59.8,2.687196004812934,181,0,81,183,False,observed_poll_filter,1.280231385402712,1.2520472707859696,165,18,0
2026-05-07,0.09,201.098,201.0,179.0,193.0,209.0,222.04999999999995,0.91,4.692166776524083,4.817601482405414,0.12543470588133143,7.5249999999999995,-21.5,38.3,59.8,2.6867340729746148,180,0,81,183,False,observed_poll_filter,1.2914690860296067,1.2625529608229353,165,18,0
2026-05-08,0.09,201.09,201.0,179.0,193.0,209.0,222.04999999999995,0.91,4.692166776524083,4.819677091818752,0.1275103152946695,7.5249999999999995,-21.5,38.3,59.8,2.686264522288383,179,0,81,183,False,observed_poll_filter,1.3026098418828822,1.2729560415447319,165,18,0
2026-05-09,0.09,201.08533333333332,201.0,179.0,193.0,209.0,222.04999999999995,0.91,4.692166776524083,4.821749521165234,0.1295827446411515,7.5249999999999995,-21.5,38.3,59.8,2.6857873660882237,178,0,81,183,False,observed_poll_filter,1.3136561194506526,1.2832590447135441,165,18,0
2026-05-10,0.08933333333333333,201.08133333333333,201.0,179.0,193.0,209.0,222.04999999999995,0.9106666666666666,4.692166776524083,4.823818777747593,0.13165200122351006,7.5249999999999995,-21.5,38.3,59.8,2.685302617599829,177,0,81,183,False,observed_poll_filter,1.3246102823737054,1.293464397688816,165,18,0
2026-05-11,0.08933333333333333,201.07333333333332,201.0,179.0,193.0,209.0,222.04999999999995,0.9106666666666666,4.692166776524083,4.825884868846221,0.13371809232213838,7.5249999999999995,-21.5,38.3,59.8,2.684810289941078,176,0,81,183,False,observed_poll_filter,1.3354745973511242,1.303574429395381,165,18,0
2026-05-12,0.08933333333333333,201.066,201.0,179.0,193.0,209.0,222.04999999999995,0.9106666666666666,4.692166776524083,4.8279478017192545,0.13578102519517188,7.5249999999999995,-21.5,38.3,59.8,2.6843103961225148,175,0,81,183,False,observed_poll_filter,1.34625123961694,1.3135913758591031,165,18,0
2026-05-13,0.08866666666666667,201.058,201.0,179.0,193.0,209.0,222.04999999999995,0.9113333333333333,4.692166776524083,4.830007583602654,0.13784080707857171,7.5249999999999995,-21.5,38.3,59.8,2.6838029490478172,174,0,81,183,False,observed_poll_filter,1.3569422980252872,1.3235173853477553,165,18,0
2026-05-14,0.08866666666666667,201.054,201.0,179.0,193.0,209.0,222.04999999999995,0.9113333333333333,4.692166776524083,4.832064221710295,0.13989744518621272,7.5249999999999995,-21.5,38.3,59.8,2.68328796151426,173,0,81,183,False,observed_poll_filter,1.3675497797777407,1.3333545231510462,165,18,0
2026-05-15,0.08866666666666667,201.05066666666667,201.0,179.0,193.0,209.0,222.04999999999995,0.9113333333333333,4.692166776524083,4.834117723234048,0.1419509467099651,7.5249999999999995,-21.5,38.3,59.8,2.6827654462131774,172,0,81,183,False,observed_poll_filter,1.3780756148231297,1.343104776030294,165,18,0
2026-05-16,0.08866666666666667,201.046,201.0,179.0,193.0,209.0,222.04999999999995,0.9113333333333333,4.692166776524083,4.836168095343862,0.14400131881977973,7.5249999999999995,-21.5,38.3,59.8,2.6822354157304105,171,0,81,183,False,observed_poll_filter,1.3885216599571455,1.3527700563652665,165,18,0
2026-05-17,0.08866666666666667,201.042,201.0,179.0,193.0,209.0,222.04999999999995,0.9113333333333333,4.692166776524083,4.838215345187851,0.14604856866376803,7.5249999999999995,-21.5,38.3,59.8,2.6816978825467612,170,0,81,183,False,observed_poll_filter,1.3988897026464049,1.362352206023017,165,18,0
2026-05-18,0.08866666666666667,201.03866666666667,201.0,179.0,193.0,209.0,222.0,0.9113333333333333,4.692166776524083,4.840259479892376,0.1480927033682935,7.5249999999999995,-21.5,38.3,59.8,2.681152859038431,169,0,81,183,False,observed_poll_filter,1.409181464599271,1.371852999971189,165,18,0
2026-05-19,0.08866666666666667,201.03333333333333,201.0,179.0,193.0,209.0,222.0,0.9113333333333333,4.692166776524083,4.842300506562127,0.15013373003804453,7.5249999999999995,-21.5,38.3,59.8,2.68060035747746,168,0,81,183,False,observed_poll_filter,1.4193986051036358,1.3812741496561378,165,18,0
2026-05-20,0.08866666666666667,201.02666666666667,201.0,179.0,193.0,209.0,222.0,0.9113333333333333,4.692166776524083,4.844338432280203,0.15217165575612057,7.5249999999999995,-21.5,38.3,59.8,2.6800403900321585,167,0,81,183,False,observed_poll_filter,1.4295427241499805,1.390617306164325,165,18,0
2026-05-21,0.08866666666666667,201.01933333333332,201.0,179.0,193.0,209.0,222.0,0.9113333333333333,4.692166776524083,4.846373264108203,0.15420648758412003,7.5249999999999995,-21.5,38.3,59.8,2.679472968767533,166,0,81,183,False,observed_poll_filter,1.4396153653563675,1.399884063183768,165,18,0
2026-05-22,0.08866666666666667,201.014,201.0,179.0,193.0,209.0,222.0,0.9113333333333333,4.692166776524083,4.848405009086292,0.1562382325622096,7.5249999999999995,-21.5,38.3,59.8,2.678898105645708,165,0,81,183,False,observed_poll_filter,1.4496180187104972,1.4090759597807923,165,18,0
2026-05-23,0.08866666666666667,201.01066666666668,201.0,179.0,193.0,209.0,222.0,0.9113333333333333,4.692166776524083,4.850433674233298,0.15826689770921565,7.5249999999999995,-21.5,38.3,59.8,2.6783158125263427,164,0,81,183,False,observed_poll_filter,1.459552123142626,1.418194483005995,165,18,0
2026-05-24,0.08866666666666667,201.00333333333333,201.0,179.0,193.0,209.0,222.0,0.9113333333333333,4.692166776524083,4.852459266546786,0.1602924900227034,7.5249999999999995,-21.5,38.3,59.8,2.677726101167042,163,0,81,183,False,observed_poll_filter,1.4694190689419229,1.4272410703420941,165,18,0
2026-05-25,0.088,201.00066666666666,201.0,179.0,193.0,209.0,222.0,0.912,4.692166776524083,4.854481793003133,0.16231501647905056,7.5249999999999995,-21.5,38.3,59.8,2.6771289832237626,162,0,81,183,False,observed_poll_filter,1.4792202000277537,1.436217112005248,165,18,0
2026-05-26,0.088,200.99466666666666,201.0,179.0,193.0,209.0,222.0,0.912,4.692166776524083,4.8565012605576205,0.1643344840335379,7.5249999999999995,-21.5,38.3,59.8,2.676524470251213,161,0,81,183,False,observed_poll_filter,1.4889568160863995,1.445123953110437,165,18,0
2026-05-27,0.088,200.99,201.0,179.0,193.0,209.0,222.0,0.912,4.692166776524083,4.858517676144502,0.1663508996204195,7.5249999999999995,-21.5,38.3,59.8,2.675912573703252,160,0,81,183,False,observed_poll_filter,1.4986301745828248,1.453962895710602,165,18,0
2026-05-28,0.088,200.98333333333332,201.0,179.0,193.0,209.0,222.0,0.912,4.692166776524083,4.860531046677089,0.16836427015300615,7.5249999999999995,-21.5,38.3,59.8,2.6752933049332746,159,0,81,183,False,observed_poll_filter,1.5082414926563148,1.4627352007184355,165,18,0
2026-05-29,0.088,200.976,201.0,179.0,193.0,209.0,222.0,0.912,4.692166776524083,4.8625413790478325,0.1703746025237498,7.5249999999999995,-21.5,38.3,59.8,2.6746666751946044,158,0,81,183,False,observed_poll_filter,1.5177919489080671,1.4714420897189802,165,18,0
2026-05-30,0.088,200.972,201.0,179.0,193.0,209.0,222.0,0.912,4.692166776524083,4.864548680128392,0.17238190360430927,7.5249999999999995,-21.5,38.3,59.8,2.6740326956408706,157,0,81,183,False,observed_poll_filter,1.527282685088176,1.4800847466805336,165,18,0
2026-05-31,0.088,200.97,201.0,179.0,193.0,209.0,222.0,0.912,4.692166776524083,4.866552956769724,0.17438618024564168,7.5249999999999995,-21.5,38.3,59.8,2.6733913773263835,156,0,81,183,False,observed_poll_filter,1.5367148076888402,1.4886643195707538,165,18,0
2026-06-01,0.08733333333333333,200.96666666666667,201.0,179.0,193.0,209.0,222.0,0.9126666666666666,4.692166776524083,4.8685542158021535,0.17638743927807088,7.5249999999999995,-21.5,38.3,59.8,2.672742731206508,155,0,81,183,False,observed_poll_filter,1.546089389450089,1.4971819218843194,165,18,0
2026-06-02,0.08733333333333333,200.95933333333332,201.0,179.0,193.0,209.0,222.0,0.9126666666666666,4.692166776524083,4.8705524640354545,0.17838568751137185,7.5249999999999995,-21.5,38.3,59.8,2.672086768138031,154,0,81,183,False,observed_poll_filter,1.5554074707838295,1.5056386340879895,165,18,0
2026-06-03,0.08733333333333333,200.95333333333335,201.0,179.0,193.0,209.0,222.0,0.9126666666666666,4.692166776524083,4.872547708258926,0.18038093173484349,7.5249999999999995,-21.5,38.3,59.8,2.6714234988795185,153,0,81,183,False,observed_poll_filter,1.564670061121561,1.5140355049884686,165,18,0
2026-06-04,0.08733333333333333,200.94733333333335,201.0,179.0,193.0,209.0,222.0,0.9126666666666666,4.692166776524083,4.874539955241471,0.18237317871738856,7.5249999999999995,-21.5,38.3,59.8,2.6707529340916767,152,0,81,183,False,observed_poll_filter,1.573878140190704,1.5223735530280662,165,18,0
2026-06-05,0.08733333333333333,200.94266666666667,201.0,179.0,193.0,209.0,222.0,0.9126666666666666,4.692166776524083,4.876529211731667,0.18436243520758477,7.5249999999999995,-21.5,38.3,59.8,2.6700750843377024,151,0,81,183,False,observed_poll_filter,1.5830326592241075,1.5306537675127536,165,18,0
2026-06-06,0.08733333333333333,200.93733333333333,201.0,179.0,193.0,209.0,222.0,0.9126666666666666,4.692166776524083,4.8785154844578535,0.1863487079337709,7.5249999999999995,-21.5,38.3,59.8,2.6693899600836306,150,0,81,183,False,observed_poll_filter,1.5921345421069633,1.5388771097768934,165,18,0
2026-06-07,0.08733333333333333,200.93333333333334,201.0,179.0,193.0,209.0,222.0,0.9126666666666666,4.692166776524083,4.880498780128194,0.18833200360411162,7.5249999999999995,-21.5,38.3,59.8,2.668697571698677,149,0,81,183,False,observed_poll_filter,1.6011846864650403,1.5470445142885882,165,18,0
2026-06-08,0.08733333333333333,200.93066666666667,201.0,179.0,193.0,209.0,222.0,0.9126666666666666,4.692166776524083,4.882479105430762,0.19031232890667926,7.5249999999999995,-21.5,38.3,59.8,2.667997929455577,148,0,81,183,False,observed_poll_filter,1.6101839646978695,1.5551568896993142,165,18,0
2026-06-09,0.08733333333333333,200.92666666666668,201.0,179.0,193.0,209.0,222.0,0.9126666666666666,4.692166776524083,4.884456467033614,0.19228969050953104,7.5249999999999995,-21.5,38.3,59.8,2.6672910435309176,147,0,81,183,False,observed_poll_filter,1.6191332249602408,1.5632151198412358,165,18,0
2026-06-10,0.08733333333333333,200.92266666666666,201.0,179.0,193.0,209.0,222.0,0.9126666666666666,4.692166776524083,4.886430871584858,0.1942640950607757,7.5249999999999995,-21.5,38.3,59.8,2.6665769240054678,146,0,81,183,False,observed_poll_filter,1.6280332920951432,1.5712200646753656,165,18,0
2026-06-11,0.08733333333333333,200.91666666666666,201.0,179.0,193.0,209.0,222.0,0.9126666666666666,4.692166776524083,4.888402325712738,0.19623554918865516,7.5249999999999995,-21.5,38.3,59.8,2.665855580864501,145,0,81,183,False,observed_poll_filter,1.6368849685210474,1.5791725611934895,165,18,0
2026-06-12,0.08733333333333333,200.912,201.0,179.0,193.0,209.0,222.0,0.9126666666666666,4.692166776524083,4.8903708360257,0.19820405950161746,7.5249999999999995,-21.5,38.3,59.8,2.6651270239981177,144,0,81,183,False,observed_poll_filter,1.6456890350762354,1.587073424276603,165,18,0
2026-06-13,0.08733333333333333,200.90866666666668,201.0,179.0,193.0,209.0,222.0,0.9126666666666666,4.692166776524083,4.892336409112471,0.2001696325883886,7.5249999999999995,-21.5,38.3,59.8,2.6643912632015567,143,0,81,183,False,observed_poll_filter,1.6544462518226908,1.5949234475123837,165,18,0
2026-06-14,0.08733333333333333,200.90066666666667,201.0,179.0,193.0,209.0,222.0,0.9126666666666666,4.692166776524083,4.89429905154213,0.2021322750180472,7.5249999999999995,-21.5,38.3,59.8,2.663648308175511,142,0,81,183,False,observed_poll_filter,1.6631573588118926,1.6027234039740796,165,18,0
2026-06-15,0.08666666666666667,200.89066666666668,201.0,179.0,193.0,209.0,222.0,0.9133333333333333,4.692166776524083,4.896258769864181,0.2040919933400982,7.5249999999999995,-21.5,38.3,59.8,2.6628981685264277,141,0,81,183,False,observed_poll_filter,1.6718230768146942,1.610474046963006,165,18,0
2026-06-16,0.08666666666666667,200.88333333333333,201.0,179.0,193.0,209.0,222.0,0.9133333333333333,4.692166776524083,4.898215570608627,0.2060487940845439,7.5249999999999995,-21.5,38.3,59.8,2.662140853766816,140,0,81,183,False,observed_poll_filter,1.6804441080173274,1.6181761107167258,165,18,0
2026-06-17,0.086,200.87666666666667,201.0,179.0,193.0,209.0,222.0,0.914,4.692166776524083,4.90016946028604,0.20800268376195774,7.5249999999999995,-21.5,38.3,59.8,2.661376373315539,139,0,81,183,False,observed_poll_filter,1.6890211366854326,1.6258303110848227,165,18,0
2026-06-18,0.086,200.87,201.0,179.0,193.0,209.0,222.0,0.914,4.692166776524083,4.902120445387641,0.20995366886355793,7.5249999999999995,-21.5,38.3,59.8,2.660604736498113,138,0,81,183,False,observed_poll_filter,1.6975548297978924,1.6334373461740712,165,18,0
2026-06-19,0.086,200.86266666666666,201.0,179.0,193.0,209.0,222.0,0.914,4.692166776524083,4.9040685323853594,0.2119017558612768,7.5249999999999995,-21.5,38.3,59.8,2.65982595254699,137,0,81,183,False,observed_poll_filter,1.7060458376521281,1.6409978969646795,165,18,0
2026-06-20,0.086,200.856,201.0,179.0,193.0,209.0,222.0,0.914,4.692166776524083,4.906013727731915,0.2138469512078327,7.5249999999999995,-21.5,38.3,59.8,2.659040030601845,136,0,81,183,False,observed_poll_filter,1.7144947944424187,1.6485126278991797,165,18,0
2026-06-21,0.086,200.85266666666666,201.0,179.95,193.0,209.0,222.0,0.914,4.692166776524083,4.907956037860886,0.21578926133680376,7.5249999999999995,-21.5,38.3,59.8,2.658246979709857,135,0,81,183,False,observed_poll_filter,1.7229023188126922,1.655982187445437,165,18,0
2026-06-22,0.086,200.84266666666667,201.0,179.95,193.0,209.0,222.0,0.914,4.692166776524083,4.909895469186777,0.21772869266269446,7.5249999999999995,-21.5,38.3,59.8,2.6574468088259815,134,0,81,183,False,observed_poll_filter,1.7312690143851568,1.6634072086351532,165,18,0
2026-06-23,0.086,200.83933333333334,201.0,179.95,193.0,209.0,222.0,0.914,4.692166776524083,4.911832028105094,0.21966525158101113,7.5249999999999995,-21.5,38.3,59.8,2.6566395268132252,133,0,81,183,False,observed_poll_filter,1.7395954702660479,1.670788309579163,165,18,0
2026-06-24,0.08533333333333333,200.82866666666666,201.0,179.95,193.0,209.0,222.0,0.9146666666666666,4.692166776524083,4.913765720992412,0.2215989444683295,7.5249999999999995,-21.5,38.3,59.8,2.6558251424429113,132,0,81,183,False,observed_poll_filter,1.7478822615296925,1.6781260939607336,165,18,0
2026-06-25,0.08533333333333333,200.82533333333333,201.0,179.95,193.0,209.0,222.0,0.9146666666666666,4.692166776524083,4.915696554206447,0.22352977768236393,7.5249999999999995,-21.5,38.3,59.8,2.655003664394942,131,0,81,183,False,observed_poll_filter,1.7561299496820137,1.6854211515080044,165,18,0
2026-06-26,0.08533333333333333,200.81933333333333,201.0,179.95,193.0,209.0,222.0,0.9146666666666666,4.692166776524083,4.917624534086122,0.22545775756203934,7.5249999999999995,-21.5,38.3,59.8,2.6541751012580583,130,0,81,183,False,observed_poll_filter,1.7643390831045354,1.6926740584466413,165,18,0
2026-06-27,0.08533333333333333,200.816,201.0,179.95,193.0,209.0,222.0,0.9146666666666666,4.692166776524083,4.919549666951642,0.22738289042755966,7.5249999999999995,-21.5,38.3,59.8,2.653339461530095,129,0,81,183,False,observed_poll_filter,1.7725101974798771,1.6998853779337044,165,18,0
2026-06-28,0.08533333333333333,200.81333333333333,201.0,180.0,193.0,209.0,222.0,0.9146666666666666,4.692166776524083,4.921471959104556,0.2293051825804735,7.5249999999999995,-21.5,38.3,59.8,2.652496753618228,128,0,81,183,False,observed_poll_filter,1.780643816199678,1.707055660473682,165,18,0
2026-06-29,0.08533333333333333,200.80733333333333,201.0,180.0,193.0,209.0,222.0,0.9146666666666666,4.692166776524083,4.923391416827835,0.23122464030375234,7.5249999999999995,-21.5,38.3,59.8,2.6516469858392253,127,0,81,183,False,observed_poll_filter,1.7887404507558253,1.7141854443175768,165,18,0
2026-06-30,0.08533333333333333,200.804,201.0,180.0,193.0,209.0,222.0,0.9146666666666666,4.692166776524083,4.92530804638593,0.23314126986184736,7.5249999999999995,-21.5,38.3,59.8,2.650790166419684,126,0,81,183,False,observed_poll_filter,1.7968006011158146,1.7212752558458786,165,18,0
2026-07-01,0.084,200.79933333333332,201.0,180.0,193.0,209.0,222.0,0.916,4.692166776524083,4.927221854024848,0.23505507750076493,7.5249999999999995,-21.5,38.3,59.8,2.6499263034962715,125,0,81,183,False,observed_poll_filter,1.8048247560830257,1.7283256099362219,165,18,0
2026-07-02,0.084,200.79533333333333,201.0,180.0,193.0,209.0,222.0,0.916,4.692166776524083,4.929132845972216,0.23696606944813325,7.5249999999999995,-21.5,38.3,59.8,2.6490554051159583,124,0,81,183,False,observed_poll_filter,1.8128133936426423,1.7353370103164607,165,18,0
2026-07-03,0.084,200.79066666666668,201.0,180.0,193.0,209.0,222.0,0.916,4.692166776524083,4.931041028437352,0.23887425191326894,7.5249999999999995,-21.5,38.3,59.8,2.6481774792362467,123,0,81,183,False,observed_poll_filter,1.8207669812939145,1.7423099499038743,165,18,0
2026-07-04,0.084,200.786,201.0,180.0,193.0,209.0,222.0,0.916,4.692166776524083,4.9329464076113245,0.24077963108724187,7.5249999999999995,-21.5,38.3,59.8,2.6472925337253983,122,0,81,183,False,observed_poll_filter,1.8286859763694132,1.7492449111311539,165,18,0
2026-07-05,0.084,200.78266666666667,201.0,180.0,193.0,209.0,222.0,0.916,4.692166776524083,4.934848989667032,0.2426822131429489,7.5249999999999995,-21.5,38.3,59.8,2.646400576362654,121,0,81,183,False,observed_poll_filter,1.8365708263418958,1.7561423662598048,165,18,0
2026-07-06,0.084,200.78,201.0,180.0,193.0,209.0,222.0,0.916,4.692166776524083,4.936748780759256,0.2445820042351734,7.5249999999999995,-21.5,38.3,59.8,2.645501614838453,120,0,81,183,False,observed_poll_filter,1.8444219691193646,1.76300277768155,165,18,0
2026-07-07,0.084,200.776,201.0,180.0,193.0,209.0,222.0,0.916,4.692166776524083,4.938645787024738,0.24647901050065535,7.5249999999999995,-21.5,38.3,59.8,2.644595656754644,119,0,81,183,False,observed_poll_filter,1.8522398333288683,1.769826598208289,165,18,0
2026-07-08,0.084,200.774,201.0,180.0,193.0,209.0,222.0,0.916,4.692166776524083,4.940540014582241,0.24837323805815803,7.5249999999999995,-21.5,38.3,59.8,2.6436827096246964,118,0,81,183,False,observed_poll_filter,1.8600248385895695,1.77661427135115,165,18,0
2026-07-09,0.084,200.76866666666666,201.0,180.0,193.0,209.0,222.0,0.916,4.692166776524083,4.942431469532614,0.25026469300853105,7.5249999999999995,-21.5,38.3,59.8,2.6427627808739076,117,0,81,183,False,observed_poll_filter,1.8677773957755657,1.7833662315891228,165,18,0
2026-07-10,0.084,200.76466666666667,201.0,180.0,193.0,209.0,222.0,0.916,4.692166776524083,4.9443201579588605,0.25215338143477783,7.5249999999999995,-21.5,38.3,59.8,2.6418358778396,116,0,81,183,False,observed_poll_filter,1.875497907268935,1.7900829046277515,165,18,0
2026-07-11,0.084,200.75866666666667,201.0,180.0,193.0,209.0,222.0,0.916,4.692166776524083,4.946206085926204,0.2540393094021214,7.5249999999999995,-21.5,38.3,59.8,2.640902007771321,115,0,81,183,False,observed_poll_filter,1.883186767203443,1.796764707648331,165,18,0
2026-07-12,0.084,200.75466666666668,201.0,180.0,193.0,209.0,222.0,0.916,4.692166776524083,4.948089259482147,0.25592248295806463,7.5249999999999995,-21.5,38.3,59.8,2.639961177831038,114,0,81,183,False,observed_poll_filter,1.8908443616993322,1.8034120495480337,165,18,0
2026-07-13,0.084,200.752,201.0,180.0,193.0,209.0,222.0,0.916,4.692166776524083,4.949969684656545,0.2578029081324624,7.5249999999999995,-21.5,38.3,59.8,2.6390133950933254,113,0,81,183,False,observed_poll_filter,1.8984710690895858,1.8100253311713626,165,18,0
2026-07-14,0.084,200.74933333333334,201.0,180.0,193.0,209.0,222.0,0.916,4.692166776524083,4.951847367461663,0.2596805909375801,7.5249999999999995,-21.5,38.3,59.8,2.638058666545553,112,0,81,183,False,observed_poll_filter,1.9060672601380455,1.8166049455333158,165,18,0
2026-07-15,0.084,200.74133333333333,201.0,180.0,193.0,209.0,222.0,0.916,4.692166776524083,4.953722313892241,0.2615555373681584,7.5249999999999995,-21.5,38.3,59.8,2.6370969990880644,111,0,81,183,False,observed_poll_filter,1.913633298249734,1.8231512780346217,165,18,0
2026-07-16,0.084,200.738,201.0,180.0,193.0,209.0,222.0,0.916,4.692166776524083,4.955594529925565,0.2634277534014826,7.5249999999999995,-21.5,38.3,59.8,2.6361283995343587,110,0,81,183,False,observed_poll_filter,1.9211695396737258,1.8296647066693883,165,18,0
2026-07-17,0.084,200.732,201.0,180.0,193.0,209.0,222.0,0.916,4.692166776524083,4.957464021521519,0.265297244997436,7.5249999999999995,-21.5,38.3,59.8,2.6351528746112614,109,0,81,183,False,observed_poll_filter,1.9286763336988806,1.836145602225486,165,18,0
2026-07-18,0.084,200.72666666666666,201.0,180.0,193.0,209.0,222.0,0.916,4.692166776524083,4.959330794622657,0.2671640180985744,7.5249999999999995,-21.5,38.3,59.8,2.634170430959096,108,0,81,183,False,observed_poll_filter,1.9361540228427478,1.842594328477983,165,18,0
2026-07-19,0.084,200.724,201.0,180.0,193.0,209.0,222.0,0.916,4.692166776524083,4.961194855154261,0.2690280786301784,7.5249999999999995,-21.5,38.3,59.8,2.633181075131851,107,0,81,183,False,observed_poll_filter,1.9436029430339306,1.8490112423759166,165,18,0
2026-07-20,0.084,200.718,201.0,180.0,193.0,209.0,222.0,0.916,4.692166776524083,4.9630562090244075,0.2708894325003248,7.5249999999999995,-21.5,38.3,59.8,2.6321848135973407,106,0,81,183,False,observed_poll_filter,1.951023423788181,1.8553966942226847,165,18,0
2026-07-21,0.084,200.71333333333334,201.0,180.0,193.0,209.0,222.0,0.916,4.692166776524083,4.964914862124028,0.2727480855999458,7.5249999999999995,-21.5,38.3,59.8,2.6311816527373644,105,0,81,183,False,observed_poll_filter,1.9584157883784936,1.8617510278503213,165,18,0
2026-07-22,0.084,200.708,201.0,180.0,193.0,209.0,222.0,0.916,4.692166776524083,4.966770820326972,0.2746040438028894,7.5249999999999995,-21.5,38.3,59.8,2.6301715988478613,104,0,81,183,False,observed_poll_filter,1.965780353999438,1.868074580787907,165,18,0
2026-07-23,0.084,200.704,201.0,180.0,193.0,209.0,222.0,0.916,4.692166776524083,4.968624089490064,0.27645731296598175,7.5249999999999995,-21.5,38.3,59.8,2.629154658139061,103,0,81,183,False,observed_poll_filter,1.9731174319259754,1.874367684424356,165,18,0
2026-07-24,0.084,200.69666666666666,201.0,180.0,193.0,209.0,222.0,0.916,4.692166776524083,4.970474675453175,0.2783078989290919,7.5249999999999995,-21.5,38.3,59.8,2.628130836735632,102,0,81,183,False,observed_poll_filter,1.9804273276669753,1.880630664165809,165,18,0
2026-07-25,0.084,200.69133333333335,201.0,180.0,193.0,209.0,222.0,0.916,4.692166776524083,4.972322584039272,0.28015580751518954,7.5249999999999995,-21.5,38.3,59.8,2.6271001406768217,101,0,81,183,False,observed_poll_filter,1.9877103411136536,1.8868638395878428,165,18,0
2026-07-26,0.084,200.68466666666666,201.0,180.0,193.0,209.0,222.0,0.916,4.692166776524083,4.974167821054491,0.282001044530408,7.5249999999999995,-21.5,38.3,59.8,2.6260625759166,100,0,81,183,False,observed_poll_filter,1.9949667666831337,1.8930675245827144,165,18,0
2026-07-27,0.084,200.67866666666666,201.0,180.0,193.0,209.0,222.0,0.916,4.692166776524083,4.976010392288189,0.28384361576410644,7.5249999999999995,-21.5,38.3,59.8,2.6250181483237913,99,0,81,183,False,observed_poll_filter,2.0021968934573238,1.8992420275018307,165,18,0
2026-07-28,0.084,200.67466666666667,201.0,180.0,193.0,209.0,222.0,0.916,4.692166776524083,4.977850303513007,0.2856835269889242,7.5249999999999995,-21.5,38.3,59.8,2.623966863682208,98,0,81,183,False,observed_poll_filter,2.0094010053172955,1.9053876512936267,165,18,0
2026-07-29,0.084,200.67,201.0,180.0,193.0,209.0,222.0,0.916,4.692166776524083,4.979687560484931,0.287520783960848,7.5249999999999995,-21.5,38.3,59.8,2.6229087276907794,97,0,81,183,False,observed_poll_filter,2.0165793810733454,1.9115046936370477,165,18,0
2026-07-30,0.084,200.664,201.0,180.0,193.0,209.0,222.0,0.916,4.692166776524083,4.9815221689433535,0.2893553924192709,7.5249999999999995,-21.5,38.3,59.8,2.6218437459636754,96,0,81,183,False,observed_poll_filter,2.023732294590902,1.9175934470707903,165,18,0
2026-07-31,0.084,200.65933333333334,201.0,180.0,193.0,209.0,222.0,0.916,4.692166776524083,4.983354134611131,0.29118735808704876,7.5249999999999995,-21.5,38.3,59.8,2.6207719240304232,95,0,81,183,False,observed_poll_filter,2.0308600149124403,1.9236541991184708,165,18,0
2026-08-01,0.084,200.65666666666667,201.0,180.0,193.0,209.0,222.0,0.916,4.692166776524083,4.985183463194644,0.293016686670561,7.5249999999999995,-21.5,38.3,59.8,2.619693267336032,94,0,81,183,False,observed_poll_filter,2.037962806375562,1.9296872324098882,165,18,0
2026-08-02,0.084,200.65133333333333,201.0,180.0,193.0,209.0,222.0,0.916,4.692166776524083,4.987010160383853,0.29484338385976994,7.5249999999999995,-21.5,38.3,59.8,2.618607781241098,93,0,81,183,False,observed_poll_filter,2.045040928727383,1.9356928247985075,165,18,0
2026-08-03,0.084,200.64866666666666,201.0,180.0,193.0,209.0,222.0,0.916,4.692166776524083,4.9888342318523655,0.29666745532828287,7.5249999999999995,-21.5,38.3,59.8,2.617515471021919,92,0,81,183,False,observed_poll_filter,2.0520946372353683,1.9416712494753319,165,18,0
2026-08-04,0.084,200.646,201.0,180.0,193.0,209.0,222.0,0.916,4.692166776524083,4.99065568325749,0.29848890673340733,7.5249999999999995,-21.5,38.3,59.8,2.616416341870596,91,0,81,183,False,observed_poll_filter,2.059124182794753,1.9476227750792787,165,18,0
2026-08-05,0.08333333333333333,200.63866666666667,201.0,180.0,193.0,209.0,222.0,0.9166666666666666,4.692166776524083,4.992474520240291,0.3003077437162087,7.5249999999999995,-21.5,38.3,59.8,2.6153103988951387,90,0,81,183,False,observed_poll_filter,2.0661298120326705,1.9535476658042028,165,18,0
2026-08-06,0.08333333333333333,200.63333333333333,201.0,180.0,193.0,208.25,222.0,0.9166666666666666,4.692166776524083,4.994290748425653,0.3021239719015707,7.5249999999999995,-21.5,38.3,59.8,2.61419764711956,89,0,81,183,False,observed_poll_filter,2.0731117674091184,1.9594461815026827,165,18,0
2026-08-07,0.08333333333333333,200.63,201.0,180.0,193.0,208.0,222.0,0.9166666666666666,4.692166776524083,4.9961043734223365,0.30393759689825384,7.5249999999999995,-21.5,38.3,59.8,2.6130780914839735,88,0,81,183,False,observed_poll_filter,2.0800702873148684,1.9653185777866966,165,18,0
2026-08-08,0.08333333333333333,200.62533333333334,201.0,180.0,193.0,208.0,222.0,0.9166666666666666,4.692166776524083,4.997915400823033,0.30574862429895067,7.5249999999999995,-21.5,38.3,59.8,2.611951736844679,87,0,81,183,False,observed_poll_filter,2.0870056061664424,1.9711651061252922,165,18,0
2026-08-09,0.08333333333333333,200.61933333333334,201.0,180.0,193.0,208.0,222.0,0.9166666666666666,4.692166776524083,4.9997238362044305,0.30755705968034786,7.5249999999999995,-21.5,38.3,59.8,2.610818587974255,86,0,81,183,False,observed_poll_filter,2.093917954498256,1.9769860139393713,165,18,0
2026-08-10,0.08333333333333333,200.61266666666666,201.0,180.0,193.0,208.0,222.0,0.9166666666666666,4.692166776524083,5.001529685127259,0.30936290860317595,7.5249999999999995,-21.5,38.3,59.8,2.6096786495616398,85,0,81,183,False,observed_poll_filter,2.1008075590520328,1.9827815446936816,165,18,0
2026-08-11,0.08333333333333333,200.608,201.0,180.0,193.0,208.0,222.0,0.9166666666666666,4.692166776524083,5.003332953136358,0.3111661766122751,7.5249999999999995,-21.5,38.3,59.8,2.6085319262122066,84,0,81,183,False,observed_poll_filter,2.1076746428635893,1.9885519379861227,165,18,0
2026-08-12,0.08333333333333333,200.60666666666665,201.0,180.0,193.0,208.0,222.0,0.9166666666666666,4.692166776524083,5.005133645760725,0.3129668692366421,7.5249999999999995,-21.5,38.3,59.8,2.607378422447846,83,0,81,183,False,observed_poll_filter,2.1145194253470834,1.9942974296344607,165,18,0
2026-08-13,0.08333333333333333,200.6,201.0,180.0,193.0,208.0,222.0,0.9166666666666666,4.692166776524083,5.006931768513581,0.3147649919894979,7.5249999999999995,-21.5,38.3,59.8,2.6062181427070317,82,0,81,183,False,observed_poll_filter,2.1213421223768125,2.0000182517605407,165,18,0
2026-08-14,0.08333333333333333,200.59533333333334,201.0,180.0,193.0,208.0,222.0,0.9166666666666666,4.692166776524083,5.008727326892418,0.31656055036833575,7.5249999999999995,-21.5,38.3,59.8,2.6050510913448925,81,0,81,183,False,observed_poll_filter,2.128142946366658,2.0057146328720883,165,18,0
2026-08-15,0.08333333333333333,200.59066666666666,201.0,180.0,193.0,208.0,222.0,0.9166666666666666,4.692166776524083,5.010520326379061,0.31835354985497855,7.5249999999999995,-21.5,38.3,59.8,2.6038772726332753,80,0,81,183,False,observed_poll_filter,2.1349221063472457,2.011386797942182,165,18,0
2026-08-16,0.08333333333333333,200.58333333333334,201.0,180.0,193.0,208.0,222.0,0.9166666666666666,4.692166776524083,5.01231077243972,0.3201439959156369,7.5249999999999995,-21.5,38.3,59.8,2.602696690760805,79,0,81,183,False,observed_poll_filter,2.1416798080409127,2.017034968486477,165,18,0
2026-08-17,0.08333333333333333,200.58,201.0,180.0,193.0,208.0,222.0,0.9166666666666666,4.692166776524083,5.014098670525046,0.3219318940009632,7.5249999999999995,-21.5,38.3,59.8,2.601509349832941,78,0,81,183,False,observed_poll_filter,2.148416253934549,2.02265936263826,165,18,0
2026-08-18,0.08333333333333333,200.57666666666665,201.0,180.0,193.0,208.0,222.0,0.9166666666666666,4.692166776524083,5.015884026070191,0.3237172495461085,7.5249999999999995,-21.5,38.3,59.8,2.6003152538720333,77,0,81,183,False,observed_poll_filter,2.155131643350392,2.028260195221406,165,18,0
2026-08-19,0.08333333333333333,200.57,201.0,180.0,193.0,208.0,221.04999999999995,0.9166666666666666,4.692166776524083,5.017666844494859,0.32550006797077646,7.5249999999999995,-21.5,38.3,59.8,2.5991144068173684,76,0,81,183,False,observed_poll_filter,2.1618261725148393,2.033837677821315,165,18,0
2026-08-20,0.08333333333333333,200.56733333333332,201.0,180.0,193.0,208.0,221.04999999999995,0.9166666666666666,4.692166776524083,5.019447131203357,0.3272803546792744,7.5249999999999995,-21.5,38.3,59.8,2.5979068125252174,75,0,81,183,False,observed_poll_filter,2.168500034625354,2.0393920188538877,165,18,0
2026-08-21,0.08333333333333333,200.56466666666665,201.0,180.0,193.0,208.0,221.04999999999995,0.9166666666666666,4.692166776524083,5.021224891584659,0.32905811506057603,7.5249999999999995,-21.5,38.3,59.8,2.596692474768876,74,0,81,183,False,observed_poll_filter,2.175153419915515,2.044923423632609,165,18,0
2026-08-22,0.08333333333333333,200.56133333333332,201.0,180.0,193.0,208.0,221.04999999999995,0.9166666666666666,4.692166776524083,5.023000131012451,0.3308333544883686,7.5249999999999995,-21.5,38.3,59.8,2.595471397238703,73,0,81,183,False,observed_poll_filter,2.181786515718291,2.0504320944338112,165,18,0
2026-08-23,0.08333333333333333,200.55933333333334,201.0,180.0,193.0,208.0,221.04999999999995,0.9166666666666666,4.692166776524083,5.024772854845195,0.33260607832111244,7.5249999999999995,-21.5,38.3,59.8,2.5942435835421582,72,0,81,183,False,observed_poll_filter,2.188399506527581,2.0559182305601693,165,18,0
2026-08-24,0.082,200.55466666666666,201.0,180.0,193.0,208.0,221.0,0.918,4.692166776524083,5.02654306842617,0.3343762919020872,7.5249999999999995,-21.5,38.3,59.8,2.5930090372038253,71,0,81,183,False,observed_poll_filter,2.1949925740580905,2.061382028402477,165,18,0
2026-08-25,0.08133333333333333,200.55466666666666,201.0,180.0,193.0,208.0,221.0,0.9186666666666666,4.692166776524083,5.028310777083542,0.33614400055945914,7.5249999999999995,-21.5,38.3,59.8,2.5917677616654484,70,0,81,183,False,observed_poll_filter,2.20156589730359,2.066823681499786,165,18,0
2026-08-26,0.08133333333333333,200.55,201.0,180.0,193.0,208.0,221.0,0.9186666666666666,4.692166776524083,5.0300759861304,0.337909209606317,7.5249999999999995,-21.5,38.3,59.8,2.5905197602859467,69,0,81,183,False,observed_poll_filter,2.208119652593618,2.0722433805979352,165,18,0
2026-08-27,0.08133333333333333,200.544,201.0,180.0,193.0,208.0,221.0,0.9186666666666666,4.692166776524083,5.0318387008648235,0.3396719243407409,7.5249999999999995,-21.5,38.3,59.8,2.5892650363414402,68,0,81,183,False,observed_poll_filter,2.2146540136486697,2.0776413137065406,165,18,0
2026-08-28,0.08133333333333333,200.54066666666668,201.0,180.0,193.0,208.0,221.0,0.9186666666666666,4.692166776524083,5.033598926569927,0.3414321500458444,7.5249999999999995,-21.5,38.3,59.8,2.588003593025261,67,0,81,183,False,observed_poll_filter,2.2211691516339234,2.083017666154481,165,18,0
2026-08-29,0.08133333333333333,200.54133333333334,201.0,180.0,193.0,208.0,221.0,0.9186666666666666,4.692166776524083,5.035356668513916,0.34318989198983374,7.5249999999999995,-21.5,38.3,59.8,2.5867354334479664,66,0,81,183,False,observed_poll_filter,2.227665235211557,2.0883726206439404,165,18,0
2026-08-30,0.08133333333333333,200.54,201.0,180.0,193.0,208.0,221.0,0.9186666666666666,4.692166776524083,5.037111931950141,0.34494515542605875,7.5249999999999995,-21.5,38.3,59.8,2.58546056063735,65,0,81,183,False,observed_poll_filter,2.234142430591694,2.093706357303048,165,18,0
2026-08-31,0.08133333333333333,200.53933333333333,201.0,180.0,193.0,208.0,221.0,0.9186666666666666,4.692166776524083,5.038864722117144,0.34669794559306144,7.5249999999999995,-21.5,38.3,59.8,2.5841789775384396,64,0,81,183,False,observed_poll_filter,2.2406009015820203,2.0990190537371536,165,18,0
2026-09-01,0.08066666666666666,200.532,201.0,180.0,193.0,208.0,221.0,0.9193333333333333,4.692166776524083,5.04061504423872,0.34844826771463744,7.5249999999999995,-21.5,38.3,59.8,2.582890687013504,63,0,81,183,False,observed_poll_filter,2.2470408096361227,2.104310885078793,165,18,0
2026-09-02,0.08066666666666666,200.53066666666666,201.0,180.0,193.0,208.0,221.0,0.9193333333333333,4.692166776524083,5.042362903523958,0.350196126999875,7.5249999999999995,-21.5,38.3,59.8,2.5815956918420477,62,0,81,183,False,observed_poll_filter,2.2534623139005814,2.109582024036378,165,18,0
2026-09-03,0.08066666666666666,200.52266666666668,201.0,180.0,193.0,208.0,221.0,0.9193333333333333,4.692166776524083,5.044108305167302,0.35194152864321904,7.5249999999999995,-21.5,38.3,59.8,2.5802939947208,61,0,81,183,False,observed_poll_filter,2.2598655712608577,2.1148326409416476,165,18,0
2026-09-04,0.08066666666666666,200.51866666666666,201.0,180.0,193.0,208.0,221.0,0.9193333333333333,4.692166776524083,5.0458512543485945,0.35368447782451184,7.5249999999999995,-21.5,38.3,59.8,2.57898559826371,60,0,81,183,False,observed_poll_filter,2.2662507363860165,2.1200629037959287,165,18,0
2026-09-05,0.08066666666666666,200.51133333333334,201.0,180.0,193.0,208.0,221.0,0.9193333333333333,4.692166776524083,5.047591756233138,0.3554249797090554,7.5249999999999995,-21.5,38.3,59.8,2.5776705050019277,59,0,81,183,False,observed_poll_filter,2.2726179617723177,2.1252729783152313,165,18,0
2026-09-06,0.08066666666666666,200.50933333333333,201.0,180.0,193.0,208.0,221.0,0.9193333333333333,4.692166776524083,5.049329815971735,0.35716303944765215,7.5249999999999995,-21.5,38.3,59.8,2.5763487173837882,58,0,81,183,False,observed_poll_filter,2.2789673977857086,2.130463027974222,165,18,0
2026-09-07,0.08066666666666666,200.50333333333333,201.0,180.0,193.0,208.0,221.0,0.9193333333333333,4.692166776524083,5.0510654387007445,0.3588986621766619,7.5249999999999995,-21.5,38.3,59.8,2.5750202377747846,57,0,81,183,False,observed_poll_filter,2.285299192703258,2.1356332140491046,165,18,0
2026-09-08,0.08066666666666666,200.50066666666666,201.0,180.0,193.0,208.0,221.0,0.9193333333333333,4.692166776524083,5.052798629542132,0.3606318530180497,7.5249999999999995,-21.5,38.3,59.8,2.5736850684575496,56,0,81,183,False,observed_poll_filter,2.2916134927535583,2.140783695659452,165,18,0
2026-09-09,0.08066666666666666,200.49533333333332,201.0,180.0,193.0,208.0,221.0,0.9193333333333333,4.692166776524083,5.054529393603521,0.3623626170794383,7.5249999999999995,-21.5,38.3,59.8,2.572343211631817,55,0,81,183,False,observed_poll_filter,2.2979104421561263,2.1459146298089986,165,18,0
2026-09-10,0.08066666666666666,200.494,201.0,180.0,193.0,208.0,221.0,0.9193333333333333,4.692166776524083,5.056257735978239,0.36409095945415615,7.5249999999999995,-21.5,38.3,59.8,2.5709946694143935,54,0,81,183,False,observed_poll_filter,2.3041901831598373,2.1510261714254493,165,18,0
2026-09-11,0.08066666666666666,200.492,201.0,180.0,193.0,208.0,221.0,0.9193333333333333,4.692166776524083,5.057983661745373,0.36581688522129063,7.5249999999999995,-21.5,38.3,59.8,2.5696394438391166,53,0,81,183,False,observed_poll_filter,2.3104528560804187,2.1561184733993177,165,18,0
2026-09-12,0.08066666666666666,200.48533333333333,201.0,180.0,193.0,208.0,221.0,0.9193333333333333,4.692166776524083,5.059707175969816,0.36754039944573336,7.5249999999999995,-21.5,38.3,59.8,2.568277536856817,52,0,81,183,False,observed_poll_filter,2.3166985993370317,2.161191686621832,165,18,0
2026-09-13,0.08066666666666666,200.48333333333332,201.0,180.0,193.0,208.0,221.0,0.9193333333333333,4.692166776524083,5.061428283702319,0.36926150717823614,7.5249999999999995,-21.5,38.3,59.8,2.56690895033527,51,0,81,183,False,observed_poll_filter,2.3229275494879653,2.166245960021926,165,18,0
2026-09-14,0.08066666666666666,200.47933333333333,201.0,180.0,193.0,208.0,221.0,0.9193333333333333,4.692166776524083,5.063146989979529,0.3709802134554465,7.5249999999999995,-21.5,38.3,59.8,2.565533686059146,50,0,81,183,False,observed_poll_filter,2.3291398412654756,2.1712814406023524,165,18,0
2026-09-15,0.08066666666666666,200.47466666666668,201.0,180.0,193.0,208.0,221.0,0.9193333333333333,4.692166776524083,5.0648632998240615,0.3726965232999788,7.5249999999999995,-21.5,38.3,59.8,2.5641517457299585,49,0,81,183,False,observed_poll_filter,2.3353356076097853,2.1762982734749374,165,18,0
2026-09-16,0.08,200.46933333333334,201.0,180.0,193.0,208.0,221.0,0.92,4.692166776524083,5.066577218244525,0.3744104417204426,7.5249999999999995,-21.5,38.3,59.8,2.5627631309660055,48,0,81,183,False,observed_poll_filter,2.341514979702279,2.181296601895002,165,18,0
2026-09-17,0.08,200.46466666666666,201.0,180.0,193.0,208.0,221.0,0.92,4.692166776524083,5.068288750235585,0.376121973711502,7.5249999999999995,-21.5,38.3,59.8,2.561367843302308,47,0,81,183,False,observed_poll_filter,2.3476780869979095,2.186276567294979,165,18,0
2026-09-18,0.08,200.45866666666666,201.0,180.0,193.0,208.0,221.0,0.92,4.692166776524083,5.069997900778006,0.3778311242539232,7.5249999999999995,-21.5,38.3,59.8,2.5599658841905457,46,0,81,183,False,observed_poll_filter,2.3538250572568398,2.1912383093172414,165,18,0
2026-09-19,0.08,200.45333333333335,201.0,180.0,193.0,208.0,221.0,0.92,4.692166776524083,5.071704674838703,0.37953789831462004,7.5249999999999995,-21.5,38.3,59.8,2.5585572549989855,45,0,81,183,False,observed_poll_filter,2.359956016575344,2.196181965846169,165,18,0
2026-09-20,0.08,200.45066666666668,201.0,180.0,193.0,208.0,221.0,0.92,4.692166776524083,5.073409077370786,0.3812423008467034,7.5249999999999995,-21.5,38.3,59.8,2.5571419570124103,44,0,81,183,False,observed_poll_filter,2.366071089415989,2.2011076730394765,165,18,0
2026-09-21,0.07933333333333334,200.44466666666668,201.0,180.0,192.75,208.0,221.0,0.9206666666666666,4.692166776524083,5.075111113313611,0.382944336789528,7.5249999999999995,-21.5,38.3,59.8,2.55571999143204,43,0,81,183,False,observed_poll_filter,2.372170398637114,2.2060155653588183,165,18,0
2026-09-22,0.07866666666666666,200.43866666666668,201.0,180.0,192.75,208.0,221.0,0.9213333333333333,4.692166776524083,5.076810787592827,0.3846440110687439,7.5249999999999995,-21.5,38.3,59.8,2.5542913593754517,42,0,81,183,False,observed_poll_filter,2.378254065521631,2.210905775599696,165,18,0
2026-09-23,0.07866666666666666,200.434,201.0,180.0,192.75,208.0,221.0,0.9213333333333333,4.692166776524083,5.078508105120424,0.38634132859634107,7.5249999999999995,-21.5,38.3,59.8,2.552856061876492,41,0,81,183,False,observed_poll_filter,2.384322209805161,2.2157784349206833,165,18,0
2026-09-24,0.07866666666666666,200.432,201.0,180.0,192.75,208.0,221.0,0.9213333333333333,4.692166776524083,5.08020307079478,0.3880362942706972,7.5249999999999995,-21.5,38.3,59.8,2.55141409988519,40,0,81,183,False,observed_poll_filter,2.3903749497035327,2.2206336728719926,165,18,0
2026-09-25,0.07866666666666666,200.428,201.0,180.0,192.75,208.0,221.0,0.9213333333333333,4.692166776524083,5.081895689500703,0.3897289129766204,7.5249999999999995,-21.5,38.3,59.8,2.5499654742676605,39,0,81,183,False,observed_poll_filter,2.3964124019396507,2.2254716174233935,165,18,0
2026-09-26,0.07866666666666666,200.42533333333333,201.0,180.0,192.75,208.0,221.0,0.9213333333333333,4.692166776524083,5.0835859661094895,0.3914191895854069,7.5249999999999995,-21.5,38.3,59.8,2.5485101858060095,38,0,81,183,False,observed_poll_filter,2.4024346817697597,2.230292394991513,165,18,0
2026-09-27,0.078,200.42466666666667,201.0,180.0,192.75,208.0,221.0,0.922,4.692166776524083,5.085273905478959,0.39310712895487665,7.5249999999999995,-21.5,38.3,59.8,2.54704823519823,37,0,81,183,False,observed_poll_filter,2.408441903009115,2.2350961304665216,165,18,0
2026-09-28,0.078,200.42133333333334,201.0,180.0,192.75,208.0,221.0,0.922,4.692166776524083,5.086959512453512,0.3947927359294292,7.5249999999999995,-21.5,38.3,59.8,2.5455796230580976,36,0,81,183,False,observed_poll_filter,2.4144341780570797,2.239882947238227,165,18,0
2026-09-29,0.078,200.422,201.0,180.0,192.75,208.0,221.0,0.922,4.692166776524083,5.08864279186416,0.3964760153400775,7.5249999999999995,-21.5,38.3,59.8,2.544104349915059,35,0,81,183,True,observed_poll_filter,2.4204116179216637,2.2446529672215982,165,18,0
