as_of_date,gop_control_prob,expected_gop_seats,median_gop_seats,gop_seat_q05,gop_seat_q25,gop_seat_q75,gop_seat_q95,dem_control_prob,generic_ballot_margin_dem,national_mean_margin_dem,approval_adjustment_to_national_margin,approval_implied_generic_margin_dem,trump_net_approval,trump_approve_pct,trump_disapprove_pct,national_election_day_sd,days_to_election,districts_polled,districts_open,visible_national_poll_rows,is_observed_run,history_stage,filtered_generic_sd,filtered_national_sd,exact_date_rows_cumulative,inferred_date_rows_cumulative,poll_rows_today
2025-01-23,0.44133333333333336,215.60733333333334,214.0,177.0,199.0,231.0,261.04999999999995,0.5586666666666666,-2.2666625454245146,-0.6226154386886187,1.644047106735896,7.280000000000001,-20.800000000000004,38.8,59.6,5.068123549025275,649,0,81,1,False,observed_poll_filter,2.7366732975482506,2.550936359101211,1,0,1
2025-01-24,0.44133333333333336,215.594,213.5,177.0,199.0,231.0,261.04999999999995,0.5586666666666666,-2.2666625454245146,-0.6173674007995381,1.6492951446249764,7.280000000000001,-20.800000000000004,38.8,59.6,5.067224724021988,648,0,81,1,False,observed_poll_filter,2.7419483469813244,2.5548124008896838,1,0,0
2025-01-25,0.44066666666666665,215.58,213.0,177.0,199.0,231.0,261.04999999999995,0.5593333333333333,-2.2666625454245146,-0.6121263286103,1.6545362168142146,7.280000000000001,-20.800000000000004,38.8,59.6,5.066323147212351,647,0,81,1,False,observed_poll_filter,2.7472132675701784,2.5586774380487403,1,0,0
2025-01-26,0.44066666666666665,215.56133333333332,213.0,177.0,199.0,231.0,261.04999999999995,0.5593333333333333,-2.2666625454245146,-0.6068922082617829,1.6597703371627317,7.280000000000001,-20.800000000000004,38.8,59.6,5.065418822285722,646,0,81,1,False,observed_poll_filter,2.752468117438169,2.5625315305702046,1,0,0
2025-01-27,0.44066666666666665,215.54,213.0,177.0,199.0,231.0,261.04999999999995,0.5593333333333333,-2.2666625454245146,-0.601665025931608,1.6649975194929065,7.280000000000001,-20.800000000000004,38.8,59.6,5.064511752915938,645,0,81,1,False,observed_poll_filter,2.7577129541548766,2.5663747379179966,1,0,0
2025-01-28,0.44066666666666665,215.52533333333332,213.0,177.0,199.0,231.0,261.04999999999995,0.5593333333333333,-2.2666625454245146,-0.5964447678340145,1.6702177775905,7.280000000000001,-20.800000000000004,38.8,59.6,5.063601942761364,644,0,81,1,False,observed_poll_filter,2.7629478347434677,2.5702071190347016,1,0,0
2025-01-29,0.44,215.50533333333334,213.0,177.0,199.0,231.0,261.04999999999995,0.56,-2.2666625454245146,-0.5912314202197422,1.6754311252047724,7.280000000000001,-20.800000000000004,38.8,59.6,5.06268939546495,643,0,81,1,False,observed_poll_filter,2.7681728156879255,2.5740287323480406,1,0,0
2025-01-30,0.44,215.49133333333333,213.0,177.0,199.0,231.0,261.04999999999995,0.56,-2.2666625454245146,-0.5860249693759084,1.680637576048606,7.280000000000001,-20.800000000000004,38.8,59.6,5.061774114654275,642,0,81,1,False,observed_poll_filter,2.773387952940161,2.577839635777228,1,0,0
2025-01-31,0.44,215.478,213.0,177.0,199.0,231.0,261.04999999999995,0.56,-2.2666625454245146,-0.5808254016258872,1.6858371437986275,7.280000000000001,-20.800000000000004,38.8,59.6,5.060856103941604,641,0,81,1,False,observed_poll_filter,2.7785933019270055,2.581639886739239,1,0,0
2025-02-01,0.4226666666666667,214.50066666666666,213.0,179.0,199.0,228.0,257.0,0.5773333333333334,-0.9121198570233975,-0.2590608922266185,0.653058964796779,7.280000000000001,-20.800000000000004,38.8,59.6,4.6865856152615235,640,0,81,2,False,observed_poll_filter,1.7659110439290944,1.74516037348326,2,0,1
2025-02-02,0.422,214.48133333333334,213.0,179.0,199.0,228.0,257.0,0.578,-0.9121198570233975,-0.2534952816466054,0.6586245753767921,7.280000000000001,-20.800000000000004,38.8,59.6,4.68611167397368,639,0,81,2,False,observed_poll_filter,1.7740749181110542,1.752153709282493,2,0,0
2025-02-03,0.422,214.46333333333334,212.5,179.0,199.0,228.0,257.0,0.578,-0.9121198570233975,-0.24793788247934193,0.6641819745440556,7.280000000000001,-20.800000000000004,38.8,59.6,4.685633834172981,638,0,81,2,False,observed_poll_filter,1.7822013957661305,1.7591089869438414,2,0,0
2025-02-04,0.42133333333333334,214.44866666666667,212.5,179.0,199.0,228.0,257.0,0.5786666666666667,-0.9121198570233975,-0.2423886765657435,0.669731180457654,7.280000000000001,-20.800000000000004,38.8,59.6,4.6851521031828085,637,0,81,2,False,observed_poll_filter,1.790290986144639,1.7660266787221233,2,0,0
2025-02-05,0.42933333333333334,214.97733333333332,213.0,179.0,200.0,229.0,257.0,0.5706666666666667,-0.9363630543992244,-0.4345170778686254,0.5018459765305989,7.280000000000001,-20.800000000000004,38.8,59.6,4.602120776615502,636,0,81,3,False,observed_poll_filter,1.5303194613790656,1.5416275952888452,3,0,1
2025-02-06,0.4146666666666667,214.30066666666667,212.0,179.0,199.0,228.0,256.0,0.5853333333333334,-0.602560213807334,-0.19514653738032126,0.40741367642701276,7.280000000000001,-20.800000000000004,38.8,59.6,4.559102867808283,635,0,81,4,False,observed_poll_filter,1.4007453740666973,1.4182450279333636,4,0,1
2025-02-07,0.4146666666666667,214.29066666666668,212.0,179.0,199.0,228.0,256.0,0.5853333333333334,-0.602560213807334,-0.1894601430915504,0.41310007071578364,7.280000000000001,-20.800000000000004,38.8,59.6,4.558781522804076,634,0,81,4,False,observed_poll_filter,1.4110236011382842,1.4273713506512058,4,0,0
2025-02-08,0.4146666666666667,214.27333333333334,212.0,179.0,199.0,228.0,256.0,0.5853333333333334,-0.602560213807334,-0.18378239358346177,0.4187778202238723,7.280000000000001,-20.800000000000004,38.8,59.6,4.55845582461512,633,0,81,4,False,observed_poll_filter,1.4212274986677016,1.4364259483062485,4,0,0
2025-02-09,0.4146666666666667,214.258,212.0,179.0,199.0,228.0,256.0,0.5853333333333334,-0.602560213807334,-0.17811326915759615,0.42444694464973787,7.280000000000001,-20.800000000000004,38.8,59.6,4.5581257821767505,632,0,81,4,False,observed_poll_filter,1.4313586563015057,1.4454101999586184,4,0,0
2025-02-10,0.414,214.244,212.0,179.0,199.0,228.0,256.0,0.586,-0.602560213807334,-0.17245275017529724,0.4301074636320368,7.280000000000001,-20.800000000000004,38.8,59.6,4.557791404384495,631,0,81,4,False,observed_poll_filter,1.4414186078198283,1.4543254401547063,4,0,0
2025-02-11,0.414,214.23266666666666,212.0,179.0,199.0,228.0,256.0,0.586,-0.602560213807334,-0.1668008170574842,0.43575939674984987,7.280000000000001,-20.800000000000004,38.8,59.6,4.557452700094246,630,0,81,4,False,observed_poll_filter,1.4514088338470494,1.4631729609298865,4,0,0
2025-02-12,0.41333333333333333,214.21533333333332,212.0,179.0,199.0,228.0,256.0,0.5866666666666667,-0.602560213807334,-0.16115745028442618,0.44140276352290786,7.280000000000001,-20.800000000000004,38.8,59.6,4.557109678122455,629,0,81,4,False,observed_poll_filter,1.4613307643956766,1.4719540136965346,4,0,0
2025-02-13,0.41333333333333333,214.2,212.0,179.0,199.0,228.0,256.0,0.5866666666666667,-0.602560213807334,-0.15552263039551778,0.44703758341181626,7.280000000000001,-20.800000000000004,38.8,59.6,4.556762347246304,628,0,81,4,False,observed_poll_filter,1.4711857812558047,1.4806698110252814,4,0,0
2025-02-14,0.41333333333333333,214.18333333333334,212.0,179.0,199.0,228.0,256.0,0.5866666666666667,-0.602560213807334,-0.1498963379890551,0.45266387581827894,7.280000000000001,-20.800000000000004,38.8,59.6,4.556410716203894,627,0,81,4,False,observed_poll_filter,1.4809752202414639,1.4893215283268024,4,0,0
2025-02-15,0.41333333333333333,214.172,212.0,179.0,199.0,228.0,256.0,0.5866666666666667,-0.602560213807334,-0.1442785537220131,0.45828166008532095,7.280000000000001,-20.800000000000004,38.8,59.6,4.556054793694421,626,0,81,4,False,observed_poll_filter,1.4907003733041904,1.497910305440852,4,0,0
2025-02-16,0.4126666666666667,214.14866666666666,212.0,179.0,199.0,228.0,256.0,0.5873333333333334,-0.602560213807334,-0.1386692583098244,0.46389095549750964,7.280000000000001,-20.800000000000004,38.8,59.6,4.55569458837835,625,0,81,4,False,observed_poll_filter,1.500362490523291,1.506437248138728,4,0,0
2025-02-17,0.412,214.13266666666667,212.0,179.0,199.0,228.0,256.0,0.588,-0.602560213807334,-0.13306843252615766,0.4694917812811764,7.280000000000001,-20.800000000000004,38.8,59.6,4.555330108877601,624,0,81,4,False,observed_poll_filter,1.5099627819814807,1.5149034295448722,4,0,0
2025-02-18,0.41133333333333333,214.116,212.0,179.0,199.0,228.0,256.0,0.5886666666666667,-0.602560213807334,-0.12747605720269856,0.4750841566046355,7.280000000000001,-20.800000000000004,38.8,59.6,4.554961363775718,623,0,81,4,False,observed_poll_filter,1.5195024195338596,1.5233098914828658,4,0,0
2025-02-19,0.4106666666666667,214.098,212.0,179.0,199.0,228.0,255.04999999999995,0.5893333333333334,-0.602560213807334,-0.12189211322893169,0.48066810057840237,7.280000000000001,-20.800000000000004,38.8,59.6,4.554588361618042,622,0,81,4,False,observed_poll_filter,1.5289825384775502,1.5316576457506825,4,0,0
2025-02-20,0.4106666666666667,214.08,212.0,179.0,199.0,228.0,255.04999999999995,0.5893333333333334,-0.602560213807334,-0.11631658155192119,0.48624363225541284,7.280000000000001,-20.800000000000004,38.8,59.6,4.554211110911896,621,0,81,4,False,observed_poll_filter,1.5384042391287323,1.539947675329705,4,0,0
2025-02-21,0.4106666666666667,214.06933333333333,212.0,179.0,199.0,228.0,255.04999999999995,0.5893333333333334,-0.602560213807334,-0.11074944317609584,0.49181077063123824,7.280000000000001,-20.800000000000004,38.8,59.6,4.553829620126742,620,0,81,4,False,observed_poll_filter,1.5477685883132704,1.548180935531655,4,0,0
2025-02-22,0.4093333333333333,214.05666666666667,212.0,179.0,199.0,228.0,255.04999999999995,0.5906666666666667,-0.602560213807334,-0.10519067916303246,0.49736953464430156,7.280000000000001,-20.800000000000004,38.8,59.6,4.5534438976943665,619,0,81,4,False,observed_poll_filter,1.557076620776657,1.5563583550873041,4,0,0
2025-02-23,0.4093333333333333,214.048,212.0,179.0,199.0,228.0,255.04999999999995,0.5906666666666667,-0.602560213807334,-0.09964027063124078,0.5029199431760932,7.280000000000001,-20.800000000000004,38.8,59.6,4.553053952009039,618,0,81,4,False,observed_poll_filter,1.566329340518543,1.5644808371805417,4,0,0
2025-02-24,0.4093333333333333,214.03466666666668,212.0,179.0,199.0,228.0,255.04999999999995,0.5906666666666667,-0.602560213807334,-0.0940981987559505,0.5084620150513836,7.280000000000001,-20.800000000000004,38.8,59.6,4.552659791427692,617,0,81,4,False,observed_poll_filter,1.5755277220567254,1.5725492604311104,4,0,0
2025-02-25,0.4093333333333333,214.02,212.0,179.0,199.0,228.0,255.04999999999995,0.5906666666666667,-0.602560213807334,-0.08856444476889844,0.5139957690384356,7.280000000000001,-20.800000000000004,38.8,59.6,4.55226142427008,616,0,81,4,False,observed_poll_filter,1.584672711625102,1.5805644798291079,4,0,0
2025-02-26,0.4093333333333333,214.002,212.0,179.0,199.0,228.0,255.0,0.5906666666666667,-0.602560213807334,-0.0830389899581153,0.5195212238492187,7.280000000000001,-20.800000000000004,38.8,59.6,4.551858858818955,615,0,81,4,False,observed_poll_filter,1.5937652283097579,1.5885273276241088,4,0,0
2025-02-27,0.4093333333333333,213.98466666666667,212.0,179.0,199.0,228.0,255.0,0.5906666666666667,-0.602560213807334,-0.07752181566771714,0.525038398139617,7.280000000000001,-20.800000000000004,38.8,59.6,4.551452103320223,614,0,81,4,False,observed_poll_filter,1.602806165127042,1.5964386141715825,4,0,0
2025-02-28,0.4093333333333333,213.964,212.0,179.0,199.0,228.0,255.0,0.5906666666666667,-0.602560213807334,-0.07201290329769304,0.530547310509641,7.280000000000001,-20.800000000000004,38.8,59.6,4.55104116598312,613,0,81,4,False,observed_poll_filter,1.6117963900472214,1.6042991287390878,4,0,0
2025-03-01,0.4093333333333333,213.944,212.0,179.0,199.0,228.0,254.04999999999995,0.5906666666666667,-0.602560213807334,-0.06651223430369751,0.5360479795036366,7.280000000000001,-20.800000000000004,38.8,59.6,4.550626054980367,612,0,81,4,False,observed_poll_filter,1.620736746967025,1.6121096402745616,4,0,0
2025-03-02,0.4086666666666667,213.928,212.0,179.0,199.0,228.0,254.04999999999995,0.5913333333333334,-0.602560213807334,-0.061019790196841964,0.541540423610492,7.280000000000001,-20.800000000000004,38.8,59.6,4.550206778448337,611,0,81,4,False,observed_poll_filter,1.6296280566341679,1.6198708981388592,4,0,0
2025-03-03,0.37933333333333336,212.43266666666668,211.0,178.0,198.0,226.0,252.04999999999995,0.6206666666666667,0.06124639160175971,0.47519164332461183,0.4139452517228521,7.280000000000001,-20.800000000000004,38.8,59.6,4.496604614848259,610,0,81,5,False,observed_poll_filter,1.4798399712312371,1.4723970464092415,5,0,1
2025-03-04,0.37933333333333336,212.42266666666666,211.0,178.0,198.0,226.0,252.04999999999995,0.6206666666666667,0.06124639160175971,0.48033724773841774,0.41909085613665803,7.280000000000001,-20.800000000000004,38.8,59.6,4.4962444601561895,609,0,81,5,False,observed_poll_filter,1.489572536150445,1.481085495670395,5,0,0
2025-03-05,0.37933333333333336,212.40666666666667,211.0,178.0,198.0,226.0,252.04999999999995,0.6206666666666667,0.06124639160175971,0.48547507610999646,0.42422868450823675,7.280000000000001,-20.800000000000004,38.8,59.6,4.495879963865983,608,0,81,5,False,observed_poll_filter,1.4992419219237665,1.489710256892793,5,0,0
2025-03-06,0.37933333333333336,212.39,211.0,178.0,198.0,226.0,252.04999999999995,0.6206666666666667,0.06124639160175971,0.49060514605278266,0.42935875445102295,7.280000000000001,-20.800000000000004,38.8,59.6,4.495511134691156,607,0,81,5,False,observed_poll_filter,1.5088493431929078,1.4982724592450323,5,0,0
2025-03-07,0.37933333333333336,212.37933333333334,211.0,178.0,198.0,226.0,252.04999999999995,0.6206666666666667,0.06124639160175971,0.49572747512705667,0.43448108352529696,7.280000000000001,-20.800000000000004,38.8,59.6,4.495137981306049,606,0,81,5,False,observed_poll_filter,1.518395976171456,1.5067731982552044,5,0,0
2025-03-08,0.37933333333333336,212.36666666666667,211.0,178.0,198.0,226.0,252.04999999999995,0.6206666666666667,0.06124639160175971,0.5008420808401446,0.4395956892383849,7.280000000000001,-20.800000000000004,38.8,59.6,4.494760512346014,605,0,81,5,False,observed_poll_filter,1.5278829603257147,1.5152135372101823,5,0,0
2025-03-09,0.37933333333333336,212.34866666666667,211.0,178.0,198.0,226.0,252.04999999999995,0.6206666666666667,0.06124639160175971,0.5059489806466175,0.4447025890448578,7.280000000000001,-20.800000000000004,38.8,59.6,4.494378736407582,604,0,81,5,False,observed_poll_filter,1.5373113999621772,1.5235945084807216,5,0,0
2025-03-10,0.37866666666666665,212.33466666666666,211.0,178.0,198.0,226.0,252.04999999999995,0.6213333333333333,0.06124639160175971,0.5110481919484906,0.4498018003467309,7.280000000000001,-20.800000000000004,38.8,59.6,4.49399266204865,603,0,81,5,False,observed_poll_filter,1.5466823657279052,1.5319171147771367,5,0,0
2025-03-11,0.37533333333333335,212.09666666666666,211.0,178.0,198.0,225.0,251.0,0.6246666666666667,0.22011826470006715,0.5936937313005642,0.3735754666004971,7.280000000000001,-20.800000000000004,38.8,59.6,4.451839851824037,602,0,81,6,False,observed_poll_filter,1.418232036030098,1.4137107435004728,6,0,1
2025-03-12,0.37533333333333335,212.08666666666667,211.0,178.0,198.0,225.0,251.0,0.6246666666666667,0.22011826470006715,0.5987734583808393,0.37865519368077216,7.280000000000001,-20.800000000000004,38.8,59.6,4.451503205800911,601,0,81,6,False,observed_poll_filter,1.4283844398557686,1.4228425040234718,6,0,0
2025-03-13,0.374,212.07066666666665,211.0,178.0,198.0,225.0,251.0,0.626,0.22011826470006715,0.6038454729700916,0.3837272082700245,7.280000000000001,-20.800000000000004,38.8,59.6,4.451162116617909,600,0,81,6,False,observed_poll_filter,1.4384651918006488,1.4319022970909792,6,0,0
2025-03-14,0.374,212.05533333333332,211.0,178.0,198.0,225.0,251.0,0.626,0.22011826470006715,0.6089097926196768,0.3887915279196097,7.280000000000001,-20.800000000000004,38.8,59.6,4.450816593307691,599,0,81,6,False,observed_poll_filter,1.4484757878618744,1.4408915112745557,6,0,0
2025-03-15,0.374,212.038,211.0,178.0,198.0,225.0,251.0,0.626,0.22011826470006715,0.6139664348277348,0.3938481701276677,7.280000000000001,-20.800000000000004,38.8,59.6,4.450466644861961,598,0,81,6,False,observed_poll_filter,1.4584176726925926,1.4498114901699706,6,0,0
2025-03-16,0.374,212.02066666666667,211.0,178.0,197.75,225.0,251.0,0.626,0.22011826470006715,0.6190154170393917,0.39889715233932455,7.280000000000001,-20.800000000000004,38.8,59.6,4.45011228023166,597,0,81,6,False,observed_poll_filter,1.4682922420356508,1.4586635344275334,6,0,0
2025-03-17,0.374,212.00533333333334,211.0,178.0,197.75,225.0,251.0,0.626,0.22011826470006715,0.6240567566469606,0.40393849194689346,7.280000000000001,-20.800000000000004,38.8,59.6,4.449753508327157,596,0,81,6,False,observed_poll_filter,1.4781008450109479,1.4674489036657576,6,0,0
2025-03-18,0.374,211.992,211.0,178.0,197.75,225.0,251.0,0.626,0.22011826470006715,0.6290904709901414,0.40897220629007425,7.280000000000001,-20.800000000000004,38.8,59.6,4.449390338018426,595,0,81,6,False,observed_poll_filter,1.4878447862670616,1.4761688182764587,6,0,0
2025-03-19,0.374,211.97533333333334,211.0,178.0,197.0,225.0,251.0,0.626,0.22011826470006715,0.6341165773562194,0.4139983126561523,7.280000000000001,-20.800000000000004,38.8,59.6,4.44902277813524,594,0,81,6,False,observed_poll_filter,1.4975253280068683,1.4848244611287253,6,0,0
2025-03-20,0.374,211.95933333333332,211.0,178.0,197.0,225.0,251.0,0.626,0.22011826470006715,0.6391350929802628,0.4190168282801957,7.280000000000001,-20.800000000000004,38.8,59.6,4.448650837467354,593,0,81,6,False,observed_poll_filter,1.5071436918960577,1.4934169791786176,6,0,0
2025-03-21,0.374,211.94933333333333,211.0,178.0,197.0,225.0,251.0,0.626,0.22011826470006715,0.6441460350453203,0.4240277703452532,7.280000000000001,-20.800000000000004,38.8,59.6,4.448274524764683,592,0,81,6,False,observed_poll_filter,1.516701060862713,1.501947484990891,6,0,0
2025-03-22,0.374,211.94,211.0,178.0,197.0,225.0,251.0,0.626,0.22011826470006715,0.6491494206826176,0.4290311559825505,7.280000000000001,-20.800000000000004,38.8,59.6,4.447893848737489,591,0,81,6,False,observed_poll_filter,1.5261985807954608,1.5104170581785639,6,0,0
2025-03-23,0.374,211.928,211.0,178.0,197.0,225.0,251.0,0.626,0.22011826470006715,0.6541452669717512,0.4340270022716841,7.280000000000001,-20.800000000000004,38.8,59.6,4.447508818056559,590,0,81,6,False,observed_poll_filter,1.535637362147092,1.518826746765691,6,0,0
2025-03-24,0.37266666666666665,211.91333333333333,211.0,178.0,197.0,225.0,251.0,0.6273333333333333,0.22011826470006715,0.6591335909408841,0.43901532624081696,7.280000000000001,-20.800000000000004,38.8,59.6,4.447119441353387,589,0,81,6,False,observed_poll_filter,1.545018481450005,1.5271775684782922,6,0,0
2025-03-25,0.37266666666666665,211.90266666666668,211.0,178.0,197.0,225.0,251.0,0.6273333333333333,0.22011826470006715,0.6641144095669386,0.44399614486687144,7.280000000000001,-20.800000000000004,38.8,59.6,4.446725727220351,588,0,81,6,False,observed_poll_filter,1.5543429827493285,1.5354705119680299,6,0,0
2025-03-26,0.37266666666666665,211.88666666666666,211.0,178.0,197.0,225.0,251.0,0.6273333333333333,0.22011826470006715,0.6690877397757888,0.4489694750757217,7.280000000000001,-20.800000000000004,38.8,59.6,4.446327684210888,587,0,81,6,False,observed_poll_filter,1.5636118789591231,1.5437065379728614,6,0,0
2025-03-27,0.382,212.62133333333333,211.0,179.0,198.0,226.0,251.04999999999995,0.618,0.00991194565580214,0.40116301864903087,0.3912510729932287,7.280000000000001,-20.800000000000004,38.8,59.6,4.404796321810502,586,0,81,7,False,observed_poll_filter,1.4309402916281435,1.4298009080411607,7,0,1
2025-03-28,0.382,212.61,211.0,179.0,198.0,226.0,251.04999999999995,0.618,0.00991194565580214,0.4063840458010579,0.3964721001452558,7.280000000000001,-20.800000000000004,38.8,59.6,4.404450488207087,585,0,81,7,False,observed_poll_filter,1.4410031638427572,1.4388134358100928,7,0,0
2025-03-29,0.382,212.59933333333333,211.0,179.0,198.0,226.0,251.04999999999995,0.618,0.00991194565580214,0.4115971534601094,0.4016852078043073,7.280000000000001,-20.800000000000004,38.8,59.6,4.404100175266072,584,0,81,7,False,observed_poll_filter,1.4509962502380345,1.4477563171261383,7,0,0
2025-03-30,0.382,212.586,211.0,179.0,198.0,226.0,251.0,0.618,0.00991194565580214,0.416802359631503,0.4068904139757009,7.280000000000001,-20.800000000000004,38.8,59.6,4.403745392041528,583,0,81,7,False,observed_poll_filter,1.4609209828751302,1.456630865362598,7,0,0
2025-03-31,0.38133333333333336,212.57466666666667,211.0,179.0,198.0,226.0,251.0,0.6186666666666667,0.00991194565580214,0.42199968226601836,0.41208773661021625,7.280000000000001,-20.800000000000004,38.8,59.6,4.403386147546149,582,0,81,7,False,observed_poll_filter,1.4707787454966967,1.465438352303267,7,0,0
2025-04-01,0.37533333333333335,212.24266666666668,211.0,179.0,198.0,225.0,251.0,0.6246666666666667,0.21192342856061808,0.5386592704878467,0.3267358419272286,7.280000000000001,-20.800000000000004,38.8,59.6,4.355651760333638,581,0,81,8,False,observed_poll_filter,1.3209199521629293,1.3260099009047832,8,0,1
2025-04-02,0.37533333333333335,212.22866666666667,211.0,179.0,198.0,225.0,251.0,0.6246666666666667,0.21192342856061808,0.5438169488415192,0.33189352028090113,7.280000000000001,-20.800000000000004,38.8,59.6,4.3553498115875895,580,0,81,8,False,observed_poll_filter,1.331814371458018,1.3358787300110913,8,0,0
2025-04-03,0.37333333333333335,211.974,211.0,179.0,198.0,225.0,250.04999999999995,0.6266666666666667,0.34995668008884384,0.6248326906984417,0.2748760106095979,7.280000000000001,-20.800000000000004,38.8,59.6,4.320806630756642,579,0,81,9,False,observed_poll_filter,1.2193831260913675,1.2303535834834454,9,0,1
2025-04-04,0.37333333333333335,211.96066666666667,211.0,179.0,198.0,225.0,250.04999999999995,0.6266666666666667,0.34995668008884384,0.6299594468866403,0.28000276679779645,7.280000000000001,-20.800000000000004,38.8,59.6,4.320544210350005,578,0,81,9,False,observed_poll_filter,1.2311763513795884,1.2411294346638249,9,0,0
2025-04-05,0.37266666666666665,211.94,211.0,179.0,198.0,225.0,250.0,0.6273333333333333,0.34995668008884384,0.6350783104416444,0.2851216303528006,7.280000000000001,-20.800000000000004,38.8,59.6,4.320277028889666,577,0,81,9,False,observed_poll_filter,1.2428576781741163,1.2517961520757732,9,0,0
2025-04-06,0.37133333333333335,211.92666666666668,211.0,179.0,198.0,225.0,250.0,0.6286666666666667,0.34995668008884384,0.6401892995754802,0.29023261948663637,7.280000000000001,-20.800000000000004,38.8,59.6,4.320005096442156,576,0,81,9,False,observed_poll_filter,1.2544302324945598,1.2623565396852796,9,0,0
2025-04-07,0.36933333333333335,211.91,211.0,179.0,198.0,225.0,250.0,0.6306666666666667,0.34995668008884384,0.6452924324441852,0.2953357523553414,7.280000000000001,-20.800000000000004,38.8,59.6,4.319728423027179,575,0,81,9,False,observed_poll_filter,1.265896997467154,1.2728132811645534,9,0,0
2025-04-08,0.36866666666666664,211.73133333333334,211.0,179.0,198.0,224.0,249.0,0.6313333333333333,0.45692060467975826,0.7058174913259703,0.248896886646212,7.280000000000001,-20.800000000000004,38.8,59.6,4.289991844354817,574,0,81,10,False,observed_poll_filter,1.1674548782478342,1.180224565339512,10,0,1
2025-04-09,0.36866666666666664,211.71666666666667,211.0,179.0,198.0,224.0,249.0,0.6313333333333333,0.45692060467975826,0.7108986485825518,0.25397804390279355,7.280000000000001,-20.800000000000004,38.8,59.6,4.289748160155315,573,0,81,10,False,observed_poll_filter,1.1797673044904515,1.1915281270519402,10,0,0
2025-04-10,0.36866666666666664,211.70466666666667,211.0,179.0,198.0,224.0,249.0,0.6313333333333333,0.45692060467975826,0.7159719574961035,0.2590513528163453,7.280000000000001,-20.800000000000004,38.8,59.6,4.289499635269211,572,0,81,10,False,observed_poll_filter,1.1919525547372536,1.2027082443280617,10,0,0
2025-04-11,0.368,211.69,211.0,179.0,198.0,224.0,249.0,0.632,0.45692060467975826,0.7210374362363903,0.264116831556632,7.280000000000001,-20.800000000000004,38.8,59.6,4.289246280030407,571,0,81,10,False,observed_poll_filter,1.2040144902552732,1.2137683678341133,10,0,0
2025-04-12,0.368,211.67533333333333,211.0,179.0,198.0,224.0,249.0,0.632,0.45692060467975826,0.7260951029171335,0.26917449823737527,7.280000000000001,-20.800000000000004,38.8,59.6,4.288988104724435,570,0,81,10,False,observed_poll_filter,1.2159567807881435,1.2247117875107187,10,0,0
2025-04-13,0.3626666666666667,211.35,210.0,179.0,197.0,224.0,248.0,0.6373333333333333,0.6032867270450211,0.8471049311320149,0.24381820408699384,7.280000000000001,-20.800000000000004,38.8,59.6,4.272339534170767,569,0,81,11,False,observed_poll_filter,1.168102842329419,1.1774060876513592,11,0,1
2025-04-14,0.3626666666666667,211.338,210.0,179.0,197.0,224.0,248.0,0.6373333333333333,0.6032867270450211,0.8520766867153334,0.24878995967031237,7.280000000000001,-20.800000000000004,38.8,59.6,4.272094588999456,568,0,81,11,False,observed_poll_filter,1.1804085099058155,1.1887355371816015,11,0,0
2025-04-15,0.3626666666666667,211.326,210.0,179.0,197.0,224.0,248.0,0.6373333333333333,0.6032867270450211,0.857040763247732,0.253754036202711,7.280000000000001,-20.800000000000004,38.8,59.6,4.271844783579992,567,0,81,11,False,observed_poll_filter,1.1925872086594203,1.1999407714548198,11,0,0
2025-04-16,0.3406666666666667,210.14066666666668,210.0,178.0,196.0,223.0,246.04999999999995,0.6593333333333333,1.067020197409176,1.2832538607444293,0.2162336633352533,7.280000000000001,-20.800000000000004,38.8,59.6,4.252269990876935,566,0,81,12,False,observed_poll_filter,1.1393445291103055,1.1410083590020415,12,0,1
2025-04-17,0.34,210.126,210.0,178.0,196.0,223.0,246.04999999999995,0.66,1.067020197409176,1.2878967716606895,0.22087657425151352,7.280000000000001,-20.800000000000004,38.8,59.6,4.2520351118055135,565,0,81,12,False,observed_poll_filter,1.1519574454004728,1.1527370003721238,12,0,0
2025-04-18,0.338,210.11266666666666,209.0,178.0,196.0,223.0,246.04999999999995,0.662,1.067020197409176,1.2925324986994855,0.22551230129030952,7.280000000000001,-20.800000000000004,38.8,59.6,4.251795324689148,564,0,81,12,False,observed_poll_filter,1.1644337490873338,1.1643296281760156,12,0,0
2025-04-19,0.3373333333333333,210.10266666666666,209.0,178.0,196.0,223.0,246.04999999999995,0.6626666666666666,1.067020197409176,1.297161058521119,0.2301408611119431,7.280000000000001,-20.800000000000004,38.8,59.6,4.251550640050334,563,0,81,12,False,observed_poll_filter,1.1767777853161503,1.175790306522555,12,0,0
2025-04-20,0.3373333333333333,210.09066666666666,209.0,178.0,196.0,223.0,246.04999999999995,0.6626666666666666,1.067020197409176,1.301782467734417,0.234762270325241,7.280000000000001,-20.800000000000004,38.8,59.6,4.251301068361957,562,0,81,12,False,observed_poll_filter,1.1889936736642392,1.1871228975365227,12,0,0
2025-04-21,0.30533333333333335,208.34466666666665,208.0,176.0,195.0,221.0,244.0,0.6946666666666667,1.758062045561036,1.9468809631919421,0.18881891763090608,7.280000000000001,-20.800000000000004,38.8,59.6,4.229605005048537,561,0,81,13,False,observed_poll_filter,1.1289725007066977,1.1198921817441312,13,0,1
2025-04-22,0.30533333333333335,208.33133333333333,208.0,176.0,195.0,221.0,244.0,0.6946666666666667,1.758062045561036,1.9510126727449988,0.19295062718396272,7.280000000000001,-20.800000000000004,38.8,59.6,4.229372881855734,560,0,81,13,False,observed_poll_filter,1.1417000075991655,1.1318546610659324,13,0,0
2025-04-23,0.30466666666666664,208.32266666666666,208.0,176.0,195.0,221.0,244.0,0.6953333333333334,1.758062045561036,1.9551379853627633,0.19707593980172722,7.280000000000001,-20.800000000000004,38.8,59.6,4.229135815307908,559,0,81,13,False,observed_poll_filter,1.1542871858215937,1.1436737927923661,13,0,0
2025-04-24,0.29933333333333334,208.04466666666667,208.0,176.0,195.0,220.0,243.0,0.7006666666666667,1.877126933235478,2.055734804544923,0.17860787130944478,7.280000000000001,-20.800000000000004,38.8,59.6,4.214079553823924,558,0,81,14,False,observed_poll_filter,1.1094019893979061,1.099893852131578,14,0,1
2025-04-25,0.2986666666666667,208.034,208.0,176.0,195.0,220.0,243.0,0.7013333333333334,1.877126933235478,2.0597869406187983,0.18266000738332022,7.280000000000001,-20.800000000000004,38.8,59.6,4.213854098231441,557,0,81,14,False,observed_poll_filter,1.122351448557907,1.1120999780513936,14,0,0
2025-04-26,0.2986666666666667,208.02,208.0,176.0,195.0,220.0,243.0,0.7013333333333334,1.877126933235478,2.0638327955870257,0.18670586235154762,7.280000000000001,-20.800000000000004,38.8,59.6,4.213623664334125,556,0,81,14,False,observed_poll_filter,1.135153194102026,1.1241549646897138,14,0,0
2025-04-27,0.27466666666666667,207.04466666666667,207.0,175.0,194.0,219.0,242.0,0.7253333333333334,2.2841388382718146,2.4382364670256504,0.1540976287538358,7.280000000000001,-20.800000000000004,38.8,59.6,4.193130035314652,555,0,81,15,False,observed_poll_filter,1.0704033035310496,1.0584609076663398,15,0,1
2025-04-28,0.274,207.034,207.0,175.0,194.0,219.0,242.0,0.726,2.2841388382718146,2.442000508282162,0.15786167001034723,7.280000000000001,-20.800000000000004,38.8,59.6,4.192918201217537,554,0,81,15,False,observed_poll_filter,1.0838188189038722,1.0711970136726972,15,0,0
2025-04-29,0.274,207.02,207.0,175.0,194.0,219.0,242.0,0.726,2.2841388382718146,2.4457587016691216,0.16161986339730694,7.280000000000001,-20.800000000000004,38.8,59.6,4.192701331075496,553,0,81,15,False,observed_poll_filter,1.0970702950176823,1.083764020256364,15,0,0
2025-04-30,0.274,207.01133333333334,207.0,174.95,194.0,219.0,242.0,0.726,2.2841388382718146,2.4495110608039563,0.16537222253214168,7.280000000000001,-20.800000000000004,38.8,59.6,4.192479435809714,552,0,81,15,False,observed_poll_filter,1.110163606055515,1.0961677881087994,15,0,0
2025-05-01,0.274,206.99866666666668,207.0,174.95,194.0,219.0,242.0,0.726,2.2841388382718146,2.4532575992618426,0.16911876099002798,7.280000000000001,-20.800000000000004,38.8,59.6,4.192252526289282,551,0,81,15,False,observed_poll_filter,1.123104283764506,1.1084138415677007,15,0,0
2025-05-02,0.2733333333333333,206.98933333333332,207.0,174.95,194.0,219.0,242.0,0.7266666666666667,2.2841388382718146,2.4569983305758782,0.1728594923040636,7.280000000000001,-20.800000000000004,38.8,59.6,4.192020613331456,550,0,81,15,False,observed_poll_filter,1.135897544768094,1.120507395154462,15,0,0
2025-05-03,0.2733333333333333,206.98333333333332,207.0,174.95,194.0,219.0,242.0,0.7266666666666667,2.2841388382718146,2.4607332682372363,0.17659442996542163,7.280000000000001,-20.800000000000004,38.8,59.6,4.191783707701911,549,0,81,15,False,observed_poll_filter,1.148548315139674,1.1324533774752854,15,0,0
2025-05-04,0.27266666666666667,206.97133333333332,207.0,174.95,194.0,219.0,242.0,0.7273333333333334,2.2841388382718146,2.464462425695335,0.1803235874235205,7.280000000000001,-20.800000000000004,38.8,59.6,4.191541820114995,548,0,81,15,False,observed_poll_filter,1.1610612525660238,1.1442564527993395,15,0,0
2025-05-05,0.3233333333333333,209.432,209.0,177.0,196.0,222.0,245.0,0.6766666666666666,1.370808862744589,1.543448814674424,0.17263995192983517,7.280000000000001,-20.800000000000004,38.8,59.6,4.161611223497128,547,0,81,16,False,observed_poll_filter,1.0408699415848113,1.0431720737909262,16,0,1
2025-05-06,0.3233333333333333,209.42533333333333,209.0,177.0,196.0,222.0,245.0,0.6766666666666666,1.370808862744589,1.5479159666303333,0.17710710388574435,7.280000000000001,-20.800000000000004,38.8,59.6,4.16140874922807,546,0,81,16,False,observed_poll_filter,1.0546611945524347,1.0561357763810137,16,0,0
2025-05-07,0.3273333333333333,209.74866666666668,209.0,178.0,196.0,222.0,245.0,0.6726666666666666,1.2507139866033927,1.4201974167901994,0.16948343018680667,7.280000000000001,-20.800000000000004,38.8,59.6,4.150438677236911,545,0,81,17,False,observed_poll_filter,1.0204068855730093,1.026226687191519,17,0,1
2025-05-08,0.32666666666666666,209.734,209.0,178.0,196.0,222.0,245.0,0.6733333333333333,1.2507139866033927,1.4247657388782449,0.17405175227485215,7.280000000000001,-20.800000000000004,38.8,59.6,4.150243126364746,544,0,81,17,False,observed_poll_filter,1.0344709817703,1.0394315792479163,17,0,0
2025-05-09,0.32666666666666666,209.72533333333334,209.0,178.0,196.0,222.0,245.0,0.6733333333333333,1.2507139866033927,1.4293269435560725,0.17861295695267976,7.280000000000001,-20.800000000000004,38.8,59.6,4.150042446209239,543,0,81,17,False,observed_poll_filter,1.0483464179958877,1.0524506189548108,17,0,0
2025-05-10,0.32666666666666666,209.716,209.0,178.0,196.0,222.0,245.0,0.6733333333333333,1.2507139866033927,1.4338810474440402,0.1831670608406475,7.280000000000001,-20.800000000000004,38.8,59.6,4.1498366479830855,542,0,81,17,False,observed_poll_filter,1.0620405887369881,1.065290666880868,17,0,0
2025-05-11,0.32666666666666666,209.70333333333335,209.0,178.0,196.0,222.0,245.0,0.6733333333333333,1.2507139866033927,1.4384280671107967,0.187714080507404,7.280000000000001,-20.800000000000004,38.8,59.6,4.149625742845034,541,0,81,17,False,observed_poll_filter,1.0755604177008413,1.0779581650890722,17,0,0
2025-05-12,0.32666666666666666,209.69133333333335,209.0,178.0,196.0,222.0,245.0,0.6733333333333333,1.2507139866033927,1.442968019073484,0.1922540324700912,7.280000000000001,-20.800000000000004,38.8,59.6,4.149409741900165,540,0,81,17,False,observed_poll_filter,1.0889123987377534,1.0904591721728918,17,0,0
2025-05-13,0.32666666666666666,209.684,209.0,178.0,196.0,222.0,245.0,0.6733333333333333,1.2507139866033927,1.4475009197979367,0.196786933194544,7.280000000000001,-20.800000000000004,38.8,59.6,4.149188656200147,539,0,81,17,False,observed_poll_filter,1.1021026323010068,1.102799394604469,17,0,0
2025-05-14,0.32666666666666666,209.674,209.0,178.0,196.0,222.0,245.0,0.6733333333333333,1.2507139866033927,1.4520267856988809,0.20131279909548816,7.280000000000001,-20.800000000000004,38.8,59.6,4.148962496743512,538,0,81,17,False,observed_poll_filter,1.1151368580245242,1.1149842148587363,17,0,0
2025-05-15,0.32666666666666666,209.75933333333333,209.0,178.0,196.0,222.0,245.0,0.6733333333333333,1.226129571568775,1.4131609367019835,0.1870313651332085,7.280000000000001,-20.800000000000004,38.8,59.6,4.134753466046065,537,0,81,18,False,observed_poll_filter,1.0712883566083902,1.074423671081359,18,0,1
2025-05-16,0.32666666666666666,209.75066666666666,209.0,178.0,196.0,222.0,245.0,0.6733333333333333,1.226129571568775,1.417721650621241,0.1915920790524659,7.280000000000001,-20.800000000000004,38.8,59.6,4.134538306405743,536,0,81,18,False,observed_poll_filter,1.0846929256728401,1.0869714840493572,18,0,0
2025-05-17,0.32666666666666666,209.74266666666668,209.0,178.0,196.0,222.0,245.0,0.6733333333333333,1.226129571568775,1.422275279309636,0.19614570774086104,7.280000000000001,-20.800000000000004,38.8,59.6,4.134318040039471,535,0,81,18,False,observed_poll_filter,1.0979338518347566,1.0993569284794655,18,0,0
2025-05-18,0.32666666666666666,209.732,209.0,178.0,196.0,222.0,245.0,0.6733333333333333,1.226129571568775,1.42682183926509,0.20069226769631499,7.280000000000001,-20.800000000000004,38.8,59.6,4.134092677996547,534,0,81,18,False,observed_poll_filter,1.1110169859208747,1.1115854759147668,18,0,0
2025-05-19,0.32666666666666666,209.72,209.0,178.0,196.0,222.0,245.0,0.6733333333333333,1.226129571568775,1.4313613469343431,0.20523177536556814,7.280000000000001,-20.800000000000004,38.8,59.6,4.133862231272997,533,0,81,18,False,observed_poll_filter,1.1239478382045607,1.1236622923037674,18,0,0
2025-05-20,0.32666666666666666,209.71066666666667,209.0,178.0,196.0,222.0,245.0,0.6733333333333333,1.226129571568775,1.435893818713154,0.20976424714437902,7.280000000000001,-20.800000000000004,38.8,59.6,4.133626710811835,532,0,81,18,False,observed_poll_filter,1.136731605527314,1.1355922614816736,18,0,0
2025-05-21,0.32266666666666666,209.31666666666666,209.0,178.0,196.0,222.0,244.04999999999995,0.6773333333333333,1.3980763696584402,1.5867452028669722,0.188668833208532,7.280000000000001,-20.800000000000004,38.8,59.6,4.118076480684594,531,0,81,19,False,observed_poll_filter,1.0922474056358031,1.090941749484182,19,0,1
2025-05-22,0.32133333333333336,209.30266666666665,209.0,178.0,196.0,222.0,244.04999999999995,0.6786666666666666,1.3980763696584402,1.5911655856042597,0.19308921594581951,7.280000000000001,-20.800000000000004,38.8,59.6,4.117852427862117,530,0,81,19,False,observed_poll_filter,1.1053978447229498,1.1032717786882489,19,0,0
2025-05-23,0.32066666666666666,209.29066666666668,209.0,178.0,196.0,222.0,244.04999999999995,0.6793333333333333,1.3980763696584402,1.5955791094796683,0.19750273982122812,7.280000000000001,-20.800000000000004,38.8,59.6,4.117623265335696,529,0,81,19,False,observed_poll_filter,1.11839366732745,1.1154467065861067,19,0,0
2025-05-24,0.32066666666666666,209.28,209.0,178.0,196.0,222.0,244.04999999999995,0.6793333333333333,1.3980763696584402,1.5999857904445944,0.20190942078615426,7.280000000000001,-20.800000000000004,38.8,59.6,4.117389004107926,528,0,81,19,False,observed_poll_filter,1.131240202219733,1.1274716010387371,19,0,0
2025-05-25,0.32066666666666666,209.27066666666667,209.0,178.0,196.0,222.0,244.04999999999995,0.6793333333333333,1.3980763696584402,1.6043856444010087,0.20630927474256855,7.280000000000001,-20.800000000000004,38.8,59.6,4.117149655128204,527,0,81,19,False,observed_poll_filter,1.1439424789377053,1.1393512551984493,19,0,0
2025-05-26,0.32,209.258,209.0,178.0,196.0,222.0,244.04999999999995,0.68,1.3980763696584402,1.6087786872016479,0.21070231754320767,7.280000000000001,-20.800000000000004,38.8,59.6,4.116905229292983,526,0,81,19,False,observed_poll_filter,1.1565052507957507,1.1510902080114789,19,0,0
2025-05-27,0.24733333333333332,205.17733333333334,205.0,174.0,192.0,217.0,239.0,0.7526666666666667,3.0276923528161737,3.1508210056096573,0.12312865279348362,7.280000000000001,-20.800000000000004,38.8,59.6,4.078975693475638,525,0,81,20,False,observed_poll_filter,1.0360935248233143,1.0212946234877847,20,0,1
2025-05-28,0.24666666666666667,205.168,205.0,174.0,192.0,217.0,239.0,0.7533333333333333,3.0276923528161737,3.1540373286984478,0.1263449758822741,7.280000000000001,-20.800000000000004,38.8,59.6,4.078770902072847,524,0,81,20,False,observed_poll_filter,1.0499475187745337,1.0345395456898439,20,0,0
2025-05-29,0.246,205.162,205.0,174.0,192.0,217.0,239.0,0.754,3.0276923528161737,3.1572486451344774,0.1295562923183038,7.280000000000001,-20.800000000000004,38.8,59.6,4.078560904160682,523,0,81,20,False,observed_poll_filter,1.0636210754685147,1.0475967969347726,20,0,0
2025-05-30,0.246,205.15066666666667,205.0,174.0,192.0,217.0,239.0,0.754,3.0276923528161737,3.1604549665989783,0.13276261378280463,7.280000000000001,-20.800000000000004,38.8,59.6,4.0783457110590575,522,0,81,20,False,observed_poll_filter,1.0771210666312305,1.0604733560603046,20,0,0
2025-05-31,0.246,205.14133333333334,205.0,174.0,192.0,217.0,239.0,0.754,3.0276923528161737,3.163656304736873,0.13596395192069943,7.280000000000001,-20.800000000000004,38.8,59.6,4.078125334032708,521,0,81,20,False,observed_poll_filter,1.0904539385874121,1.07317577315153,20,0,0
2025-06-01,0.246,205.134,205.0,174.0,192.0,217.0,239.0,0.754,3.0276923528161737,3.1668526711569127,0.13916031834073905,7.280000000000001,-20.800000000000004,38.8,59.6,4.077899784291459,520,0,81,20,False,observed_poll_filter,1.1036257482411325,1.0857102056830485,20,0,0
2025-06-02,0.25133333333333335,205.48933333333332,205.0,174.0,193.0,218.0,240.0,0.7486666666666667,2.9007648604355323,3.029792863460263,0.1290280030247306,7.280000000000001,-20.800000000000004,38.8,59.6,4.06001570821477,519,0,81,21,False,observed_poll_filter,1.0454137071851277,1.030595726243167,21,0,1
2025-06-03,0.25133333333333335,205.48133333333334,205.0,174.0,193.0,218.0,240.0,0.7486666666666667,2.9007648604355323,3.033101728330312,0.1323368678947796,7.280000000000001,-20.800000000000004,38.8,59.6,4.059806454813191,518,0,81,21,False,observed_poll_filter,1.059145796937585,1.043708987478236,21,0,0
2025-06-04,0.2653333333333333,206.72466666666668,206.0,176.0,194.0,218.25,240.04999999999995,0.7346666666666667,2.4323795336196765,2.563396302981307,0.13101676936163065,7.280000000000001,-20.800000000000004,38.8,59.6,4.042766079990685,517,0,81,23,False,observed_poll_filter,0.9662937245062659,0.9900290791301238,23,0,2
2025-06-05,0.26466666666666666,206.72333333333333,206.0,176.0,194.0,218.25,240.04999999999995,0.7353333333333333,2.4323795336196765,2.563396302981307,0.13101676936163065,7.280000000000001,-20.800000000000004,38.8,59.6,4.03919021309015,516,0,81,23,False,observed_poll_filter,0.9811338145330591,0.9900290791301238,23,0,0
2025-06-06,0.26466666666666666,206.72733333333332,206.0,176.0,194.0,218.25,240.0,0.7353333333333333,2.4323795336196765,2.563396302981307,0.13101676936163065,7.280000000000001,-20.800000000000004,38.8,59.6,4.035611177693317,515,0,81,23,False,observed_poll_filter,0.9957527614926265,0.9900290791301238,23,0,0
2025-06-07,0.264,206.71933333333334,206.0,176.0,194.0,218.25,240.0,0.736,2.4323795336196765,2.5659983760766982,0.1336188424570217,7.280000000000001,-20.800000000000004,38.8,59.6,4.034424545742219,514,0,81,23,False,observed_poll_filter,1.0101601665182562,0.9997406740186701,23,0,0
2025-06-08,0.264,206.71,206.0,176.0,194.0,218.25,240.0,0.736,2.4323795336196765,2.5696754917115716,0.1372959580918951,7.280000000000001,-20.800000000000004,38.8,59.6,4.034227170997718,513,0,81,23,False,observed_poll_filter,1.0243649554822691,1.0133059099878214,23,0,0
2025-06-09,0.264,206.69933333333333,206.0,176.0,194.0,218.25,240.0,0.736,2.4323795336196765,2.5733468752141238,0.14096734159444724,7.280000000000001,-20.800000000000004,38.8,59.6,4.034024510395743,512,0,81,23,False,observed_poll_filter,1.0383754436715995,1.0266711988137251,23,0,0
2025-06-10,0.2633333333333333,206.68466666666666,206.0,176.0,194.0,218.25,240.0,0.7366666666666667,2.4323795336196765,2.5770125399773587,0.14463300635768217,7.280000000000001,-20.800000000000004,38.8,59.6,4.033816575467976,511,0,81,23,False,observed_poll_filter,1.052199392710427,1.0398442982101643,23,0,0
2025-06-11,0.272,207.25933333333333,207.0,176.95,195.0,219.0,241.0,0.728,2.2201657664909944,2.3618243626954527,0.1416585962044583,7.280000000000001,-20.800000000000004,38.8,59.6,4.022513296983288,510,0,81,24,False,observed_poll_filter,1.0182881742631338,1.009511379038077,24,0,1
2025-06-12,0.272,207.25066666666666,207.0,176.95,195.0,219.0,241.0,0.728,2.2201657664909944,2.3656590360191427,0.14549326952814834,7.280000000000001,-20.800000000000004,38.8,59.6,4.022312317437479,509,0,81,24,False,observed_poll_filter,1.0323811340024314,1.0229351783027423,24,0,0
2025-06-13,0.272,207.238,207.0,176.0,195.0,219.0,241.0,0.728,2.2201657664909944,2.3694877342559995,0.14932196776500506,7.280000000000001,-20.800000000000004,38.8,59.6,4.022106043072369,508,0,81,24,False,observed_poll_filter,1.046284285385261,1.0361645727003324,24,0,0
2025-06-14,0.272,207.22933333333333,207.0,176.0,195.0,219.0,241.0,0.728,2.2201657664909944,2.373310471360485,0.1531447048694905,7.280000000000001,-20.800000000000004,38.8,59.6,4.021894485416216,507,0,81,24,False,observed_poll_filter,1.0600050970840404,1.0492069632924526,24,0,0
2025-06-15,0.27066666666666667,207.22133333333332,207.0,176.0,195.0,219.0,241.0,0.7293333333333333,2.2201657664909944,2.3771272612436443,0.15696149475264987,7.280000000000001,-20.800000000000004,38.8,59.6,4.021677655940451,506,0,81,24,False,observed_poll_filter,1.0735505604507625,1.0620692860122998,24,0,0
2025-06-16,0.27066666666666667,207.212,207.0,176.0,195.0,219.0,241.0,0.7293333333333333,2.2201657664909944,2.380938117773267,0.16077235128227274,7.280000000000001,-20.800000000000004,38.8,59.6,4.02145556605995,505,0,81,24,False,observed_poll_filter,1.086927231163221,1.0747580517467867,24,0,0
2025-06-17,0.27,207.20533333333333,207.0,176.0,195.0,219.0,241.0,0.73,2.2201657664909944,2.3847430547740656,0.16457728828307117,7.280000000000001,-20.800000000000004,38.8,59.6,4.021228227133326,504,0,81,24,False,observed_poll_filter,1.1001412663127157,1.0872793820788795,24,0,0
2025-06-18,0.27,207.19733333333335,207.0,176.0,195.0,219.0,241.0,0.73,2.2201657664909944,2.388542086027833,0.16837631953683863,7.280000000000001,-20.800000000000004,38.8,59.6,4.020995650463207,503,0,81,24,False,observed_poll_filter,1.113198457528641,1.099639041251276,24,0,0
2025-06-19,0.322,209.64133333333334,209.0,179.0,197.0,221.25,243.04999999999995,0.678,1.265490295062012,1.4516188946241044,0.1861285995620925,7.280000000000001,-20.800000000000004,38.8,59.6,4.010605931160481,502,0,81,25,False,observed_poll_filter,1.0722198287123164,1.0745510388341863,25,0,1
2025-06-20,0.322,209.632,209.0,179.0,197.0,221.25,243.04999999999995,0.678,1.265490295062012,1.456149469099348,0.190659174037336,7.280000000000001,-20.800000000000004,38.8,59.6,4.010383747623189,501,0,81,25,False,observed_poll_filter,1.0856128965169256,1.0870960413874267,25,0,0
2025-06-21,0.32133333333333336,209.62066666666666,209.0,179.0,197.0,221.25,243.04999999999995,0.6786666666666666,1.265490295062012,1.4606730055441184,0.19518271048210645,7.280000000000001,-20.800000000000004,38.8,59.6,4.010156299326916,500,0,81,25,False,observed_poll_filter,1.0988427371939393,1.0994787606094738,25,0,0
2025-06-22,0.32133333333333336,209.61133333333333,209.0,179.0,197.0,221.25,243.04999999999995,0.6786666666666666,1.265490295062012,1.465189520345552,0.19969922528354012,7.280000000000001,-20.800000000000004,38.8,59.6,4.00992359760615,499,0,81,25,False,observed_poll_filter,1.1119151771083389,1.1117046634059975,25,0,0
2025-06-23,0.32133333333333336,209.59933333333333,209.0,179.0,197.0,221.25,243.04999999999995,0.6786666666666666,1.265490295062012,1.4696990298399508,0.20420873477793888,7.280000000000001,-20.800000000000004,38.8,59.6,4.009685653739387,498,0,81,25,False,observed_poll_filter,1.1248357040403139,1.1237789114427525,25,0,0
2025-06-24,0.32133333333333336,209.58733333333333,209.0,179.0,197.0,221.25,243.04999999999995,0.6786666666666666,1.265490295062012,1.4742015503129804,0.20871125525096845,7.280000000000001,-20.800000000000004,38.8,59.6,4.009442478949418,497,0,81,25,False,observed_poll_filter,1.1376094941076522,1.1357063845924487,25,0,0
2025-06-25,0.312,209.16,209.0,179.0,196.0,221.0,243.0,0.688,1.4392367173197307,1.6262083088694048,0.18697159154967413,7.280000000000001,-20.800000000000004,38.8,59.6,3.992893447190097,496,0,81,26,False,observed_poll_filter,1.0911115704861436,1.0891731178346329,26,0,1
2025-06-26,0.312,209.14533333333333,209.0,179.0,196.0,221.0,243.0,0.688,1.4392367173197307,1.630598343971978,0.19136162665224732,7.280000000000001,-20.800000000000004,38.8,59.6,3.992662821268119,495,0,81,26,False,observed_poll_filter,1.1042755359278493,1.101524581812269,26,0,0
2025-06-27,0.312,209.13133333333334,209.0,179.0,196.0,221.0,243.0,0.688,1.4392367173197307,1.6349815668478909,0.19574484952816018,7.280000000000001,-20.800000000000004,38.8,59.6,3.9924269236104353,494,0,81,26,False,observed_poll_filter,1.117284412872899,1.113720225357106,26,0,0
2025-06-28,0.312,209.12133333333333,209.0,179.0,196.0,221.0,243.0,0.688,1.4392367173197307,1.639357993341136,0.20012127602140528,7.280000000000001,-20.800000000000004,38.8,59.6,3.9921857655133817,493,0,81,26,False,observed_poll_filter,1.13014355692042,1.1257651559573445,26,0,0
2025-06-29,0.312,209.114,209.0,179.0,196.0,221.0,243.0,0.688,1.4392367173197307,1.6437276392466096,0.2044909219268789,7.280000000000001,-20.800000000000004,38.8,59.6,3.991939358217296,492,0,81,26,False,observed_poll_filter,1.1428580223495561,1.1376642033940922,26,0,0
2025-06-30,0.312,209.10266666666666,209.0,179.0,196.0,221.0,243.0,0.688,1.4392367173197307,1.6480905203103025,0.20885380299057177,7.280000000000001,-20.800000000000004,38.8,59.6,3.9916877129067947,491,0,81,26,False,observed_poll_filter,1.1554325853327567,1.1494219405297066,26,0,0
2025-07-01,0.31133333333333335,209.09066666666666,209.0,179.0,196.0,221.0,243.0,0.6886666666666666,1.4392367173197307,1.6524466522294896,0.21320993490975892,7.280000000000001,-20.800000000000004,38.8,59.6,3.9914308407110513,490,0,81,26,False,observed_poll_filter,1.1678717648991854,1.1610427021343044,26,0,0
2025-07-02,0.31466666666666665,209.32,209.0,179.0,197.0,221.0,243.0,0.6853333333333333,1.3773281772808048,1.5672012631003682,0.18987308581956341,7.280000000000001,-20.800000000000004,38.8,59.6,3.968478906407818,489,0,81,27,False,observed_poll_filter,1.0938518173001408,1.0928059437081161,27,0,1
2025-07-03,0.31466666666666665,209.30466666666666,209.0,179.0,197.0,221.0,243.0,0.6853333333333333,1.3773281772808048,1.5716364023109528,0.194308225030148,7.280000000000001,-20.800000000000004,38.8,59.6,3.968245764505904,488,0,81,27,False,observed_poll_filter,1.1069831968963308,1.1051128664163876,27,0,0
2025-07-04,0.314,209.29066666666668,209.0,179.0,197.0,221.0,243.0,0.686,1.3773281772808048,1.576064660410761,0.1987364831299563,7.280000000000001,-20.800000000000004,38.8,59.6,3.9680073206838564,487,0,81,27,False,observed_poll_filter,1.119960623509068,1.117265455028784,27,0,0
2025-07-05,0.31333333333333335,209.276,209.0,179.0,196.75,221.0,243.0,0.6866666666666666,1.3773281772808048,1.5804860534014273,0.20315787612062253,7.280000000000001,-20.800000000000004,38.8,59.6,3.967763586284039,486,0,81,27,False,observed_poll_filter,1.1327893882848745,1.1292687353511444,27,0,0
2025-07-06,0.31333333333333335,209.26133333333334,209.0,179.0,196.75,221.0,243.0,0.6866666666666666,1.3773281772808048,1.5849005972350088,0.20757241995420395,7.280000000000001,-20.800000000000004,38.8,59.6,3.967514572592301,485,0,81,27,False,observed_poll_filter,1.1454744860584283,1.1411274616502172,27,0,0
2025-07-07,0.31333333333333335,209.25133333333332,209.0,179.0,196.75,221.0,243.0,0.6866666666666666,1.3773281772808048,1.5893083078141794,0.2119801305333746,7.280000000000001,-20.800000000000004,38.8,59.6,3.9672602908382633,484,0,81,27,False,observed_poll_filter,1.1580206380763773,1.1528461368552618,27,0,0
2025-07-08,0.31333333333333335,209.24666666666667,209.0,179.0,196.75,221.0,243.0,0.6866666666666666,1.3773281772808048,1.5937092009924194,0.2163810237116146,7.280000000000001,-20.800000000000004,38.8,59.6,3.9670007521955912,483,0,81,27,False,observed_poll_filter,1.1704323125285034,1.1644290308646492,27,0,0
2025-07-09,0.31266666666666665,209.23133333333334,209.0,179.0,196.75,221.0,243.0,0.6873333333333334,1.3773281772808048,1.598103292574205,0.2207751152934001,7.280000000000001,-20.800000000000004,38.8,59.6,3.9667359677822738,482,0,81,27,False,observed_poll_filter,1.182713743139404,1.1758801971704298,27,0,0
2025-07-10,0.31266666666666665,209.216,209.0,179.0,196.75,221.0,243.0,0.6873333333333334,1.3773281772808048,1.6024905983152005,0.22516242103439565,7.280000000000001,-20.800000000000004,38.8,59.6,3.9664659486608964,481,0,81,27,False,observed_poll_filter,1.1948689460400332,1.1872034879861089,27,0,0
2025-07-11,0.31266666666666665,209.204,209.0,179.0,196.75,221.0,243.0,0.6873333333333334,1.3773281772808048,1.606871133922442,0.22954295664163715,7.280000000000001,-20.800000000000004,38.8,59.6,3.966190705838916,480,0,81,27,False,observed_poll_filter,1.2069017351097064,1.1984025680392194,27,0,0
2025-07-12,0.312,209.19466666666668,209.0,179.0,196.75,221.0,243.0,0.688,1.3773281772808048,1.611244915054529,0.23391673777372413,7.280000000000001,-20.800000000000004,38.8,59.6,3.9659102502689287,479,0,81,27,False,observed_poll_filter,1.2188157359547094,1.2094809271700626,27,0,0
2025-07-13,0.312,209.18266666666668,209.0,179.0,196.75,221.0,243.0,0.688,1.3773281772808048,1.6156119573218088,0.23828378004100403,7.280000000000001,-20.800000000000004,38.8,59.6,3.96562459284894,478,0,81,27,False,observed_poll_filter,1.2306143986687381,1.2204418918606161,27,0,0
2025-07-14,0.31733333333333336,209.566,209.0,180.0,197.0,221.0,243.0,0.6826666666666666,1.2908947053337376,1.482500429570884,0.19160572423714628,7.280000000000001,-20.800000000000004,38.8,59.6,3.924167558780348,477,0,81,28,False,observed_poll_filter,1.090774879443935,1.0914627934034737,28,0,1
2025-07-15,0.316,209.55266666666665,209.0,180.0,197.0,221.0,243.0,0.684,1.2908947053337376,1.487002139284911,0.19610743395117347,7.280000000000001,-20.800000000000004,38.8,59.6,3.9239330297146875,476,0,81,28,False,observed_poll_filter,1.1039428597649115,1.1037891201157415,28,0,0
2025-07-16,0.35333333333333333,211.34666666666666,210.0,181.95,199.0,223.0,245.0,0.6466666666666666,0.6411614194379124,0.8205894891828337,0.17942806974492131,7.280000000000001,-20.800000000000004,38.8,59.6,3.897769575477186,475,0,81,30,False,observed_poll_filter,0.9889214286650984,1.0210816145223665,30,0,2
2025-07-17,0.32466666666666666,210.10466666666667,210.0,180.95,198.0,222.0,243.04999999999995,0.6753333333333333,1.110869941959713,1.2776031867716129,0.16673324481189988,7.280000000000001,-20.800000000000004,38.8,59.6,3.8911597532175306,474,0,81,31,False,observed_poll_filter,0.9306250313902218,1.0099624869567738,31,0,1
2025-07-18,0.2846666666666667,208.19066666666666,208.0,179.0,196.0,219.25,241.0,0.7153333333333334,1.8638713079084706,2.010253164451485,0.1463818565430144,7.280000000000001,-20.800000000000004,38.8,59.6,3.8839705428464084,473,0,81,32,False,observed_poll_filter,0.892827515202072,0.9965074900363878,32,0,1
2025-07-19,0.284,208.19066666666666,208.0,179.0,196.0,219.25,241.0,0.716,1.8638713079084706,2.010253164451485,0.1463818565430144,7.280000000000001,-20.800000000000004,38.8,59.6,3.8802483396940746,472,0,81,32,False,observed_poll_filter,0.9088679617534695,0.9965074900363878,32,0,0
2025-07-20,0.2793333333333333,207.93066666666667,208.0,178.95,196.0,219.0,241.0,0.7206666666666667,1.967130953207143,2.1107220085258693,0.1435910553187263,7.280000000000001,-20.800000000000004,38.8,59.6,3.8761590813991678,471,0,81,33,False,observed_poll_filter,0.8816108627676623,0.9950925707255787,33,0,1
2025-07-21,0.2786666666666667,207.92933333333335,208.0,178.95,196.0,219.0,241.0,0.7213333333333334,1.967130953207143,2.1107220085258693,0.1435910553187263,7.280000000000001,-20.800000000000004,38.8,59.6,3.8724293698288728,470,0,81,33,False,observed_poll_filter,0.8978517212490835,0.9950925707255787,33,0,0
2025-07-22,0.278,207.91866666666667,208.0,178.95,196.0,219.0,241.0,0.722,1.969913796791512,2.1134296401214714,0.14351584332995948,7.280000000000001,-20.800000000000004,38.8,59.6,3.8686866287632222,469,0,81,34,False,observed_poll_filter,0.8742651815576037,0.9950558936920807,34,0,1
2025-07-23,0.278,207.918,208.0,178.95,196.0,219.0,241.0,0.722,1.969913796791512,2.1134296401214714,0.14351584332995948,7.280000000000001,-20.800000000000004,38.8,59.6,3.864949706214991,468,0,81,34,False,observed_poll_filter,0.8906399989243408,0.9950558936920807,34,0,0
2025-07-24,0.2773333333333333,207.918,208.0,178.95,196.0,219.0,241.0,0.7226666666666667,1.969913796791512,2.1134296401214714,0.14351584332995948,7.280000000000001,-20.800000000000004,38.8,59.6,3.8612091670319217,467,0,81,34,False,observed_poll_filter,0.9067191448756058,0.9950558936920807,34,0,0
2025-07-25,0.2773333333333333,207.914,208.0,178.95,196.0,219.0,240.04999999999995,0.7226666666666667,1.969913796791512,2.1134296401214714,0.14351584332995948,7.280000000000001,-20.800000000000004,38.8,59.6,3.8574650006929874,466,0,81,34,False,observed_poll_filter,0.9225180798683297,0.9950558936920807,34,0,0
2025-07-26,0.2773333333333333,207.91733333333335,208.0,178.95,196.0,219.0,240.04999999999995,0.7226666666666667,1.969913796791512,2.1134296401214714,0.14351584332995948,7.280000000000001,-20.800000000000004,38.8,59.6,3.8537171966260506,465,0,81,34,False,observed_poll_filter,0.9380509621997889,0.9950558936920807,34,0,0
2025-07-27,0.27666666666666667,207.918,208.0,179.0,196.0,219.0,240.04999999999995,0.7233333333333334,1.969913796791512,2.1134296401214714,0.14351584332995948,7.280000000000001,-20.800000000000004,38.8,59.6,3.849965744207518,464,0,81,34,False,observed_poll_filter,0.9533307965674611,0.9950558936920807,34,0,0
2025-07-28,0.26,206.94666666666666,207.0,177.95,195.0,218.0,239.0,0.74,2.3470866543008517,2.480408636617045,0.1333219823161933,7.280000000000001,-20.800000000000004,38.8,59.6,3.8451106936054273,463,0,81,36,False,observed_poll_filter,0.8819677939240367,0.9907957640597829,36,0,2
2025-07-29,0.26,206.94666666666666,207.0,178.0,195.0,218.0,239.0,0.74,2.3470866543008517,2.480408636617045,0.1333219823161933,7.280000000000001,-20.800000000000004,38.8,59.6,3.8413508361094553,462,0,81,36,False,observed_poll_filter,0.8982021985718093,0.9907957640597829,36,0,0
2025-07-30,0.26,206.948,207.0,178.0,195.0,218.0,239.0,0.74,2.3470866543008517,2.480408636617045,0.1333219823161933,7.280000000000001,-20.800000000000004,38.8,59.6,3.8375872949131478,461,0,81,36,False,observed_poll_filter,0.9141483410908932,0.9907957640597829,36,0,0
2025-07-31,0.26,206.948,207.0,178.0,195.0,218.0,239.0,0.74,2.3470866543008517,2.480408636617045,0.1333219823161933,7.280000000000001,-20.800000000000004,38.8,59.6,3.833820059167985,460,0,81,36,False,observed_poll_filter,0.9298210524177392,0.9907957640597829,36,0,0
2025-08-01,0.26,206.952,207.0,178.0,195.0,218.0,239.0,0.74,2.3470866543008517,2.480408636617045,0.1333219823161933,7.280000000000001,-20.800000000000004,38.8,59.6,3.8300491179720932,459,0,81,36,False,observed_poll_filter,0.9452339337535614,0.9907957640597829,36,0,0
2025-08-02,0.26,206.956,207.0,178.0,195.0,218.0,239.0,0.74,2.3470866543008517,2.480408636617045,0.1333219823161933,7.280000000000001,-20.800000000000004,38.8,59.6,3.8262744603698793,458,0,81,36,False,observed_poll_filter,0.9603994947516539,0.9907957640597829,36,0,0
2025-08-03,0.252,206.45666666666668,206.0,177.0,194.75,218.0,238.0,0.748,2.5400797605004564,2.6681857129193634,0.128105952418907,7.280000000000001,-20.800000000000004,38.8,59.6,3.8220737555129918,457,0,81,37,False,observed_poll_filter,0.9391830358011898,0.9891651998433748,37,0,1
2025-08-04,0.23933333333333334,205.584,205.0,176.0,194.0,217.0,237.0,0.7606666666666667,2.8775217030847053,2.9965076030013353,0.11898589991663,7.280000000000001,-20.800000000000004,38.8,59.6,3.817786382285925,456,0,81,38,False,observed_poll_filter,0.9067080313169129,0.987214698415624,38,0,1
2025-08-05,0.23933333333333334,205.58333333333334,205.0,176.0,194.0,217.0,237.0,0.7606666666666667,2.8775217030847053,2.9965076030013353,0.11898589991663,7.280000000000001,-20.800000000000004,38.8,59.6,3.813999588459319,455,0,81,38,False,observed_poll_filter,0.9225071566413954,0.987214698415624,38,0,0
2025-08-06,0.23933333333333334,205.58466666666666,205.0,176.0,194.0,217.0,237.0,0.7606666666666667,2.8775217030847053,2.9965076030013353,0.11898589991663,7.280000000000001,-20.800000000000004,38.8,59.6,3.8102090311120533,454,0,81,38,False,observed_poll_filter,0.9380402198491234,0.987214698415624,38,0,0
2025-08-07,0.23933333333333334,205.59066666666666,205.0,176.0,194.0,217.0,237.0,0.7606666666666667,2.8775217030847053,2.9965076030013353,0.11898589991663,7.280000000000001,-20.800000000000004,38.8,59.6,3.8064146990006034,453,0,81,38,False,observed_poll_filter,0.953320226395408,0.987214698415624,38,0,0
2025-08-08,0.23933333333333334,205.59266666666667,205.0,176.0,194.0,217.0,237.0,0.7606666666666667,2.8775217030847053,2.9965076030013353,0.11898589991663,7.280000000000001,-20.800000000000004,38.8,59.6,3.802616580825347,452,0,81,38,False,observed_poll_filter,0.9683591555071868,0.987214698415624,38,0,0
2025-08-09,0.246,206.086,206.0,177.0,194.0,217.0,238.0,0.754,2.6868519774015835,2.810991113147487,0.1241391357459034,7.280000000000001,-20.800000000000004,38.8,59.6,3.7990645188967376,451,0,81,39,False,observed_poll_filter,0.9319095666294104,0.9881757023627413,39,0,1
2025-08-10,0.246,206.08666666666667,206.0,177.0,194.0,217.0,238.0,0.754,2.6868519774015835,2.810991113147487,0.1241391357459034,7.280000000000001,-20.800000000000004,38.8,59.6,3.795259045011302,450,0,81,39,False,observed_poll_filter,0.9472884673505825,0.9881757023627413,39,0,0
2025-08-11,0.24733333333333332,206.254,206.0,177.0,194.0,217.0,238.0,0.7526666666666667,2.620550135612201,2.746481213028088,0.1259310774158866,7.280000000000001,-20.800000000000004,38.8,59.6,3.791559272147725,449,0,81,40,False,observed_poll_filter,0.9147917660270813,0.9885958295528987,40,0,1
2025-08-12,0.24666666666666667,206.252,206.0,177.0,194.0,217.0,238.0,0.7533333333333333,2.620550135612201,2.746481213028088,0.1259310774158866,7.280000000000001,-20.800000000000004,38.8,59.6,3.787746257896559,448,0,81,40,False,observed_poll_filter,0.9304536394635395,0.9885958295528987,40,0,0
2025-08-13,0.246,206.194,206.0,177.0,194.0,217.0,238.0,0.754,2.647113671788998,2.7723268157947007,0.12521314400570294,7.280000000000001,-20.800000000000004,38.8,59.6,3.7838840394517033,447,0,81,41,False,observed_poll_filter,0.9121480547428779,0.988422189156707,41,0,1
2025-08-14,0.246,206.194,206.0,177.0,194.0,217.0,238.0,0.754,2.647113671788998,2.7723268157947007,0.12521314400570294,7.280000000000001,-20.800000000000004,38.8,59.6,3.7800632830704486,446,0,81,41,False,observed_poll_filter,0.927854554211605,0.988422189156707,41,0,0
2025-08-15,0.246,206.19,206.0,177.0,194.0,217.0,238.0,0.754,2.647113671788998,2.7723268157947007,0.12521314400570294,7.280000000000001,-20.800000000000004,38.8,59.6,3.776238660892256,445,0,81,41,False,observed_poll_filter,0.9432995673545156,0.988422189156707,41,0,0
2025-08-16,0.24533333333333332,206.18533333333335,206.0,177.0,194.0,217.0,237.04999999999995,0.7546666666666667,2.647113671788998,2.7723268157947007,0.12521314400570294,7.280000000000001,-20.800000000000004,38.8,59.6,3.772410161159221,444,0,81,41,False,observed_poll_filter,0.9584957348737742,0.988422189156707,41,0,0
2025-08-17,0.24533333333333332,206.18733333333333,206.0,177.0,194.0,217.0,237.04999999999995,0.7546666666666667,2.647113671788998,2.7723268157947007,0.12521314400570294,7.280000000000001,-20.800000000000004,38.8,59.6,3.768577772053715,443,0,81,41,False,observed_poll_filter,0.9734547106934233,0.988422189156707,41,0,0
2025-08-18,0.23866666666666667,205.58866666666665,205.0,176.0,194.0,217.0,237.0,0.7613333333333333,2.877711401282888,2.9966921742211885,0.11898077293830056,7.280000000000001,-20.800000000000004,38.8,59.6,3.7644244359715278,442,0,81,42,False,observed_poll_filter,0.9385145301759346,0.987213925215579,42,0,1
2025-08-19,0.23866666666666667,205.59,205.0,176.0,194.0,217.0,237.0,0.7613333333333333,2.877711401282888,2.9966921742211885,0.11898077293830056,7.280000000000001,-20.800000000000004,38.8,59.6,3.760583908668912,441,0,81,42,False,observed_poll_filter,0.9537869381320732,0.987213925215579,42,0,0
2025-08-20,0.238,205.59,205.0,177.0,194.0,217.0,237.0,0.762,2.877711401282888,2.9966921742211885,0.11898077293830056,7.280000000000001,-20.800000000000004,38.8,59.6,3.7567394551844493,440,0,81,42,False,observed_poll_filter,0.9688186225250603,0.987213925215579,42,0,0
2025-08-21,0.24933333333333332,206.46,206.0,178.0,195.0,217.0,238.0,0.7506666666666667,2.5412509805013577,2.669325278325646,0.12807429782428814,7.280000000000001,-20.800000000000004,38.8,59.6,3.7534025195961966,439,0,81,43,False,observed_poll_filter,0.9243315674341479,0.9891564457208349,43,0,1
2025-08-22,0.24933333333333332,206.45866666666666,206.0,178.0,195.0,217.0,238.0,0.7506666666666667,2.5412509805013577,2.669325278325646,0.12807429782428814,7.280000000000001,-20.800000000000004,38.8,59.6,3.749550702965767,438,0,81,43,False,observed_poll_filter,0.9398344782754402,0.9891564457208349,43,0,0
2025-08-23,0.24933333333333332,206.45866666666666,206.0,178.0,195.0,217.0,238.0,0.7506666666666667,2.5412509805013577,2.669325278325646,0.12807429782428814,7.280000000000001,-20.800000000000004,38.8,59.6,3.7456949253924936,437,0,81,43,False,observed_poll_filter,0.9550857796843533,0.9891564457208349,43,0,0
2025-08-24,0.242,206.172,206.0,178.0,195.0,217.0,237.0,0.758,2.648077777118294,2.773264864223205,0.12518708710491122,7.280000000000001,-20.800000000000004,38.8,59.6,3.7416395109538136,436,0,81,44,False,observed_poll_filter,0.93390108103299,0.9884160206768658,44,0,1
2025-08-25,0.244,206.33666666666667,206.0,178.0,195.0,217.0,237.0,0.756,2.5899616782572554,2.7167194707367894,0.126757792479534,7.280000000000001,-20.800000000000004,38.8,59.6,3.7378783422989716,435,0,81,45,False,observed_poll_filter,0.9056865076550802,0.9888045822242677,45,0,1
2025-08-26,0.25066666666666665,206.79,206.0,178.95,195.0,218.0,238.0,0.7493333333333333,2.417252106683846,2.548677725422121,0.13142561873827496,7.280000000000001,-20.800000000000004,38.8,59.6,3.7343696003806572,434,0,81,46,False,observed_poll_filter,0.8902482473916654,0.9901597407727643,46,0,1
2025-08-27,0.25066666666666665,206.788,206.0,178.95,195.0,218.0,238.0,0.7493333333333333,2.417252106683846,2.548677725422121,0.13142561873827496,7.280000000000001,-20.800000000000004,38.8,59.6,3.7304981319184694,433,0,81,46,False,observed_poll_filter,0.9063343433766217,0.9901597407727643,46,0,0
2025-08-28,0.25,206.78666666666666,206.0,178.95,195.0,217.25,238.0,0.75,2.417252106683846,2.548677725422121,0.13142561873827496,7.280000000000001,-20.800000000000004,38.8,59.6,3.726622641514323,432,0,81,46,False,observed_poll_filter,0.9221398711605154,0.9901597407727643,46,0,0
2025-08-29,0.25,206.782,206.0,178.95,195.0,217.25,238.0,0.75,2.417252106683846,2.548677725422121,0.13142561873827496,7.280000000000001,-20.800000000000004,38.8,59.6,3.722743116607321,431,0,81,46,False,observed_poll_filter,0.9376790186326727,0.9901597407727643,46,0,0
2025-08-30,0.25,206.778,206.0,179.0,195.0,217.25,238.0,0.75,2.417252106683846,2.548677725422121,0.13142561873827496,7.280000000000001,-20.800000000000004,38.8,59.6,3.7188595445710493,430,0,81,46,False,observed_poll_filter,0.9529648167607931,0.9901597407727643,46,0,0
2025-08-31,0.25,206.776,206.0,179.0,195.0,217.25,238.0,0.75,2.417252106683846,2.548677725422121,0.13142561873827496,7.280000000000001,-20.800000000000004,38.8,59.6,3.7149719127130947,429,0,81,46,False,observed_poll_filter,0.9680092675093209,0.9901597407727643,46,0,0
2025-09-01,0.24533333333333332,206.468,206.0,178.0,195.0,217.0,237.0,0.7546666666666667,2.534373903412688,2.6626340681853184,0.12826016477263025,7.280000000000001,-20.800000000000004,38.8,59.6,3.710826397951283,428,0,81,47,False,observed_poll_filter,0.9457606370705738,0.9892080447166276,47,0,1
2025-09-02,0.23866666666666667,205.84466666666665,206.0,177.0,194.0,217.0,237.0,0.7613333333333333,2.7756848082000376,2.897423056627064,0.12173824842702619,7.280000000000001,-20.800000000000004,38.8,59.6,3.7065234804463034,427,0,81,49,False,observed_poll_filter,0.8782563559908657,0.987682292591993,49,0,2
2025-09-03,0.238,205.802,206.0,177.0,194.0,217.0,237.0,0.762,2.7948792688901425,2.916098748109328,0.12121947921918563,7.280000000000001,-20.800000000000004,38.8,59.6,3.702597249797836,426,0,81,50,False,observed_poll_filter,0.8554290519004275,0.9875861452098742,50,0,1
2025-09-04,0.238,205.80266666666665,206.0,177.0,194.0,217.0,237.0,0.762,2.7948792688901425,2.916098748109328,0.12121947921918563,7.280000000000001,-20.800000000000004,38.8,59.6,3.698692524962098,425,0,81,50,False,observed_poll_filter,0.8721575905965987,0.9875861452098742,50,0,0
2025-09-05,0.238,205.80666666666667,206.0,177.0,194.0,217.0,237.0,0.762,2.7948792688901425,2.916098748109328,0.12121947921918563,7.280000000000001,-20.800000000000004,38.8,59.6,3.6947836735336077,424,0,81,50,False,observed_poll_filter,0.8885712480354427,0.9875861452098742,50,0,0
2025-09-06,0.238,205.80733333333333,206.0,177.0,194.0,217.0,237.0,0.762,2.7948792688901425,2.916098748109328,0.12121947921918563,7.280000000000001,-20.800000000000004,38.8,59.6,3.6908706824014437,423,0,81,50,False,observed_poll_filter,0.9046871629658865,0.9875861452098742,50,0,0
2025-09-07,0.23,205.43866666666668,205.0,177.0,194.0,216.0,236.0,0.77,2.9351919802780553,3.0526192240543244,0.11742724377626912,7.280000000000001,-20.800000000000004,38.8,59.6,3.6867956139007245,422,0,81,51,False,observed_poll_filter,0.8652748208456238,0.9869964025656925,51,0,1
2025-09-08,0.22733333333333333,205.21533333333332,205.0,177.0,194.0,216.0,236.0,0.7726666666666666,3.023393402184578,3.1384368237471576,0.11504342156257952,7.280000000000001,-20.800000000000004,38.8,59.6,3.682802118283495,421,0,81,52,False,observed_poll_filter,0.8445054181058849,0.9867276434930751,52,0,1
2025-09-09,0.22733333333333333,205.218,205.0,177.0,194.0,216.0,236.0,0.7726666666666666,3.023393402184578,3.1384368237471576,0.11504342156257952,7.280000000000001,-20.800000000000004,38.8,59.6,3.6788763831411075,420,0,81,52,False,observed_poll_filter,0.8614461104504422,0.9867276434930751,52,0,0
2025-09-10,0.226,205.214,205.0,177.0,194.0,216.0,236.0,0.774,3.023393402184578,3.1384368237471576,0.11504342156257952,7.280000000000001,-20.800000000000004,38.8,59.6,3.674946454362757,419,0,81,52,False,observed_poll_filter,0.878060021416643,0.9867276434930751,52,0,0
2025-09-11,0.226,205.216,205.0,177.0,194.0,216.0,236.0,0.774,3.023393402184578,3.1384368237471576,0.11504342156257952,7.280000000000001,-20.800000000000004,38.8,59.6,3.6710123184802037,418,0,81,52,False,observed_poll_filter,0.8943653622598515,0.9867276434930751,52,0,0
2025-09-12,0.226,205.21533333333332,205.0,177.0,194.0,216.0,235.04999999999995,0.774,3.023393402184578,3.1384368237471576,0.11504342156257952,7.280000000000001,-20.800000000000004,38.8,59.6,3.667073961952963,417,0,81,52,False,observed_poll_filter,0.910378713069564,0.9867276434930751,52,0,0
2025-09-13,0.22933333333333333,205.49133333333333,205.0,177.0,194.0,216.0,236.0,0.7706666666666667,2.9127234637772537,3.0307579647562473,0.1180345009789936,7.280000000000001,-20.800000000000004,38.8,59.6,3.663225613242184,416,0,81,53,False,observed_poll_filter,0.8746077531948305,0.9870774506154878,53,0,1
2025-09-14,0.22933333333333333,205.492,205.0,177.95,194.0,216.0,236.0,0.7706666666666667,2.9127234637772537,3.0307579647562473,0.1180345009789936,7.280000000000001,-20.800000000000004,38.8,59.6,3.65927887616038,415,0,81,53,False,observed_poll_filter,0.8909762746271697,0.9870774506154878,53,0,0
2025-09-15,0.23333333333333334,205.686,206.0,178.0,194.0,217.0,236.0,0.7666666666666667,2.8357046398275374,2.9558207306430098,0.12011609081547236,7.280000000000001,-20.800000000000004,38.8,59.6,3.655413376985383,414,0,81,54,False,observed_poll_filter,0.867936131165244,0.9873940229936987,54,0,1
2025-09-16,0.21733333333333332,204.84066666666666,205.0,176.0,194.0,215.25,235.0,0.7826666666666666,3.1644444337148605,3.275675665236081,0.1112312315212205,7.280000000000001,-20.800000000000004,38.8,59.6,3.651206171097706,413,0,81,55,False,observed_poll_filter,0.8558156084050749,0.9864616079006663,55,0,1
2025-09-17,0.21733333333333332,204.84333333333333,205.0,176.0,194.0,215.25,235.0,0.7826666666666666,3.1644444337148605,3.275675665236081,0.1112312315212205,7.280000000000001,-20.800000000000004,38.8,59.6,3.647246427630298,412,0,81,55,False,observed_poll_filter,0.8725367359542797,0.9864616079006663,55,0,0
2025-09-18,0.21666666666666667,204.84133333333332,205.0,176.95,194.0,215.25,235.0,0.7833333333333333,3.1644444337148605,3.275675665236081,0.1112312315212205,7.280000000000001,-20.800000000000004,38.8,59.6,3.643282380472583,411,0,81,55,False,observed_poll_filter,0.888943392792673,0.9864616079006663,55,0,0
2025-09-19,0.21666666666666667,204.84266666666667,205.0,176.95,194.0,215.25,235.0,0.7833333333333333,3.1644444337148605,3.275675665236081,0.1112312315212205,7.280000000000001,-20.800000000000004,38.8,59.6,3.639314015561445,410,0,81,55,False,observed_poll_filter,0.9050526811129551,0.9864616079006663,55,0,0
2025-09-20,0.21666666666666667,204.84333333333333,205.0,176.95,194.0,215.25,235.0,0.7833333333333333,3.1644444337148605,3.275675665236081,0.1112312315212205,7.280000000000001,-20.800000000000004,38.8,59.6,3.635341318757012,409,0,81,55,False,observed_poll_filter,0.9208802069703467,0.9864616079006663,55,0,0
2025-09-21,0.216,204.844,205.0,177.0,194.0,215.25,235.0,0.784,3.1644444337148605,3.275675665236081,0.1112312315212205,7.280000000000001,-20.800000000000004,38.8,59.6,3.6313642758420657,408,0,81,55,False,observed_poll_filter,0.9364402573521434,0.9864616079006663,55,0,0
2025-09-22,0.216,204.882,205.0,177.0,194.0,215.25,235.0,0.784,3.1495109829555443,3.2611458212540434,0.11163483829849907,7.280000000000001,-20.800000000000004,38.8,59.6,3.627387937181336,407,0,81,56,False,observed_poll_filter,0.907502849834152,0.9864802313319133,56,0,1
2025-09-23,0.216,204.88133333333334,205.0,177.0,194.0,215.25,235.0,0.784,3.1495109829555443,3.2611458212540434,0.11163483829849907,7.280000000000001,-20.800000000000004,38.8,59.6,3.6234021646525334,406,0,81,56,False,observed_poll_filter,0.9232883744838919,0.9864802313319133,56,0,0
2025-09-24,0.23533333333333334,206.008,206.0,178.0,195.0,217.0,236.0,0.7646666666666667,2.7029020206388124,2.8266073714323583,0.12370535079354594,7.280000000000001,-20.800000000000004,38.8,59.6,3.619848531879587,405,0,81,57,False,observed_poll_filter,0.886848977863065,0.9880806615609885,57,0,1
2025-09-25,0.23533333333333334,206.01066666666668,206.0,178.95,195.0,217.0,236.0,0.7646666666666667,2.7029020206388124,2.8266073714323583,0.12370535079354594,7.280000000000001,-20.800000000000004,38.8,59.6,3.6158544486401554,404,0,81,57,False,observed_poll_filter,0.9029956309621676,0.9880806615609885,57,0,0
2025-09-26,0.23533333333333334,206.00733333333332,206.0,178.95,195.0,217.0,236.0,0.7646666666666667,2.7029020206388124,2.8266073714323583,0.12370535079354594,7.280000000000001,-20.800000000000004,38.8,59.6,3.611855948643412,403,0,81,57,False,observed_poll_filter,0.9188585906094383,0.9880806615609885,57,0,0
2025-09-27,0.23866666666666667,206.16933333333333,206.0,179.0,195.0,217.0,236.0,0.7613333333333333,2.6437392796750614,2.7690436234676277,0.12530434379256628,7.280000000000001,-20.800000000000004,38.8,59.6,3.607952501075265,402,0,81,58,False,observed_poll_filter,0.8942619419152876,0.9884438527378564,58,0,1
2025-09-28,0.23866666666666667,206.16666666666666,206.0,179.0,195.0,217.0,236.0,0.7613333333333333,2.6437392796750614,2.7690436234676277,0.12530434379256628,7.280000000000001,-20.800000000000004,38.8,59.6,3.6039452340477176,401,0,81,58,False,observed_poll_filter,0.9102771120697813,0.9884438527378564,58,0,0
2025-09-29,0.23266666666666666,205.85733333333334,206.0,178.0,195.0,217.0,236.0,0.7673333333333333,2.7657539613797697,2.8877606110722085,0.1220066496924388,7.280000000000001,-20.800000000000004,38.8,59.6,3.5997385270121134,400,0,81,60,False,observed_poll_filter,0.8521563669363298,0.9877334978906704,60,0,2
2025-09-30,0.23266666666666666,205.858,206.0,178.0,195.0,217.0,235.04999999999995,0.7673333333333333,2.7657539613797697,2.8877606110722085,0.1220066496924388,7.280000000000001,-20.800000000000004,38.8,59.6,3.59572210589964,399,0,81,60,False,observed_poll_filter,0.8689479119660307,0.9877334978906704,60,0,0
2025-10-01,0.23266666666666666,205.854,206.0,178.0,195.0,216.25,235.04999999999995,0.7673333333333333,2.7657539613797697,2.8877606110722085,0.1220066496924388,7.280000000000001,-20.800000000000004,38.8,59.6,3.5917011934256644,398,0,81,60,False,observed_poll_filter,0.8854210714175063,0.9877334978906704,60,0,0
2025-10-02,0.23266666666666666,205.85533333333333,206.0,178.0,195.0,216.25,235.04999999999995,0.7673333333333333,2.7657539613797697,2.8877606110722085,0.1220066496924388,7.280000000000001,-20.800000000000004,38.8,59.6,3.5876757744890133,397,0,81,60,False,observed_poll_filter,0.9015932972854915,0.9877334978906704,60,0,0
2025-10-03,0.23266666666666666,205.85533333333333,206.0,178.0,195.0,216.25,235.04999999999995,0.7673333333333333,2.7657539613797697,2.8877606110722085,0.1220066496924388,7.280000000000001,-20.800000000000004,38.8,59.6,3.583645833903699,396,0,81,60,False,observed_poll_filter,0.917480503177111,0.9877334978906704,60,0,0
2025-10-04,0.23266666666666666,205.85933333333332,206.0,178.0,195.0,216.25,235.0,0.7673333333333333,2.7657539613797697,2.8877606110722085,0.1220066496924388,7.280000000000001,-20.800000000000004,38.8,59.6,3.579611356398253,395,0,81,60,False,observed_poll_filter,0.9330972477240113,0.9877334978906704,60,0,0
2025-10-05,0.23133333333333334,205.77533333333332,206.0,178.0,195.0,216.0,235.0,0.7686666666666667,2.7945015876669084,2.915731274486722,0.1212296868198135,7.280000000000001,-20.800000000000004,38.8,59.6,3.575532136627603,394,0,81,61,False,observed_poll_filter,0.8883532673363211,0.9875880011709096,61,0,1
2025-10-06,0.222,205.29533333333333,205.0,178.0,194.0,216.0,235.0,0.778,2.986148420871811,3.102198463550952,0.11605004267914065,7.280000000000001,-20.800000000000004,38.8,59.6,3.5712793870654442,393,0,81,62,False,observed_poll_filter,0.864283046314316,0.9868315258839953,62,0,1
2025-10-07,0.222,205.292,205.0,178.0,194.0,216.0,235.0,0.778,2.986148420871811,3.102198463550952,0.11605004267914065,7.280000000000001,-20.800000000000004,38.8,59.6,3.5672309233463615,392,0,81,62,False,observed_poll_filter,0.880843450419173,0.9868315258839953,62,0,0
2025-10-08,0.232,205.87533333333334,206.0,179.0,195.0,216.0,235.0,0.768,2.7550923392169047,2.877387140859691,0.1222948016427865,7.280000000000001,-20.800000000000004,38.8,59.6,3.5634433141971633,391,0,81,64,False,observed_poll_filter,0.8320330062293227,0.9877895795646261,64,0,2
2025-10-09,0.232,205.87333333333333,206.0,179.0,195.0,216.0,235.0,0.768,2.7550923392169047,2.877387140859691,0.1222948016427865,7.280000000000001,-20.800000000000004,38.8,59.6,3.559385937699994,390,0,81,64,False,observed_poll_filter,0.8492225405952225,0.9877895795646261,64,0,0
2025-10-10,0.23133333333333334,205.87933333333334,206.0,179.0,195.0,216.0,235.0,0.7686666666666667,2.7550923392169047,2.877387140859691,0.1222948016427865,7.280000000000001,-20.800000000000004,38.8,59.6,3.555323930881188,389,0,81,64,False,observed_poll_filter,0.8660709690637393,0.9877895795646261,64,0,0
2025-10-11,0.23133333333333334,205.87933333333334,206.0,179.0,195.0,216.0,235.0,0.7686666666666667,2.7550923392169047,2.877387140859691,0.1222948016427865,7.280000000000001,-20.800000000000004,38.8,59.6,3.551257277851953,388,0,81,64,False,observed_poll_filter,0.8825978265637212,0.9877895795646261,64,0,0
2025-10-12,0.23333333333333334,206.06333333333333,206.0,179.0,195.0,217.0,235.0,0.7666666666666667,2.682546223219082,2.806801730699648,0.1242555074805658,7.280000000000001,-20.800000000000004,38.8,59.6,3.547300731982964,387,0,81,66,False,observed_poll_filter,0.8230663864411045,0.9882016409250042,66,0,2
2025-10-13,0.232,205.998,206.0,179.0,195.0,216.25,235.0,0.768,2.706380241935058,2.8299915867476244,0.12361134481256641,7.280000000000001,-20.800000000000004,38.8,59.6,3.54318548332449,386,0,81,67,False,observed_poll_filter,0.808274280689812,0.9880604076884155,67,0,1
2025-10-14,0.236,206.25133333333332,206.0,179.0,195.0,217.0,235.0,0.764,2.613749870641699,2.7398647390027344,0.12611486836103536,7.280000000000001,-20.800000000000004,38.8,59.6,3.5392671367560933,385,0,81,68,False,observed_poll_filter,0.8032271663775864,0.9886414240368813,68,0,1
2025-10-15,0.236,206.25466666666668,206.0,179.0,195.0,217.0,235.0,0.764,2.613749870641699,2.7398647390027344,0.12611486836103536,7.280000000000001,-20.800000000000004,38.8,59.6,3.535182013040018,384,0,81,68,False,observed_poll_filter,0.8210200246077844,0.9886414240368813,68,0,0
2025-10-16,0.236,206.24866666666668,206.0,179.0,195.0,217.0,235.0,0.764,2.613749870641699,2.7398647390027344,0.12611486836103536,7.280000000000001,-20.800000000000004,38.8,59.6,3.531092163243785,383,0,81,68,False,observed_poll_filter,0.8384353766432849,0.9886414240368813,68,0,0
2025-10-17,0.23466666666666666,206.24133333333333,206.0,179.0,195.0,217.0,235.0,0.7653333333333333,2.613749870641699,2.7398647390027344,0.12611486836103536,7.280000000000001,-20.800000000000004,38.8,59.6,3.526997570926534,382,0,81,68,False,observed_poll_filter,0.855496277494512,0.9886414240368813,68,0,0
2025-10-18,0.23466666666666666,206.23933333333332,206.0,179.0,195.0,217.0,235.0,0.7653333333333333,2.613749870641699,2.7398647390027344,0.12611486836103536,7.280000000000001,-20.800000000000004,38.8,59.6,3.522898219551861,381,0,81,68,False,observed_poll_filter,0.8722235268593522,0.9886414240368813,68,0,0
2025-10-19,0.23266666666666666,206.13066666666666,206.0,179.0,195.0,217.0,235.0,0.7673333333333333,2.655994498521607,2.780967620183185,0.12497312166157837,7.280000000000001,-20.800000000000004,38.8,59.6,3.5187166412815523,380,0,81,69,False,observed_poll_filter,0.838633606491091,0.9883657226106771,69,0,1
2025-10-20,0.208,204.64,204.0,178.0,194.0,215.0,233.0,0.792,3.24884153713149,3.3577917658576664,0.10895022872617632,7.280000000000001,-20.800000000000004,38.8,59.6,3.514055019698903,379,0,81,71,False,observed_poll_filter,0.7941423779599119,0.9863988450272315,71,0,2
2025-10-21,0.208,204.64266666666666,204.0,178.0,194.0,215.0,233.0,0.792,3.24884153713149,3.3577917658576664,0.10895022872617632,7.280000000000001,-20.800000000000004,38.8,59.6,3.509940552412684,378,0,81,71,False,observed_poll_filter,0.8121342970665772,0.9863988450272315,71,0,0
2025-10-22,0.20666666666666667,204.64,204.0,178.0,194.0,215.0,233.0,0.7933333333333333,3.24884153713149,3.3577917658576664,0.10895022872617632,7.280000000000001,-20.800000000000004,38.8,59.6,3.5058212563493676,377,0,81,71,False,observed_poll_filter,0.8297361728114688,0.9863988450272315,71,0,0
2025-10-23,0.20666666666666667,204.64266666666666,204.0,178.0,194.0,215.0,233.0,0.7933333333333333,3.24884153713149,3.3577917658576664,0.10895022872617632,7.280000000000001,-20.800000000000004,38.8,59.6,3.5016971144676488,376,0,81,71,False,observed_poll_filter,0.8469723233210302,0.9863988450272315,71,0,0
2025-10-24,0.20666666666666667,204.646,204.0,178.0,194.0,215.0,233.0,0.7933333333333333,3.24884153713149,3.3577917658576664,0.10895022872617632,7.280000000000001,-20.800000000000004,38.8,59.6,3.4975681096257523,375,0,81,71,False,observed_poll_filter,0.8638646401328299,0.9863988450272315,71,0,0
2025-10-25,0.20666666666666667,204.646,204.0,178.0,194.0,215.0,233.0,0.7933333333333333,3.24884153713149,3.3577917658576664,0.10895022872617632,7.280000000000001,-20.800000000000004,38.8,59.6,3.4934342245806,374,0,81,71,False,observed_poll_filter,0.8804329142369813,0.9863988450272315,71,0,0
2025-10-26,0.20666666666666667,204.70933333333332,204.0,178.0,194.0,215.0,233.0,0.7933333333333333,3.2211688800169562,3.3308670183948768,0.10969813837792053,7.280000000000001,-20.800000000000004,38.8,59.6,3.489299010400192,373,0,81,72,False,observed_poll_filter,0.8453671585621243,0.9864114678873911,72,0,1
2025-10-27,0.20466666666666666,204.472,204.0,178.0,194.0,215.0,233.0,0.7953333333333333,3.316280657570599,3.4234082073659886,0.10712754979538941,7.280000000000001,-20.800000000000004,38.8,59.6,3.4851503515591653,372,0,81,74,False,observed_poll_filter,0.8011432830915606,0.9863939238321437,74,0,2
2025-10-28,0.20133333333333334,204.18266666666668,204.0,177.0,193.0,215.0,232.04999999999995,0.7986666666666666,3.425596745906347,3.5297698068277974,0.1041730609214504,7.280000000000001,-20.800000000000004,38.8,59.6,3.481001719760129,371,0,81,76,False,observed_poll_filter,0.7601297038587604,0.9863939238321437,76,0,2
2025-10-29,0.212,204.96666666666667,205.0,178.0,194.0,215.0,233.0,0.788,3.115484915116908,3.2280393768705054,0.1125544617535974,7.280000000000001,-20.800000000000004,38.8,59.6,3.4768870595842647,370,0,81,78,False,observed_poll_filter,0.7188972720386835,0.9865311070131109,78,0,2
2025-10-30,0.20666666666666667,204.77066666666667,204.0,178.0,194.0,215.0,233.0,0.7933333333333333,3.195126624878195,3.305528607989596,0.1104019831114007,7.280000000000001,-20.800000000000004,38.8,59.6,3.4726999593790158,369,0,81,79,False,observed_poll_filter,0.7229459422620411,0.9864304374212196,79,0,1
2025-10-31,0.206,204.76666666666668,204.0,178.0,194.0,215.0,233.0,0.794,3.195126624878195,3.305528607989596,0.1104019831114007,7.280000000000001,-20.800000000000004,38.8,59.6,3.468536436001649,368,0,81,79,False,observed_poll_filter,0.7426646857318251,0.9864304374212196,79,0,0
2025-11-01,0.20533333333333334,204.76466666666667,204.0,178.0,194.0,215.0,233.0,0.7946666666666666,3.195126624878195,3.305528607989596,0.1104019831114007,7.280000000000001,-20.800000000000004,38.8,59.6,3.4643679088501873,367,0,81,79,False,observed_poll_filter,0.7618732410533596,0.9864304374212196,79,0,0
2025-11-02,0.20533333333333334,204.808,204.0,178.0,194.0,215.0,233.0,0.7946666666666666,3.178226961415809,3.289085692188355,0.11085873077254593,7.280000000000001,-20.800000000000004,38.8,59.6,3.4601989177627925,366,0,81,80,False,observed_poll_filter,0.746040046696895,0.9864464255532581,80,0,1
2025-11-03,0.206,204.83333333333334,204.5,178.0,194.0,215.0,233.0,0.794,3.1669463104646884,3.278109923695373,0.11116361323068435,7.280000000000001,-20.800000000000004,38.8,59.6,3.456023840244762,365,0,81,81,False,observed_poll_filter,0.7405530374772382,0.9864587088875786,81,0,1
2025-11-04,0.20533333333333334,204.74066666666667,204.0,178.0,194.0,215.0,233.0,0.7946666666666666,3.2055376484927462,3.315658252587537,0.11012060409479085,7.280000000000001,-20.800000000000004,38.8,59.6,3.4518297205092394,364,0,81,82,False,observed_poll_filter,0.7420070219496917,0.9864220290478578,82,0,1
2025-11-05,0.20533333333333334,204.74466666666666,204.0,178.0,194.0,215.0,233.0,0.7946666666666666,3.2055376484927462,3.315658252587537,0.11012060409479085,7.280000000000001,-20.800000000000004,38.8,59.6,3.44764099340272,363,0,81,82,False,observed_poll_filter,0.7612321726140129,0.9864220290478578,82,0,0
2025-11-06,0.20133333333333334,204.286,204.0,178.0,194.0,215.0,232.0,0.7986666666666666,3.3911350053003595,3.496239464616566,0.10510445931620671,7.280000000000001,-20.800000000000004,38.8,59.6,3.4434391199748218,362,0,81,83,False,observed_poll_filter,0.7536368820160346,0.9863939238321437,83,0,1
2025-11-07,0.20133333333333334,204.28666666666666,204.0,178.0,194.0,215.0,232.0,0.7986666666666666,3.3911350053003595,3.496239464616566,0.10510445931620671,7.280000000000001,-20.800000000000004,38.8,59.6,3.439240173784462,361,0,81,83,False,observed_poll_filter,0.7725726826227101,0.9863939238321437,83,0,0
2025-11-08,0.20133333333333334,204.286,204.0,178.0,194.0,215.0,232.0,0.7986666666666666,3.3911350053003595,3.496239464616566,0.10510445931620671,7.280000000000001,-20.800000000000004,38.8,59.6,3.4350360948573706,360,0,81,83,False,observed_poll_filter,0.7910553393630883,0.9863939238321437,83,0,0
2025-11-09,0.194,203.912,204.0,177.0,193.0,214.0,232.0,0.806,3.539838196105035,3.6409236502643587,0.1010854541593238,7.280000000000001,-20.800000000000004,38.8,59.6,3.430826864324834,359,0,81,84,False,observed_poll_filter,0.7708172579586494,0.9863939238321437,84,0,1
2025-11-10,0.184,203.33466666666666,203.0,177.0,193.0,214.0,231.0,0.816,3.774819145117304,3.8695537628168366,0.09473461769953273,7.280000000000001,-20.800000000000004,38.8,59.6,3.4266124632022477,358,0,81,85,False,observed_poll_filter,0.7620676129933237,0.9863939238321437,85,0,1
2025-11-11,0.184,203.332,203.0,177.0,193.0,214.0,231.0,0.816,3.774819145117304,3.8695537628168366,0.09473461769953273,7.280000000000001,-20.800000000000004,38.8,59.6,3.4223928723881154,357,0,81,85,False,observed_poll_filter,0.780798979746607,0.9863939238321437,85,0,0
2025-11-12,0.184,203.37,203.0,177.0,193.0,214.0,231.0,0.816,3.7617901729327103,3.8568769250156105,0.09508675208290018,7.280000000000001,-20.800000000000004,38.8,59.6,3.418168072663042,356,0,81,88,False,observed_poll_filter,0.7438970976817104,0.9863939238321437,88,0,3
2025-11-13,0.158,201.88866666666667,202.0,175.0,192.0,212.0,229.04999999999995,0.842,4.345498014297274,4.424808878775726,0.07931086447845193,7.280000000000001,-20.800000000000004,38.8,59.6,3.4139380446887104,355,0,81,89,False,observed_poll_filter,0.7410029556609344,0.9863939238321437,89,0,1
2025-11-14,0.158,201.89133333333334,202.0,175.0,192.0,212.0,229.04999999999995,0.842,4.345498014297274,4.424808878775726,0.07931086447845193,7.280000000000001,-20.800000000000004,38.8,59.6,3.4097027690068495,354,0,81,89,False,observed_poll_filter,0.7602534973929689,0.9863939238321437,89,0,0
2025-11-15,0.15733333333333333,201.89466666666667,202.0,175.0,192.0,212.0,229.04999999999995,0.8426666666666667,4.345498014297274,4.424808878775726,0.07931086447845193,7.280000000000001,-20.800000000000004,38.8,59.6,3.4054622260381886,353,0,81,89,False,observed_poll_filter,0.7790284849081199,0.9863939238321437,89,0,0
2025-11-16,0.16933333333333334,202.43133333333333,202.0,176.0,192.0,213.0,230.0,0.8306666666666667,4.134399987982308,4.219416204523326,0.08501621654101843,7.280000000000001,-20.800000000000004,38.8,59.6,3.4012163960814044,352,0,81,90,False,observed_poll_filter,0.760633832600405,0.9863939238321437,90,0,1
2025-11-17,0.17,202.61266666666666,202.0,176.0,192.0,213.0,230.0,0.83,4.063565089335215,4.150495762596425,0.08693067326121007,7.280000000000001,-20.800000000000004,38.8,59.6,3.396965259312049,351,0,81,91,False,observed_poll_filter,0.7546735711815332,0.9863939238321437,91,0,1
2025-11-18,0.17,202.61333333333334,202.0,176.0,192.0,213.0,230.0,0.83,4.063565089335215,4.150495762596425,0.08693067326121007,7.280000000000001,-20.800000000000004,38.8,59.6,3.3927087957814734,350,0,81,91,False,observed_poll_filter,0.7735839961115333,0.9863939238321437,91,0,0
2025-11-19,0.17,202.612,202.0,176.0,192.0,213.0,230.0,0.83,4.063565089335215,4.150495762596425,0.08693067326121007,7.280000000000001,-20.800000000000004,38.8,59.6,3.388446985415734,349,0,81,91,False,observed_poll_filter,0.7920430537792051,0.9863939238321437,91,0,0
2025-11-20,0.17,202.61333333333334,202.0,176.0,192.0,213.0,230.0,0.83,4.063565089335215,4.150495762596425,0.08693067326121007,7.280000000000001,-20.800000000000004,38.8,59.6,3.384179808014488,348,0,81,91,False,observed_poll_filter,0.8100816002353645,0.9863939238321437,91,0,0
2025-11-21,0.16933333333333334,202.61533333333333,202.0,176.0,192.0,213.0,230.0,0.8306666666666667,4.063565089335215,4.150495762596425,0.08693067326121007,7.280000000000001,-20.800000000000004,38.8,59.6,3.3799072432498756,347,0,81,91,False,observed_poll_filter,0.8277271283701464,0.9863939238321437,91,0,0
2025-11-22,0.16933333333333334,202.616,202.0,176.0,192.0,213.0,230.0,0.8306666666666667,4.063565089335215,4.150495762596425,0.08693067326121007,7.280000000000001,-20.800000000000004,38.8,59.6,3.375629270665393,346,0,81,91,False,observed_poll_filter,0.8450042597761794,0.9863939238321437,91,0,0
2025-11-23,0.18333333333333332,203.37533333333334,203.0,177.0,193.0,213.25,230.04999999999995,0.8166666666666667,3.764579605385444,3.859590967402054,0.09501136201660998,7.280000000000001,-20.800000000000004,38.8,59.6,3.3713458696747467,345,0,81,93,False,observed_poll_filter,0.7740598033427033,0.9863939238321437,93,0,2
2025-11-24,0.178,203.158,203.0,177.0,193.0,213.0,230.0,0.822,3.849555133179352,3.9422698593096404,0.0927147261302883,7.280000000000001,-20.800000000000004,38.8,59.6,3.3670570195606984,344,0,81,94,False,observed_poll_filter,0.7647668520356364,0.9863939238321437,94,0,1
2025-11-25,0.17733333333333334,203.14266666666666,203.0,177.0,193.0,213.0,230.0,0.8226666666666667,3.8557178726266415,3.948266038231327,0.09254816560468537,7.280000000000001,-20.800000000000004,38.8,59.6,3.362762699473898,343,0,81,95,False,observed_poll_filter,0.7672198347178344,0.9863939238321437,95,0,1
2025-11-26,0.17733333333333334,203.142,203.0,177.0,193.0,213.0,230.0,0.8226666666666667,3.8557178726266415,3.948266038231327,0.09254816560468537,7.280000000000001,-20.800000000000004,38.8,59.6,3.358462888431697,342,0,81,95,False,observed_poll_filter,0.785828400342251,0.9863939238321437,95,0,0
2025-11-27,0.17733333333333334,203.14133333333334,203.0,177.0,193.0,213.0,230.0,0.8226666666666667,3.8557178726266415,3.948266038231327,0.09254816560468537,7.280000000000001,-20.800000000000004,38.8,59.6,3.3541575653169566,341,0,81,95,False,observed_poll_filter,0.8040063897659403,0.9863939238321437,95,0,0
2025-11-28,0.17733333333333334,203.14,203.0,177.0,193.0,213.0,230.0,0.8226666666666667,3.8557178726266415,3.948266038231327,0.09254816560468537,7.280000000000001,-20.800000000000004,38.8,59.6,3.3498467088768367,340,0,81,95,False,observed_poll_filter,0.8217823767789506,0.9863939238321437,95,0,0
2025-11-29,0.17733333333333334,203.14,203.0,177.0,193.0,213.0,230.0,0.8226666666666667,3.8557178726266415,3.948266038231327,0.09254816560468537,7.280000000000001,-20.800000000000004,38.8,59.6,3.3455302977215697,339,0,81,95,False,observed_poll_filter,0.839181908041672,0.9863939238321437,95,0,0
2025-11-30,0.17533333333333334,203.102,203.0,177.0,193.0,213.0,230.0,0.8246666666666667,3.8704838145785154,3.9626329006709886,0.09214908609247319,7.280000000000001,-20.800000000000004,38.8,59.6,3.3412083103232244,338,0,81,96,False,observed_poll_filter,0.8112321355733436,0.9863939238321437,96,0,1
2025-12-01,0.176,203.14666666666668,203.0,177.0,193.0,213.0,230.0,0.824,3.853475940966222,3.946084699318486,0.09260875835226434,7.280000000000001,-20.800000000000004,38.8,59.6,3.336880725014452,337,0,81,98,False,observed_poll_filter,0.7634880847283233,0.9863939238321437,98,0,2
2025-12-02,0.176,203.14,203.0,177.0,193.0,213.0,230.0,0.824,3.853475940966222,3.946084699318486,0.09260875835226434,7.280000000000001,-20.800000000000004,38.8,59.6,3.3325475199872208,336,0,81,98,False,observed_poll_filter,0.7821854355088207,0.9863939238321437,98,0,0
2025-12-03,0.176,203.146,203.0,177.0,193.0,213.0,230.0,0.824,3.853475940966222,3.946084699318486,0.09260875835226434,7.280000000000001,-20.800000000000004,38.8,59.6,3.3282086732915315,335,0,81,98,False,observed_poll_filter,0.8004461602894497,0.9863939238321437,98,0,0
2025-12-04,0.20133333333333334,204.77866666666668,204.5,179.0,195.0,215.0,232.0,0.7986666666666666,3.1942403028427533,3.30466624060376,0.11042593776100684,7.280000000000001,-20.800000000000004,38.8,59.6,3.3238752263328926,334,0,81,99,False,observed_poll_filter,0.7832020071706757,0.9864312040023562,99,0,1
2025-12-05,0.198,204.67533333333333,204.0,179.0,194.0,215.0,231.04999999999995,0.802,3.235553560231926,3.3448629234689014,0.10930936323697527,7.280000000000001,-20.800000000000004,38.8,59.6,3.3195169419409587,333,0,81,100,False,observed_poll_filter,0.7806233575917847,0.9864039374582066,100,0,1
2025-12-06,0.198,204.676,204.0,179.0,194.0,215.0,231.04999999999995,0.802,3.235553560231926,3.3448629234689014,0.10930936323697527,7.280000000000001,-20.800000000000004,38.8,59.6,3.3151610410103842,332,0,81,100,False,observed_poll_filter,0.7989197872238936,0.9864039374582066,100,0,0
2025-12-07,0.19666666666666666,204.59333333333333,204.0,179.0,194.0,215.0,231.0,0.8033333333333333,3.265689190756237,3.3741840774925556,0.10849488673631846,7.280000000000001,-20.800000000000004,38.8,59.6,3.3107967350723277,331,0,81,102,False,observed_poll_filter,0.7511752781229327,0.9863949619526577,102,0,2
2025-12-08,0.20133333333333334,204.86866666666666,205.0,179.0,195.0,215.0,232.0,0.7986666666666666,3.150822624375904,3.2624220129062853,0.1115993885303812,7.280000000000001,-20.800000000000004,38.8,59.6,3.306454270198925,330,0,81,105,False,observed_poll_filter,0.6939529099393115,0.9864785050454492,105,0,3
2025-12-09,0.20066666666666666,204.866,205.0,179.0,195.0,215.0,232.0,0.7993333333333333,3.150822624375904,3.2624220129062853,0.1115993885303812,7.280000000000001,-20.800000000000004,38.8,59.6,3.3020811378457537,329,0,81,105,False,observed_poll_filter,0.7144722816269627,0.9864785050454492,105,0,0
2025-12-10,0.20066666666666666,204.86733333333333,205.0,179.0,195.0,215.0,232.0,0.7993333333333333,3.150822624375904,3.2624220129062853,0.1115993885303812,7.280000000000001,-20.800000000000004,38.8,59.6,3.2977022062212815,328,0,81,105,False,observed_poll_filter,0.7344185735758854,0.9864785050454492,105,0,0
2025-12-11,0.20066666666666666,204.86533333333333,205.0,179.0,195.0,215.0,232.0,0.7993333333333333,3.150822624375904,3.2624220129062853,0.1115993885303812,7.280000000000001,-20.800000000000004,38.8,59.6,3.2933174521926527,327,0,81,105,False,observed_poll_filter,0.7538372776755193,0.9864785050454492,105,0,0
2025-12-12,0.19666666666666666,204.66,204.0,179.0,194.75,215.0,231.0,0.8033333333333333,3.238087825986697,3.3473286955546246,0.10924086956792767,7.280000000000001,-20.800000000000004,38.8,59.6,3.288904154771963,326,0,81,106,False,observed_poll_filter,0.7319854915909247,0.986402828096249,106,0,1
2025-12-13,0.196,204.658,204.0,179.0,195.0,214.25,231.0,0.804,3.238087825986697,3.3473286955546246,0.10924086956792767,7.280000000000001,-20.800000000000004,38.8,59.6,3.284507655536257,325,0,81,106,False,observed_poll_filter,0.7514670717334245,0.986402828096249,106,0,0
2025-12-14,0.196,204.656,204.0,179.0,195.0,214.0,231.0,0.804,3.238087825986697,3.3473286955546246,0.10924086956792767,7.280000000000001,-20.800000000000004,38.8,59.6,3.280105263444495,324,0,81,106,False,observed_poll_filter,0.7704562024538499,0.986402828096249,106,0,0
2025-12-15,0.20066666666666666,204.94466666666668,205.0,180.0,195.0,215.0,231.04999999999995,0.7993333333333333,3.120835184762745,3.233245044634023,0.11240985987127772,7.280000000000001,-20.800000000000004,38.8,59.6,3.275732942008104,323,0,81,111,False,observed_poll_filter,0.6877111611880818,0.9865223298826379,111,0,5
2025-12-16,0.20133333333333334,205.07,205.0,180.0,195.0,215.0,231.04999999999995,0.7986666666666666,3.075425130926651,3.189062289550255,0.11363715862360424,7.280000000000001,-20.800000000000004,38.8,59.6,3.271343987070687,322,0,81,112,False,observed_poll_filter,0.6939125203438858,0.9866060418138218,112,0,1
2025-12-17,0.20133333333333334,205.062,205.0,180.0,195.0,215.0,231.04999999999995,0.7986666666666666,3.075425130926651,3.189062289550255,0.11363715862360424,7.280000000000001,-20.800000000000004,38.8,59.6,3.2669238561288108,321,0,81,112,False,observed_poll_filter,0.714433052069964,0.9866060418138218,112,0,0
2025-12-18,0.20133333333333334,205.06466666666665,205.0,180.0,195.0,215.0,231.04999999999995,0.7986666666666666,3.075425130926651,3.189062289550255,0.11363715862360424,7.280000000000001,-20.800000000000004,38.8,59.6,3.262497736664891,320,0,81,112,False,observed_poll_filter,0.7343804095222066,0.9866060418138218,112,0,0
2025-12-19,0.15466666666666667,202.452,202.0,177.0,193.0,212.0,229.0,0.8453333333333334,4.122633048664752,4.207967290592731,0.08533424192797945,7.280000000000001,-20.800000000000004,38.8,59.6,3.2580013770673846,319,0,81,113,False,observed_poll_filter,0.7226169471756747,0.9863939238321437,113,0,1
2025-12-20,0.15333333333333332,202.44933333333333,202.0,177.0,193.0,212.0,229.0,0.8466666666666667,4.122633048664752,4.207967290592731,0.08533424192797945,7.280000000000001,-20.800000000000004,38.8,59.6,3.2535631195618406,318,0,81,113,False,observed_poll_filter,0.742344429726183,0.9863939238321437,113,0,0
2025-12-21,0.154,202.47266666666667,202.0,177.0,193.0,212.0,229.0,0.846,4.112478608718768,4.198087294969612,0.08560868625084428,7.280000000000001,-20.800000000000004,38.8,59.6,3.2491187994551654,317,0,81,114,False,observed_poll_filter,0.7293499149866973,0.9863939238321437,114,0,1
2025-12-22,0.15866666666666668,202.64866666666666,202.0,177.0,193.0,212.0,229.0,0.8413333333333334,4.046547189622652,4.133937806119337,0.08739061649668489,7.280000000000001,-20.800000000000004,38.8,59.6,3.244668391834977,316,0,81,115,False,observed_poll_filter,0.7263692294961888,0.9863939238321437,115,0,1
2025-12-23,0.158,202.64,202.0,177.0,193.0,212.0,229.0,0.842,4.046547189622652,4.133937806119337,0.08739061649668489,7.280000000000001,-20.800000000000004,38.8,59.6,3.2402118716178077,315,0,81,115,False,observed_poll_filter,0.7459974916572354,0.9863939238321437,115,0,0
2025-12-24,0.158,202.646,202.0,177.95,193.0,212.0,229.0,0.842,4.046547189622652,4.133937806119337,0.08739061649668489,7.280000000000001,-20.800000000000004,38.8,59.6,3.235749213547455,314,0,81,115,False,observed_poll_filter,0.7651223807724402,0.9863939238321437,115,0,0
2025-12-25,0.15733333333333333,202.64533333333333,202.0,177.95,193.0,212.0,229.0,0.8426666666666667,4.046547189622652,4.133937806119337,0.08739061649668489,7.280000000000001,-20.800000000000004,38.8,59.6,3.2312803921933138,313,0,81,115,False,observed_poll_filter,0.7837807458459841,0.9863939238321437,115,0,0
2025-12-26,0.156,202.648,202.0,177.95,193.0,212.0,229.0,0.844,4.046547189622652,4.133937806119337,0.08739061649668489,7.280000000000001,-20.800000000000004,38.8,59.6,3.2268053819486813,312,0,81,115,False,observed_poll_filter,0.8020051480875214,0.9863939238321437,115,0,0
2025-12-27,0.156,202.64533333333333,202.0,177.95,193.0,212.0,229.0,0.844,4.046547189622652,4.133937806119337,0.08739061649668489,7.280000000000001,-20.800000000000004,38.8,59.6,3.2223241570290497,311,0,81,115,False,observed_poll_filter,0.819824528517467,0.9863939238321437,115,0,0
2025-12-28,0.14933333333333335,202.338,202.0,177.0,193.0,212.0,228.0,0.8506666666666667,4.169088421316974,4.253167112632731,0.0840786913157574,7.280000000000001,-20.800000000000004,38.8,59.6,3.2178366914703695,310,0,81,116,False,observed_poll_filter,0.7816109045862613,0.9863939238321437,116,0,1
2025-12-29,0.14933333333333335,202.37866666666667,202.0,177.0,193.0,212.0,228.0,0.8506666666666667,4.157780317514077,4.24216463325694,0.08438431574286298,7.280000000000001,-20.800000000000004,38.8,59.6,3.213342959127297,309,0,81,117,False,observed_poll_filter,0.7726750566698967,0.9863939238321437,117,0,1
2025-12-30,0.14933333333333335,202.374,202.0,177.0,193.0,212.0,228.0,0.8506666666666667,4.157780317514077,4.24216463325694,0.08438431574286298,7.280000000000001,-20.800000000000004,38.8,59.6,3.208842933671415,308,0,81,117,False,observed_poll_filter,0.7911553217920158,0.9863939238321437,117,0,0
2025-12-31,0.14933333333333335,202.37,202.0,177.0,193.0,212.0,228.0,0.8506666666666667,4.157780317514077,4.24216463325694,0.08438431574286298,7.280000000000001,-20.800000000000004,38.8,59.6,3.2043365885894346,307,0,81,117,False,observed_poll_filter,0.8092136573240889,0.9863939238321437,117,0,0
2026-01-01,0.14933333333333335,202.37333333333333,202.0,177.0,193.0,212.0,228.0,0.8506666666666667,4.157780317514077,4.24216463325694,0.08438431574286298,7.280000000000001,-20.800000000000004,38.8,59.6,3.1998238971813704,306,0,81,117,False,observed_poll_filter,0.826877707523808,0.9863939238321437,117,0,0
2026-01-02,0.14933333333333335,202.37533333333334,202.0,177.0,193.0,212.0,228.0,0.8506666666666667,4.157780317514077,4.24216463325694,0.08438431574286298,7.280000000000001,-20.800000000000004,38.8,59.6,3.195304832558699,305,0,81,117,False,observed_poll_filter,0.8441722236604495,0.9863939238321437,117,0,0
2026-01-03,0.148,202.382,202.0,177.0,193.0,212.0,228.0,0.852,4.157780317514077,4.24216463325694,0.08438431574286298,7.280000000000001,-20.800000000000004,38.8,59.6,3.190779367642485,304,0,81,117,False,observed_poll_filter,0.8611194709213281,0.9863939238321437,117,0,0
2026-01-04,0.15333333333333332,202.672,202.0,178.0,193.0,212.0,228.0,0.8466666666666667,4.033873149234365,4.121606307363166,0.08773315812880078,7.280000000000001,-20.800000000000004,38.8,59.6,3.186247475161491,303,0,81,118,False,observed_poll_filter,0.829442380486993,0.9863939238321437,118,0,1
2026-01-05,0.146,202.328,202.0,177.0,193.0,212.0,228.0,0.854,4.177677206693489,4.2615237686747465,0.0838465619812574,7.280000000000001,-20.800000000000004,38.8,59.6,3.1817091276502594,302,0,81,119,False,observed_poll_filter,0.8151330494917539,0.9863939238321437,119,0,1
2026-01-06,0.146,202.328,202.0,177.0,193.0,212.0,228.0,0.854,4.177677206693489,4.2615237686747465,0.0838465619812574,7.280000000000001,-20.800000000000004,38.8,59.6,3.1771642974471708,301,0,81,119,False,observed_poll_filter,0.8326715369061958,0.9863939238321437,119,0,0
2026-01-07,0.14533333333333334,202.33,202.0,177.95,193.0,212.0,228.0,0.8546666666666667,4.177677206693489,4.2615237686747465,0.0838465619812574,7.280000000000001,-20.800000000000004,38.8,59.6,3.172612956692476,300,0,81,119,False,observed_poll_filter,0.84984815606891,0.9863939238321437,119,0,0
2026-01-08,0.16333333333333333,203.25666666666666,203.0,179.0,193.0,213.0,229.0,0.8366666666666667,3.816014603195655,3.909635830136313,0.093621226940658,7.280000000000001,-20.800000000000004,38.8,59.6,3.1680550773263043,299,0,81,121,False,observed_poll_filter,0.7940637144674095,0.9863939238321437,121,0,2
2026-01-09,0.16333333333333333,203.25333333333333,203.0,179.0,193.0,213.0,229.0,0.8366666666666667,3.816014603195655,3.909635830136313,0.093621226940658,7.280000000000001,-20.800000000000004,38.8,59.6,3.163490631086644,298,0,81,121,False,observed_poll_filter,0.8120573764419481,0.9863939238321437,121,0,0
2026-01-10,0.162,203.24333333333334,203.0,179.0,193.0,213.0,229.0,0.838,3.816014603195655,3.909635830136313,0.093621226940658,7.280000000000001,-20.800000000000004,38.8,59.6,3.158919589507301,297,0,81,121,False,observed_poll_filter,0.8296608841169866,0.9863939238321437,121,0,0
2026-01-11,0.162,203.236,203.0,179.0,193.0,213.0,229.0,0.838,3.816014603195655,3.909635830136313,0.093621226940658,7.280000000000001,-20.800000000000004,38.8,59.6,3.1543419239158226,296,0,81,121,False,observed_poll_filter,0.8468985669097451,0.9863939238321437,121,0,0
2026-01-12,0.162,203.25333333333333,203.0,179.0,193.0,213.0,229.0,0.838,3.8105664070034306,3.9043348824898243,0.09376847548639367,7.280000000000001,-20.800000000000004,38.8,59.6,3.1497576054314043,295,0,81,124,False,observed_poll_filter,0.7690645725329028,0.9863939238321437,124,0,3
2026-01-13,0.166,203.42666666666668,203.0,179.0,194.0,213.0,229.0,0.834,3.7428126142864886,3.838412273359827,0.09559965907333856,7.280000000000001,-20.800000000000004,38.8,59.6,3.14516660496276,294,0,81,126,False,observed_poll_filter,0.7435353182300696,0.9863939238321437,126,0,2
2026-01-14,0.15466666666666667,202.93066666666667,203.0,178.0,193.0,212.0,228.0,0.8453333333333334,3.935811086678502,4.026194570822327,0.09038348414382469,7.280000000000001,-20.800000000000004,38.8,59.6,3.1405688932059705,293,0,81,127,False,observed_poll_filter,0.7293855528790278,0.9863939238321437,127,0,1
2026-01-15,0.15466666666666667,202.936,203.0,178.95,193.0,212.0,228.0,0.8453333333333334,3.935811086678502,4.026194570822327,0.09038348414382469,7.280000000000001,-20.800000000000004,38.8,59.6,3.1359644406423004,292,0,81,127,False,observed_poll_filter,0.748934766684419,0.9863939238321437,127,0,0
2026-01-16,0.15466666666666667,202.93066666666667,203.0,178.95,193.0,212.0,228.0,0.8453333333333334,3.935811086678502,4.026194570822327,0.09038348414382469,7.280000000000001,-20.800000000000004,38.8,59.6,3.1313532175359864,291,0,81,127,False,observed_poll_filter,0.7679865133898155,0.9863939238321437,127,0,0
2026-01-17,0.15,202.76,202.0,178.0,193.0,212.0,228.0,0.85,4.01186230428171,4.100190350111934,0.0883280458302238,7.280000000000001,-20.800000000000004,38.8,59.6,3.126735193931999,290,0,81,128,False,observed_poll_filter,0.7579500385508388,0.9863939238321437,128,0,1
2026-01-18,0.15866666666666668,203.18133333333333,203.0,179.0,193.0,213.0,228.0,0.8413333333333334,3.839226854043234,3.9322207228528767,0.09299386880964278,7.280000000000001,-20.800000000000004,38.8,59.6,3.1221103396537693,289,0,81,129,False,observed_poll_filter,0.7427060322144369,0.9863939238321437,129,0,1
2026-01-19,0.15333333333333332,202.922,203.0,178.95,193.0,212.0,228.0,0.8466666666666667,3.944070436059535,4.034230694544412,0.09016025848487708,7.280000000000001,-20.800000000000004,38.8,59.6,3.1174786243008907,288,0,81,131,False,observed_poll_filter,0.7203582942605333,0.9863939238321437,131,0,2
2026-01-20,0.15333333333333332,202.922,203.0,179.0,193.0,212.0,228.0,0.8466666666666667,3.944070436059535,4.034230694544412,0.09016025848487708,7.280000000000001,-20.800000000000004,38.8,59.6,3.1128400172467865,287,0,81,131,False,observed_poll_filter,0.7401459802700716,0.9863939238321437,131,0,0
2026-01-21,0.152,202.92466666666667,203.0,179.0,193.0,212.0,228.0,0.848,3.944070436059535,4.034230694544412,0.09016025848487708,7.280000000000001,-20.800000000000004,38.8,59.6,3.108194487636347,286,0,81,131,False,observed_poll_filter,0.7594182458368677,0.9863939238321437,131,0,0
2026-01-22,0.14733333333333334,202.67466666666667,202.0,178.0,193.0,212.0,227.04999999999995,0.8526666666666667,4.043753588584614,4.131219707812057,0.08746611922744307,7.280000000000001,-20.800000000000004,38.8,59.6,3.103542004383536,285,0,81,132,False,observed_poll_filter,0.7591128784385185,0.9863939238321437,132,0,1
2026-01-23,0.14666666666666667,202.674,202.0,178.0,193.0,212.0,227.04999999999995,0.8533333333333334,4.043753588584614,4.131219707812057,0.08746611922744307,7.280000000000001,-20.800000000000004,38.8,59.6,3.0988825361689614,284,0,81,132,False,observed_poll_filter,0.777915395278441,0.9863939238321437,132,0,0
2026-01-24,0.146,202.68266666666668,202.0,178.0,193.0,212.0,227.04999999999995,0.854,4.039046884457523,4.1266402119046175,0.08759332744709436,7.280000000000001,-20.800000000000004,38.8,59.6,3.094216051437419,283,0,81,133,False,observed_poll_filter,0.7522269983072933,0.9863939238321437,133,0,1
2026-01-25,0.15466666666666667,203.088,203.0,179.0,193.75,212.0,228.0,0.8453333333333334,3.8717744177227735,3.9638886226491854,0.09211420492641187,7.280000000000001,-20.800000000000004,38.8,59.6,3.0895425183953975,282,0,81,135,False,observed_poll_filter,0.7227547291662217,0.9863939238321437,135,0,2
2026-01-26,0.14666666666666667,202.72066666666666,202.5,179.0,193.0,212.0,227.04999999999995,0.8533333333333334,4.027043487043844,4.114961230637254,0.08791774359340998,7.280000000000001,-20.800000000000004,38.8,59.6,3.084861905008549,281,0,81,137,False,observed_poll_filter,0.7041868998532633,0.9863939238321437,137,0,2
2026-01-27,0.146,202.72466666666668,202.5,179.0,193.0,212.0,227.0,0.854,4.027043487043844,4.114961230637254,0.08791774359340998,7.280000000000001,-20.800000000000004,38.8,59.6,3.080174178999132,280,0,81,137,False,observed_poll_filter,0.7244164478564452,0.9863939238321437,137,0,0
2026-01-28,0.136,202.428,202.0,178.0,193.0,212.0,227.0,0.864,4.151116391717747,4.235680813563214,0.08456442184546642,7.280000000000001,-20.800000000000004,38.8,59.6,3.075479307843409,279,0,81,139,False,observed_poll_filter,0.7117247367792381,0.9863939238321437,139,0,2
2026-01-29,0.13866666666666666,202.56133333333332,202.0,178.0,193.0,212.0,227.0,0.8613333333333333,4.089916032032813,4.176134517653548,0.08621848562073442,7.280000000000001,-20.800000000000004,38.8,59.6,3.0707772587690196,278,0,81,141,False,observed_poll_filter,0.6891294681458575,0.9863939238321437,141,0,2
2026-01-30,0.134,202.368,202.0,178.0,193.0,212.0,227.0,0.866,4.170698500735013,4.254733676390824,0.08403517565581087,7.280000000000001,-20.800000000000004,38.8,59.6,3.0660679987523065,277,0,81,142,False,observed_poll_filter,0.6998672767087878,0.9863939238321437,142,0,1
2026-01-31,0.134,202.37533333333334,202.0,178.0,193.0,212.0,227.0,0.866,4.170698500735013,4.254733676390824,0.08403517565581087,7.280000000000001,-20.800000000000004,38.8,59.6,3.0613514945156126,276,0,81,142,False,observed_poll_filter,0.7202181648693504,0.9863939238321437,142,0,0
2026-02-01,0.13066666666666665,202.218,202.0,178.0,193.0,211.0,227.0,0.8693333333333333,4.2357984216923965,4.318074140025034,0.08227571833263791,7.280000000000001,-20.800000000000004,38.8,59.6,3.0566277125245356,275,0,81,143,False,observed_poll_filter,0.7103707854646003,0.9863939238321437,143,0,1
2026-02-02,0.13066666666666665,202.25933333333333,202.0,178.0,193.0,211.0,226.04999999999995,0.8693333333333333,4.221924116925355,4.304574816467913,0.08265069954255821,7.280000000000001,-20.800000000000004,38.8,59.6,3.0518966189851473,274,0,81,144,False,observed_poll_filter,0.7086142200452189,0.9863939238321437,144,0,1
2026-02-03,0.13066666666666665,202.25933333333333,202.0,178.0,193.0,211.0,226.04999999999995,0.8693333333333333,4.221924116925355,4.304574816467913,0.08265069954255821,7.280000000000001,-20.800000000000004,38.8,59.6,3.0471581798411735,273,0,81,144,False,observed_poll_filter,0.728720874443908,0.9863939238321437,144,0,0
2026-02-04,0.13066666666666665,202.294,202.0,178.0,193.0,211.0,226.04999999999995,0.8693333333333333,4.208192047125452,4.291213883689629,0.08302183656417661,7.280000000000001,-20.800000000000004,38.8,59.6,3.042412360771132,272,0,81,145,False,observed_poll_filter,0.7247667832226491,0.9863939238321437,145,0,1
2026-02-05,0.13066666666666665,202.29,202.0,178.0,193.0,211.0,226.0,0.8693333333333333,4.208192047125452,4.291213883689629,0.08302183656417661,7.280000000000001,-20.800000000000004,38.8,59.6,3.0376591271854343,271,0,81,145,False,observed_poll_filter,0.7444372976033015,0.9863939238321437,145,0,0
2026-02-06,0.12933333333333333,202.28533333333334,202.0,178.0,193.0,211.0,226.0,0.8706666666666667,4.208192047125452,4.291213883689629,0.08302183656417661,7.280000000000001,-20.800000000000004,38.8,59.6,3.032898444223442,270,0,81,145,False,observed_poll_filter,0.7636012637907997,0.9863939238321437,145,0,0
2026-02-07,0.12933333333333333,202.28533333333334,202.0,178.0,193.0,211.0,226.0,0.8706666666666667,4.208192047125452,4.291213883689629,0.08302183656417661,7.280000000000001,-20.800000000000004,38.8,59.6,3.0281302767504856,269,0,81,145,False,observed_poll_filter,0.7822959095271472,0.9863939238321437,145,0,0
2026-02-08,0.128,202.28066666666666,202.0,178.0,193.0,211.0,226.0,0.872,4.208192047125452,4.291213883689629,0.08302183656417661,7.280000000000001,-20.800000000000004,38.8,59.6,3.02335458935484,268,0,81,145,False,observed_poll_filter,0.800554114387595,0.9863939238321437,145,0,0
2026-02-09,0.126,202.03133333333332,202.0,178.0,193.0,211.0,226.0,0.874,4.311477382909318,4.391707723911768,0.08023034100245052,7.280000000000001,-20.800000000000004,38.8,59.6,3.0185713463446535,267,0,81,147,False,observed_poll_filter,0.7519573094719573,0.9863939238321437,147,0,2
2026-02-10,0.126,202.03,202.0,178.0,193.0,211.0,226.0,0.874,4.311477382909318,4.391707723911768,0.08023034100245052,7.280000000000001,-20.800000000000004,38.8,59.6,3.0137805117448373,266,0,81,147,False,observed_poll_filter,0.7709343650845414,0.9863939238321437,147,0,0
2026-02-11,0.126,202.03066666666666,202.0,178.0,193.0,211.0,226.0,0.874,4.311477382909318,4.391707723911768,0.08023034100245052,7.280000000000001,-20.800000000000004,38.8,59.6,3.0089820492939094,265,0,81,147,False,observed_poll_filter,0.7894553788963028,0.9863939238321437,147,0,0
2026-02-12,0.15066666666666667,203.384,203.0,180.0,194.0,212.0,228.0,0.8493333333333334,3.751859111764631,3.847214270906128,0.09535515914149695,7.280000000000001,-20.800000000000004,38.8,59.6,3.0041759224407905,264,0,81,149,False,observed_poll_filter,0.7527730887761618,0.9863939238321437,149,0,2
2026-02-13,0.14333333333333334,203.02,203.0,179.0,194.0,212.0,227.0,0.8566666666666667,3.9003189989716627,3.9916617287291856,0.09134272975752289,7.280000000000001,-20.800000000000004,38.8,59.6,2.9993620943415578,263,0,81,150,False,observed_poll_filter,0.7458136502244305,0.9863939238321437,150,0,1
2026-02-14,0.142,203.02333333333334,203.0,179.0,194.0,212.0,227.0,0.858,3.9003189989716627,3.9916617287291856,0.09134272975752289,7.280000000000001,-20.800000000000004,38.8,59.6,2.9945405278561474,262,0,81,150,False,observed_poll_filter,0.7649431357042752,0.9863939238321437,150,0,0
2026-02-15,0.14066666666666666,203.02733333333333,203.0,180.0,194.0,212.0,227.0,0.8593333333333333,3.9003189989716627,3.9916617287291856,0.09134272975752289,7.280000000000001,-20.800000000000004,38.8,59.6,2.9897111855450142,261,0,81,150,False,observed_poll_filter,0.7836057687773165,0.9863939238321437,150,0,0
2026-02-16,0.12866666666666668,202.51466666666667,202.0,179.0,193.0,211.0,226.0,0.8713333333333333,4.113279669364545,4.198866705327665,0.08558703596312078,7.280000000000001,-20.800000000000004,38.8,59.6,2.984874029665737,260,0,81,152,False,observed_poll_filter,0.7564756725796576,0.9863939238321437,152,0,2
2026-02-17,0.138,202.924,203.0,179.95,194.0,212.0,227.0,0.862,3.9387182439068984,4.029023156233739,0.0903049123268409,7.280000000000001,-20.800000000000004,38.8,59.6,2.9800290221695787,259,0,81,153,False,observed_poll_filter,0.7426295957306606,0.9863939238321437,153,0,1
2026-02-18,0.12533333333333332,202.038,202.0,178.95,193.0,211.0,226.0,0.8746666666666667,4.308545440827374,4.388855023507715,0.08030958268034105,7.280000000000001,-20.800000000000004,38.8,59.6,2.975176124697994,258,0,81,154,False,observed_poll_filter,0.7334773739135233,0.9863939238321437,154,0,1
2026-02-19,0.12533333333333332,202.03666666666666,202.0,179.0,193.0,211.0,226.0,0.8746666666666667,4.308545440827374,4.388855023507715,0.08030958268034105,7.280000000000001,-20.800000000000004,38.8,59.6,2.9703152985790875,257,0,81,154,False,observed_poll_filter,0.7529203530540787,0.9863939238321437,154,0,0
2026-02-20,0.12533333333333332,202.026,202.0,179.0,193.0,211.0,226.0,0.8746666666666667,4.308545440827374,4.388855023507715,0.08030958268034105,7.280000000000001,-20.800000000000004,38.8,59.6,2.965446504824016,256,0,81,154,False,observed_poll_filter,0.7718737319296974,0.9863939238321437,154,0,0
2026-02-21,0.12466666666666666,202.02933333333334,202.0,179.0,193.0,211.0,226.0,0.8753333333333333,4.308545440827374,4.388855023507715,0.08030958268034105,7.280000000000001,-20.800000000000004,38.8,59.6,2.9605697041233423,255,0,81,154,False,observed_poll_filter,0.7903727336156521,0.9863939238321437,154,0,0
2026-02-22,0.12533333333333332,202.11533333333333,202.0,179.0,193.0,211.0,226.0,0.8746666666666667,4.280061776762744,4.3611411882015885,0.08107941143884467,7.280000000000001,-20.800000000000004,38.8,59.6,2.9556848568433294,254,0,81,155,False,observed_poll_filter,0.7702287752711211,0.9863939238321437,155,0,1
2026-02-23,0.13066666666666665,202.754,203.0,180.0,194.0,212.0,226.0,0.8693333333333333,4.007839558943701,4.096276327620898,0.08843676867719719,7.280000000000001,-20.800000000000004,38.8,59.6,2.9507919230221864,253,0,81,157,False,observed_poll_filter,0.718754396684559,0.9863939238321437,157,0,2
2026-02-24,0.13,202.75066666666666,203.0,180.0,194.0,212.0,226.0,0.87,4.007839558943701,4.096276327620898,0.08843676867719719,7.280000000000001,-20.800000000000004,38.8,59.6,2.945890862366251,252,0,81,157,False,observed_poll_filter,0.7385850545153106,0.9863939238321437,157,0,0
2026-02-25,0.13,202.74866666666668,203.0,180.0,194.0,212.0,226.0,0.87,4.007839558943701,4.096276327620898,0.08843676867719719,7.280000000000001,-20.800000000000004,38.8,59.6,2.9409816342461195,251,0,81,157,False,observed_poll_filter,0.7578970132896583,0.9863939238321437,157,0,0
2026-02-26,0.126,202.34733333333332,202.0,179.0,193.0,211.0,226.0,0.874,4.185414372118005,4.269051821520221,0.08363744940221629,7.280000000000001,-20.800000000000004,38.8,59.6,2.9360641976927164,250,0,81,158,False,observed_poll_filter,0.759257674748983,0.9863939238321437,157,1,1
2026-02-27,0.126,202.34666666666666,202.0,179.0,193.0,211.0,226.0,0.874,4.185414372118005,4.269051821520221,0.08363744940221629,7.280000000000001,-20.800000000000004,38.8,59.6,2.9311385113933075,249,0,81,158,False,observed_poll_filter,0.7780566924493565,0.9863939238321437,157,1,0
2026-02-28,0.126,202.34666666666666,202.0,179.0,193.0,211.0,226.0,0.874,4.185414372118005,4.269051821520221,0.08363744940221629,7.280000000000001,-20.800000000000004,38.8,59.6,2.926204533687448,248,0,81,158,False,observed_poll_filter,0.7964120897281962,0.9863939238321437,157,1,0
2026-03-01,0.12466666666666666,202.25333333333333,202.0,179.0,193.0,211.0,226.0,0.8753333333333333,4.225068172856521,4.307633897914453,0.0825657250579317,7.280000000000001,-20.800000000000004,38.8,59.6,2.9212622225628726,247,0,81,159,False,observed_poll_filter,0.7942853256065954,0.9863939238321437,157,2,1
2026-03-02,0.12866666666666668,202.71866666666668,202.5,180.0,194.0,211.25,226.0,0.8713333333333333,4.020391417421025,4.108488946679916,0.08809752925889125,7.280000000000001,-20.800000000000004,38.8,59.6,2.9163115356513223,246,0,81,160,False,observed_poll_filter,0.7923551815046878,0.9863939238321437,157,3,1
2026-03-03,0.128,202.71733333333333,202.5,180.0,194.0,211.25,226.0,0.872,4.019407951334094,4.107532060757498,0.08812410942340332,7.280000000000001,-20.800000000000004,38.8,59.6,2.9113524302243063,245,0,81,161,False,observed_poll_filter,0.7906030539844344,0.9863939238321437,157,4,1
2026-03-04,0.12666666666666668,202.516,202.0,180.0,193.0,211.0,226.0,0.8733333333333333,4.114546701136919,4.200099492998083,0.08555279186116405,7.280000000000001,-20.800000000000004,38.8,59.6,2.906384863188799,244,0,81,162,False,observed_poll_filter,0.7890121759572922,0.9863939238321437,157,5,1
2026-03-05,0.12666666666666668,202.51666666666668,202.0,180.0,193.0,211.0,226.0,0.8733333333333333,4.114546701136919,4.200099492998083,0.08555279186116405,7.280000000000001,-20.800000000000004,38.8,59.6,2.901408791082872,243,0,81,162,False,observed_poll_filter,0.8071184633056422,0.9863939238321437,157,5,0
2026-03-06,0.13,203.00266666666667,203.0,180.0,194.0,212.0,226.0,0.87,3.9154907821462945,4.0064234637099085,0.090932681563614,7.280000000000001,-20.800000000000004,38.8,59.6,2.8964241700712576,242,0,81,163,False,observed_poll_filter,0.8046280641576121,0.9863939238321437,157,6,1
2026-03-07,0.13,203.00333333333333,203.0,180.0,194.0,212.0,226.0,0.87,3.9154907821462945,4.0064234637099085,0.090932681563614,7.280000000000001,-20.800000000000004,38.8,59.6,2.891430955940842,241,0,81,163,False,observed_poll_filter,0.8223906137779216,0.9863939238321437,157,6,0
2026-03-08,0.12733333333333333,202.72533333333334,202.5,180.0,194.0,211.0,226.0,0.8726666666666667,4.02306681005181,4.1110920314017605,0.08802522134995083,7.280000000000001,-20.800000000000004,38.8,59.6,2.886429104096093,240,0,81,164,False,observed_poll_filter,0.817821159845779,0.9863939238321437,157,7,1
2026-03-09,0.12666666666666668,202.73066666666668,203.0,180.0,194.0,211.0,226.0,0.8733333333333333,4.021888397745776,4.109945468076971,0.08805707033119514,7.280000000000001,-20.800000000000004,38.8,59.6,2.8814185695544086,239,0,81,165,False,observed_poll_filter,0.8136869778701424,0.9863939238321437,157,8,1
2026-03-10,0.12866666666666668,202.87133333333333,203.0,180.0,194.0,212.0,226.0,0.8713333333333333,3.970162386195957,4.05961745683931,0.08945507064335256,7.280000000000001,-20.800000000000004,38.8,59.6,2.8763993069414013,238,0,81,166,False,observed_poll_filter,0.8099445040854362,0.9863939238321437,157,9,1
2026-03-11,0.12066666666666667,202.25,202.0,180.0,193.0,211.0,226.0,0.8793333333333333,4.222636499719981,4.305267945673495,0.08263144595351424,7.280000000000001,-20.800000000000004,38.8,59.6,2.8713712704861023,237,0,81,167,False,observed_poll_filter,0.8065549235063397,0.9863939238321437,157,10,1
2026-03-12,0.12533333333333332,202.52066666666667,202.0,180.0,194.0,211.0,226.0,0.8746666666666667,4.106608149462802,4.192375496774618,0.08576734731181634,7.280000000000001,-20.800000000000004,38.8,59.6,2.8663344140160922,236,0,81,169,False,observed_poll_filter,0.7841892476322716,0.9863939238321437,157,12,2
2026-03-13,0.12533333333333332,202.522,202.0,180.0,194.0,211.0,226.0,0.8746666666666667,4.106608149462802,4.192375496774618,0.08576734731181634,7.280000000000001,-20.800000000000004,38.8,59.6,2.861288690952553,235,0,81,169,False,observed_poll_filter,0.8024043719360383,0.9863939238321437,157,12,0
2026-03-14,0.12533333333333332,202.524,202.0,180.0,194.0,211.0,226.0,0.8746666666666667,4.106608149462802,4.192375496774618,0.08576734731181634,7.280000000000001,-20.800000000000004,38.8,59.6,2.8562340543052445,234,0,81,169,False,observed_poll_filter,0.8202150791725717,0.9863939238321437,157,12,0
2026-03-15,0.12333333333333334,202.52666666666667,202.0,180.0,194.0,211.0,226.0,0.8766666666666667,4.106608149462802,4.192375496774618,0.08576734731181634,7.280000000000001,-20.800000000000004,38.8,59.6,2.851170456667397,233,0,81,169,False,observed_poll_filter,0.8376471668322338,0.9863939238321437,157,12,0
2026-03-16,0.122,202.524,202.0,180.0,194.0,211.0,226.0,0.878,4.106608149462802,4.192375496774618,0.08576734731181634,7.280000000000001,-20.800000000000004,38.8,59.6,2.8460978502105254,232,0,81,169,False,observed_poll_filter,0.854723801062114,0.9863939238321437,157,12,0
2026-03-17,0.11866666666666667,202.29866666666666,202.0,180.0,193.0,211.0,225.0,0.8813333333333333,4.200329172587254,4.283563519274085,0.08323434668683127,7.280000000000001,-20.800000000000004,38.8,59.6,2.841016186679156,231,0,81,171,False,observed_poll_filter,0.8244892929912641,0.9863939238321437,157,14,2
2026-03-18,0.11933333333333333,202.32533333333333,202.0,180.0,193.0,211.0,225.0,0.8806666666666667,4.189942670687342,4.273457733641739,0.08351506295439659,7.280000000000001,-20.800000000000004,38.8,59.6,2.8359254173854738,230,0,81,172,False,observed_poll_filter,0.8197191000309334,0.9863939238321437,157,15,1
2026-03-19,0.12066666666666667,202.47133333333332,202.0,180.0,194.0,211.0,225.0,0.8793333333333333,4.128895271894601,4.214060264546099,0.08516499265149768,7.280000000000001,-20.800000000000004,38.8,59.6,2.8308254932038768,229,0,81,173,False,observed_poll_filter,0.815404423922901,0.9863939238321437,157,16,1
2026-03-20,0.11266666666666666,202.052,202.0,180.0,193.0,210.0,225.0,0.8873333333333333,4.309851815294015,4.390126090556339,0.08027427526232422,7.280000000000001,-20.800000000000004,38.8,59.6,2.8257163645654484,228,0,81,175,False,observed_poll_filter,0.7916361185578095,0.9863939238321437,157,18,2
2026-03-21,0.11266666666666666,202.054,202.0,180.0,193.0,210.0,225.0,0.8873333333333333,4.309851815294015,4.390126090556339,0.08027427526232422,7.280000000000001,-20.800000000000004,38.8,59.6,2.820597981452333,227,0,81,175,False,observed_poll_filter,0.8096837309748012,0.9863939238321437,157,18,0
2026-03-22,0.112,202.048,202.0,180.0,193.0,210.0,224.0,0.888,4.309851815294015,4.390126090556339,0.08027427526232422,7.280000000000001,-20.800000000000004,38.8,59.6,2.815470293392025,226,0,81,175,False,observed_poll_filter,0.8273377449417343,0.9863939238321437,157,18,0
2026-03-23,0.10866666666666666,201.92133333333334,202.0,180.0,193.0,210.0,224.0,0.8913333333333333,4.362839456647878,4.441681633495232,0.0788421768473544,7.280000000000001,-20.800000000000004,38.8,59.6,2.810333249451562,225,0,81,179,False,observed_poll_filter,0.7337777403554416,0.9863939238321437,161,18,4
2026-03-24,0.09533333333333334,201.044,201.0,179.0,192.0,210.0,223.04999999999995,0.9046666666666666,4.7235963923449535,4.792688381741036,0.06909198939608263,7.280000000000001,-20.800000000000004,38.8,59.6,2.805186798231621,224,0,81,180,False,observed_poll_filter,0.7148834609872019,0.9863939238321437,162,18,1
2026-03-25,0.09533333333333334,201.042,201.0,179.0,192.0,209.25,223.0,0.9046666666666666,4.7235963923449535,4.792688381741036,0.06909198939608263,7.280000000000001,-20.800000000000004,38.8,59.6,2.8000308878605202,223,0,81,180,False,observed_poll_filter,0.7348185917578843,0.9863939238321437,162,18,0
2026-03-26,0.09666666666666666,201.34666666666666,201.0,179.0,193.0,210.0,224.0,0.9033333333333333,4.598719696417021,4.6711867316489935,0.07246703523197251,7.280000000000001,-20.800000000000004,38.8,59.6,2.794865465988117,222,0,81,182,False,observed_poll_filter,0.7034187697687079,0.9863939238321437,164,18,2
2026-03-27,0.09666666666666666,201.34466666666665,201.0,179.0,193.0,210.0,224.0,0.9033333333333333,4.598719696417021,4.6711867316489935,0.07246703523197251,7.280000000000001,-20.800000000000004,38.8,59.6,2.789690479779607,221,0,81,182,False,observed_poll_filter,0.7236697904866021,0.9863939238321437,164,18,0
2026-03-28,0.09666666666666666,201.346,201.0,179.0,193.0,210.0,224.0,0.9033333333333333,4.598719696417021,4.6711867316489935,0.07246703523197251,7.280000000000001,-20.800000000000004,38.8,59.6,2.7845058759092205,220,0,81,182,False,observed_poll_filter,0.743369333281191,0.9863939238321437,164,18,0
2026-03-29,0.09666666666666666,201.344,201.0,179.0,193.0,210.0,224.0,0.9033333333333333,4.598719696417021,4.6711867316489935,0.07246703523197251,7.280000000000001,-20.800000000000004,38.8,59.6,2.7793116005538088,219,0,81,182,False,observed_poll_filter,0.7625601390467001,0.9863939238321437,164,18,0
2026-03-30,0.09466666666666666,201.118,201.0,179.0,193.0,209.0,223.0,0.9053333333333333,4.692166775830667,4.76210821432173,0.06994143849106305,7.280000000000001,-20.800000000000004,38.8,59.6,2.7741075993863276,218,0,81,183,False,observed_poll_filter,0.7547797030724586,0.9863939238321437,165,18,1
2026-03-31,0.094,201.112,201.0,179.0,193.0,209.0,223.0,0.906,4.692166775830667,4.76210821432173,0.06994143849106305,7.280000000000001,-20.800000000000004,38.8,59.6,2.7688938175692064,217,0,81,183,False,observed_poll_filter,0.7736875339374086,0.9863939238321437,165,18,0
2026-04-01,0.09333333333333334,201.10466666666667,201.0,179.0,193.0,209.0,223.0,0.9066666666666666,4.692166775830667,4.76210821432173,0.06994143849106305,7.280000000000001,-20.800000000000004,38.8,59.6,2.7636701997476063,216,0,81,183,False,observed_poll_filter,0.792144178903152,0.9863939238321437,165,18,0
2026-04-02,0.092,201.10066666666665,201.0,179.0,193.0,209.0,223.0,0.908,4.692166775830667,4.76210821432173,0.06994143849106305,7.280000000000001,-20.800000000000004,38.8,59.6,2.7584366900425636,215,0,81,183,False,observed_poll_filter,0.8101804738267573,0.9863939238321437,165,18,0
2026-04-03,0.092,201.10133333333334,201.0,179.0,193.0,209.0,223.0,0.908,4.692166775830667,4.76210821432173,0.06994143849106305,7.280000000000001,-20.800000000000004,38.8,59.6,2.753193232044016,214,0,81,183,False,observed_poll_filter,0.827823894418462,0.9863939238321437,165,18,0
2026-04-04,0.09133333333333334,201.094,201.0,179.0,193.0,209.0,223.0,0.9086666666666666,4.692166775830667,4.76210821432173,0.06994143849106305,7.280000000000001,-20.800000000000004,38.8,59.6,2.7479397688037075,213,0,81,183,False,observed_poll_filter,0.8450990475501371,0.9863939238321437,165,18,0
2026-04-05,0.09133333333333334,201.09,201.0,179.0,193.0,209.0,223.0,0.9086666666666666,4.692166775830667,4.76210821432173,0.06994143849106305,7.280000000000001,-20.800000000000004,38.8,59.6,2.7426762428279745,212,0,81,183,False,observed_poll_filter,0.8620280738874744,0.9863939238321437,165,18,0
2026-04-06,0.09066666666666667,201.09333333333333,201.0,179.0,193.0,209.0,223.0,0.9093333333333333,4.692166775830667,4.76210821432173,0.06994143849106305,7.280000000000001,-20.800000000000004,38.8,59.6,2.7374025960704014,211,0,81,183,False,observed_poll_filter,0.8786309806569246,0.9863939238321437,165,18,0
2026-04-07,0.09,201.098,201.0,179.0,193.0,209.0,223.0,0.91,4.692166775830667,4.76210821432173,0.06994143849106305,7.280000000000001,-20.800000000000004,38.8,59.6,2.7321187699243557,210,0,81,183,False,observed_poll_filter,0.8949259188168309,0.9863939238321437,165,18,0
2026-04-08,0.09,201.094,201.0,179.0,193.0,209.0,223.0,0.91,4.692166775830667,4.76210821432173,0.06994143849106305,7.280000000000001,-20.800000000000004,38.8,59.6,2.726824705215386,209,0,81,183,False,observed_poll_filter,0.9109294155806744,0.9863939238321437,165,18,0
2026-04-09,0.09,201.096,201.0,179.0,193.0,209.0,223.0,0.91,4.692166775830667,4.76210821432173,0.06994143849106305,7.280000000000001,-20.800000000000004,38.8,59.6,2.721520342193491,208,0,81,183,False,observed_poll_filter,0.9266565707802158,0.9863939238321437,165,18,0
2026-04-10,0.09,201.09533333333334,201.0,179.0,193.0,209.0,223.0,0.91,4.692166775830667,4.76210821432173,0.06994143849106305,7.280000000000001,-20.800000000000004,38.8,59.6,2.716205620525253,207,0,81,183,False,observed_poll_filter,0.9421212237128241,0.9863939238321437,165,18,0
2026-04-11,0.09,201.09133333333332,201.0,179.0,193.0,209.0,223.0,0.91,4.692166775830667,4.76210821432173,0.06994143849106305,7.280000000000001,-20.800000000000004,38.8,59.6,2.7108804792858305,206,0,81,183,False,observed_poll_filter,0.9573360957209068,0.9863939238321437,165,18,0
2026-04-12,0.08933333333333333,201.086,201.0,179.95,193.0,209.0,223.0,0.9106666666666666,4.692166775830667,4.76210821432173,0.06994143849106305,7.280000000000001,-20.800000000000004,38.8,59.6,2.705544856950809,205,0,81,183,False,observed_poll_filter,0.9723129126830258,0.9863939238321437,165,18,0
2026-04-13,0.08933333333333333,201.08333333333334,201.0,179.95,193.0,209.0,223.0,0.9106666666666666,4.692166775830667,4.76210821432173,0.06994143849106305,7.280000000000001,-20.800000000000004,38.8,59.6,2.7001986913879086,204,0,81,183,False,observed_poll_filter,0.9870625107713034,0.9863939238321437,165,18,0
2026-04-14,0.08933333333333333,201.078,201.0,180.0,193.0,209.0,223.0,0.9106666666666666,4.692166775830667,4.762325442015981,0.07015866618531419,7.280000000000001,-20.800000000000004,38.8,59.6,2.6954025454761656,203,0,81,183,False,observed_poll_filter,1.0015949281871137,0.9879245326235159,165,18,0
2026-04-15,0.08933333333333333,201.07133333333334,201.0,179.95,193.0,209.0,223.0,0.9106666666666666,4.692166775830667,4.7642902457850855,0.07212346995441887,7.280000000000001,-20.800000000000004,38.8,59.6,2.6951118274450816,202,0,81,183,False,observed_poll_filter,1.0159194850824298,1.001662499265279,165,18,0
2026-04-16,0.08933333333333333,201.06733333333332,201.0,179.95,193.0,209.0,222.04999999999995,0.9106666666666666,4.692166775830667,4.7662519852633976,0.07408520943273089,7.280000000000001,-20.800000000000004,38.8,59.6,2.6948131687721935,201,0,81,183,False,observed_poll_filter,1.0300448534749103,1.0151935847847093,165,18,0
2026-04-17,0.08933333333333333,201.06533333333334,201.0,179.95,193.0,209.0,222.04999999999995,0.9106666666666666,4.692166775830667,4.76821066761389,0.07604389178322357,7.280000000000001,-20.800000000000004,38.8,59.6,2.6945065853076606,200,0,81,183,False,observed_poll_filter,1.0439791186466083,1.0285260027176497,165,18,0
2026-04-18,0.08933333333333333,201.058,201.0,179.95,193.0,209.0,222.04999999999995,0.9106666666666666,4.692166775830667,4.770166299977233,0.0779995241465663,7.280000000000001,-20.800000000000004,38.8,59.6,2.6941920927812397,199,0,81,183,False,observed_poll_filter,1.0577298332609084,1.041667429079433,165,18,0
2026-04-19,0.08933333333333333,201.05066666666667,201.0,179.95,193.0,209.0,222.04999999999995,0.9106666666666666,4.692166775830667,4.772118889471872,0.07995211364120536,7.280000000000001,-20.800000000000004,38.8,59.6,2.6938697068029045,198,0,81,183,False,observed_poll_filter,1.0713040652261845,1.0546250505418344,165,18,0
2026-04-20,0.08933333333333333,201.044,201.0,179.95,193.0,209.0,222.0,0.9106666666666666,4.692166775830667,4.77406844319412,0.08190166736345361,7.280000000000001,-20.800000000000004,38.8,59.6,2.693539442863455,197,0,81,183,False,observed_poll_filter,1.084708440167287,1.067405607190243,165,18,0
2026-04-21,0.08933333333333333,201.04066666666668,201.0,179.95,193.0,209.0,222.0,0.9106666666666666,4.692166775830667,4.7760149682182425,0.08384819238757579,7.280000000000001,-20.800000000000004,38.8,59.6,2.6932013163351223,196,0,81,183,False,observed_poll_filter,1.0979491792292342,1.0800154305884866,165,18,0
2026-04-22,0.08933333333333333,201.03666666666666,201.0,179.95,193.0,209.0,222.0,0.9106666666666666,4.692166775830667,4.777958471596537,0.0857916957658702,7.280000000000001,-20.800000000000004,38.8,59.6,2.6928553424721664,195,0,81,183,False,observed_poll_filter,1.1110321328252162,1.0924604777660774,165,18,0
2026-04-23,0.08866666666666667,201.032,201.0,179.95,193.0,209.0,222.0,0.9113333333333333,4.692166775830667,4.779898960359429,0.08773218452876197,7.280000000000001,-20.800000000000004,38.8,59.6,2.692501536411467,194,0,81,183,False,observed_poll_filter,1.123962810848361,1.1047463616496354,165,18,0
2026-04-24,0.08866666666666667,201.03,201.0,179.95,193.0,209.0,222.0,0.9113333333333333,4.692166775830667,4.781836441515545,0.08966966568487855,7.280000000000001,-20.800000000000004,38.8,59.6,2.692139913173108,193,0,81,183,False,observed_poll_filter,1.1367464097898654,1.1168783783831195,165,18,0
2026-04-25,0.08866666666666667,201.02466666666666,201.0,179.95,193.0,209.0,222.0,0.9113333333333333,4.692166775830667,4.783770922051808,0.09160414622114121,7.280000000000001,-20.800000000000004,38.8,59.6,2.6917704876609556,192,0,81,183,False,observed_poll_filter,1.14938783714208,1.128861531917222,165,18,0
2026-04-26,0.088,201.01933333333332,201.0,179.95,193.0,209.0,222.0,0.912,4.692166775830667,4.7857024089335125,0.09353563310284585,7.280000000000001,-20.800000000000004,38.8,59.6,2.6913932746632296,191,0,81,183,False,observed_poll_filter,1.1618917334115724,1.1407005561945085,165,18,0
2026-04-27,0.088,201.01533333333333,201.0,179.95,193.0,209.0,222.0,0.912,4.692166775830667,4.787630909104414,0.09546413327374736,7.280000000000001,-20.800000000000004,38.8,59.6,2.691008288853068,190,0,81,183,False,observed_poll_filter,1.1742624920221834,1.152399935211694,165,18,0
2026-04-28,0.088,201.01266666666666,201.0,179.95,193.0,209.0,222.0,0.912,4.692166775830667,4.789556429486808,0.09738965365614138,7.280000000000001,-20.800000000000004,38.8,59.6,2.690615544789087,189,0,81,183,False,observed_poll_filter,1.1865042773501275,1.163963921202317,165,18,0
2026-04-29,0.088,201.00733333333332,201.0,179.95,193.0,209.0,222.0,0.912,4.692166775830667,4.791478976981615,0.09931220115094863,7.280000000000001,-20.800000000000004,38.8,59.6,2.690215056915931,188,0,81,183,False,observed_poll_filter,1.198621041101043,1.175396551150795,165,18,0
2026-04-30,0.088,201.004,201.0,179.95,193.0,209.0,222.0,0.912,4.692166775830667,4.793398558468466,0.1012317826377993,7.280000000000001,-20.800000000000004,38.8,59.6,2.6898068395648216,187,0,81,183,False,observed_poll_filter,1.2106165372115765,1.1867016618214088,165,18,0
2026-05-01,0.088,200.99933333333334,201.0,179.95,193.0,209.0,222.0,0.912,4.692166775830667,4.795315180805775,0.10314840497510858,7.280000000000001,-20.800000000000004,38.8,59.6,2.6893909069540967,186,0,81,183,False,observed_poll_filter,1.2224943354347897,1.1978829034623448,165,18,0
2026-05-02,0.088,200.992,201.0,179.95,193.0,209.0,222.0,0.912,4.692166775830667,4.797228850830834,0.10506207500016718,7.280000000000001,-20.800000000000004,38.8,59.6,2.688967273189743,185,0,81,183,False,observed_poll_filter,1.2342578337487464,1.2089437523249298,165,18,0
2026-05-03,0.088,200.98666666666668,201.0,179.95,193.0,209.0,222.0,0.912,4.692166775830667,4.799139575359882,0.10697279952921512,7.280000000000001,-20.800000000000004,38.8,59.6,2.6885359522659265,184,0,81,183,False,observed_poll_filter,1.2459102697105229,1.219887522120974,165,18,0
2026-05-04,0.088,200.982,201.0,179.95,193.0,209.0,222.0,0.912,4.692166775830667,4.801047361188194,0.10888058535752698,7.280000000000001,-20.800000000000004,38.8,59.6,2.688096958065511,183,0,81,183,False,observed_poll_filter,1.2574547308631623,1.2307173745263587,165,18,0
2026-05-05,0.088,200.97733333333332,201.0,179.95,193.0,209.0,222.0,0.912,4.692166775830667,4.802952215090156,0.11078543925948914,7.280000000000001,-20.800000000000004,38.8,59.6,2.6876503043605786,182,0,81,183,False,observed_poll_filter,1.2688941642903666,1.2414363288262147,165,18,0
2026-05-06,0.088,200.97466666666668,201.0,179.95,193.0,209.0,222.0,0.912,4.692166775830667,4.8048541438193535,0.11268736798868684,7.280000000000001,-20.800000000000004,38.8,59.6,2.687196004812934,181,0,81,183,False,observed_poll_filter,1.280231385402712,1.2520472707859696,165,18,0
2026-05-07,0.088,200.97266666666667,201.0,179.95,193.0,209.0,222.0,0.912,4.692166775830667,4.806753154108638,0.11458637827797169,7.280000000000001,-20.800000000000004,38.8,59.6,2.6867340729746148,180,0,81,183,False,observed_poll_filter,1.2914690860296067,1.2625529608229353,165,18,0
2026-05-08,0.088,200.97,201.0,179.95,193.0,209.0,222.0,0.912,4.692166775830667,4.808649252670222,0.11648247683955493,7.280000000000001,-20.800000000000004,38.8,59.6,2.686264522288383,179,0,81,183,False,observed_poll_filter,1.3026098418828822,1.2729560415447319,165,18,0
2026-05-09,0.088,200.96666666666667,201.0,179.95,193.0,209.0,222.0,0.912,4.692166775830667,4.810542446195743,0.11837567036507668,7.280000000000001,-20.800000000000004,38.8,59.6,2.6857873660882237,178,0,81,183,False,observed_poll_filter,1.3136561194506526,1.2832590447135441,165,18,0
2026-05-10,0.088,200.96466666666666,201.0,179.95,193.0,209.0,222.0,0.912,4.692166775830667,4.812432741356356,0.12026596552568947,7.280000000000001,-20.800000000000004,38.8,59.6,2.685302617599829,177,0,81,183,False,observed_poll_filter,1.3246102823737054,1.293464397688816,165,18,0
2026-05-11,0.088,200.96266666666668,201.0,179.95,193.0,209.0,222.0,0.912,4.692166775830667,4.8143201448028,0.12215336897213369,7.280000000000001,-20.800000000000004,38.8,59.6,2.684810289941078,176,0,81,183,False,observed_poll_filter,1.3354745973511242,1.303574429395381,165,18,0
2026-05-12,0.088,200.95333333333335,201.0,179.95,193.0,209.0,222.0,0.912,4.692166775830667,4.816204663165486,0.12403788733481935,7.280000000000001,-20.800000000000004,38.8,59.6,2.6843103961225148,175,0,81,183,False,observed_poll_filter,1.34625123961694,1.3135913758591031,165,18,0
2026-05-13,0.088,200.95,201.0,179.95,193.0,209.0,222.0,0.912,4.692166775830667,4.818086303054567,0.12591952722390065,7.280000000000001,-20.800000000000004,38.8,59.6,2.6838029490478172,174,0,81,183,False,observed_poll_filter,1.3569422980252872,1.3235173853477553,165,18,0
2026-05-14,0.088,200.94666666666666,201.0,179.95,193.0,209.0,222.0,0.912,4.692166775830667,4.819965071060018,0.1277982952293515,7.280000000000001,-20.800000000000004,38.8,59.6,2.68328796151426,173,0,81,183,False,observed_poll_filter,1.3675497797777407,1.3333545231510462,165,18,0
2026-05-15,0.088,200.93666666666667,201.0,179.0,193.0,209.0,222.0,0.912,4.692166775830667,4.821840973751716,0.12967419792104895,7.280000000000001,-20.800000000000004,38.8,59.6,2.6827654462131774,172,0,81,183,False,observed_poll_filter,1.3780756148231297,1.343104776030294,165,18,0
2026-05-16,0.088,200.93066666666667,201.0,179.0,193.0,209.0,222.0,0.912,4.692166775830667,4.82371401767951,0.13154724184884348,7.280000000000001,-20.800000000000004,38.8,59.6,2.6822354157304105,171,0,81,183,False,observed_poll_filter,1.3885216599571455,1.3527700563652665,165,18,0
2026-05-17,0.08733333333333333,200.92733333333334,201.0,179.0,193.0,209.0,222.0,0.9126666666666666,4.692166775830667,4.8255842093733055,0.1334174335426388,7.280000000000001,-20.800000000000004,38.8,59.6,2.6816978825467612,170,0,81,183,False,observed_poll_filter,1.3988897026464049,1.362352206023017,165,18,0
2026-05-18,0.08733333333333333,200.922,201.0,179.0,193.0,209.0,222.0,0.9126666666666666,4.692166775830667,4.827451555343131,0.13528477951246476,7.280000000000001,-20.800000000000004,38.8,59.6,2.681152859038431,169,0,81,183,False,observed_poll_filter,1.409181464599271,1.371852999971189,165,18,0
2026-05-19,0.08733333333333333,200.916,201.0,179.0,193.0,209.0,222.0,0.9126666666666666,4.692166775830667,4.829316062079223,0.13714928624855638,7.280000000000001,-20.800000000000004,38.8,59.6,2.68060035747746,168,0,81,183,False,observed_poll_filter,1.4193986051036358,1.3812741496561378,165,18,0
2026-05-20,0.08733333333333333,200.91133333333335,201.0,179.0,193.0,209.0,222.0,0.9126666666666666,4.692166775830667,4.831177736052094,0.13901096022142756,7.280000000000001,-20.800000000000004,38.8,59.6,2.6800403900321585,167,0,81,183,False,observed_poll_filter,1.4295427241499805,1.390617306164325,165,18,0
2026-05-21,0.08733333333333333,200.908,201.0,179.0,193.0,209.0,222.0,0.9126666666666666,4.692166775830667,4.8330365837126115,0.1408698078819448,7.280000000000001,-20.800000000000004,38.8,59.6,2.679472968767533,166,0,81,183,False,observed_poll_filter,1.4396153653563675,1.399884063183768,165,18,0
2026-05-22,0.08733333333333333,200.904,201.0,179.0,193.0,209.0,222.0,0.9126666666666666,4.692166775830667,4.8348926114920685,0.14272583566140185,7.280000000000001,-20.800000000000004,38.8,59.6,2.678898105645708,165,0,81,183,False,observed_poll_filter,1.4496180187104972,1.4090759597807923,165,18,0
2026-05-23,0.08733333333333333,200.902,201.0,179.0,193.0,209.0,222.0,0.9126666666666666,4.692166775830667,4.836745825802262,0.1445790499715951,7.280000000000001,-20.800000000000004,38.8,59.6,2.6783158125263427,164,0,81,183,False,observed_poll_filter,1.459552123142626,1.418194483005995,165,18,0
2026-05-24,0.08733333333333333,200.898,201.0,179.0,193.0,209.0,222.0,0.9126666666666666,4.692166775830667,4.838596233035567,0.14642945720490008,7.280000000000001,-20.800000000000004,38.8,59.6,2.677726101167042,163,0,81,183,False,observed_poll_filter,1.4694190689419229,1.4272410703420941,165,18,0
2026-05-25,0.08733333333333333,200.89266666666666,201.0,179.0,193.0,209.0,222.0,0.9126666666666666,4.692166775830667,4.840443839565003,0.14827706373433625,7.280000000000001,-20.800000000000004,38.8,59.6,2.6771289832237626,162,0,81,183,False,observed_poll_filter,1.4792202000277537,1.436217112005248,165,18,0
2026-05-26,0.08733333333333333,200.88733333333334,201.0,179.0,193.0,209.0,222.0,0.9126666666666666,4.692166775830667,4.842288651744316,0.15012187591364956,7.280000000000001,-20.800000000000004,38.8,59.6,2.676524470251213,161,0,81,183,False,observed_poll_filter,1.4889568160863995,1.445123953110437,165,18,0
2026-05-27,0.08733333333333333,200.882,201.0,179.0,193.0,209.0,222.0,0.9126666666666666,4.692166775830667,4.844130675908048,0.15196390007738092,7.280000000000001,-20.800000000000004,38.8,59.6,2.675912573703252,160,0,81,183,False,observed_poll_filter,1.4986301745828248,1.453962895710602,165,18,0
2026-05-28,0.08733333333333333,200.87666666666667,201.0,179.0,193.0,209.0,222.0,0.9126666666666666,4.692166775830667,4.845969918371606,0.15380314254093896,7.280000000000001,-20.800000000000004,38.8,59.6,2.6752933049332746,159,0,81,183,False,observed_poll_filter,1.5082414926563148,1.4627352007184355,165,18,0
2026-05-29,0.08733333333333333,200.872,201.0,179.0,193.0,209.0,222.0,0.9126666666666666,4.692166775830667,4.847806385431339,0.15563960960067202,7.280000000000001,-20.800000000000004,38.8,59.6,2.6746666751946044,158,0,81,183,False,observed_poll_filter,1.5177919489080671,1.4714420897189802,165,18,0
2026-05-30,0.08733333333333333,200.86666666666667,201.0,179.0,193.0,209.0,222.0,0.9126666666666666,4.692166775830667,4.849640083364608,0.15747330753394095,7.280000000000001,-20.800000000000004,38.8,59.6,2.6740326956408706,157,0,81,183,False,observed_poll_filter,1.527282685088176,1.4800847466805336,165,18,0
2026-05-31,0.08733333333333333,200.862,201.0,179.0,193.0,209.0,222.0,0.9126666666666666,4.692166775830667,4.851471018429857,0.15930424259919018,7.280000000000001,-20.800000000000004,38.8,59.6,2.6733913773263835,156,0,81,183,False,observed_poll_filter,1.5367148076888402,1.4886643195707538,165,18,0
2026-06-01,0.08666666666666667,200.85666666666665,201.0,179.0,193.0,209.0,222.0,0.9133333333333333,4.692166775830667,4.853299196866685,0.16113242103601877,7.280000000000001,-20.800000000000004,38.8,59.6,2.672742731206508,155,0,81,183,False,observed_poll_filter,1.546089389450089,1.4971819218843194,165,18,0
2026-06-02,0.08666666666666667,200.85266666666666,201.0,179.0,193.0,209.0,222.0,0.9133333333333333,4.692166775830667,4.855124624895918,0.16295784906525146,7.280000000000001,-20.800000000000004,38.8,59.6,2.672086768138031,154,0,81,183,False,observed_poll_filter,1.5554074707838295,1.5056386340879895,165,18,0
2026-06-03,0.08666666666666667,200.84533333333334,201.0,179.0,193.0,209.0,222.0,0.9133333333333333,4.692166775830667,4.856947308719675,0.16478053288900796,7.280000000000001,-20.800000000000004,38.8,59.6,2.6714234988795185,153,0,81,183,False,observed_poll_filter,1.564670061121561,1.5140355049884686,165,18,0
2026-06-04,0.086,200.84266666666667,201.0,179.95,193.0,209.0,222.0,0.914,4.692166775830667,4.858767254521445,0.16660047869077843,7.280000000000001,-20.800000000000004,38.8,59.6,2.6707529340916767,152,0,81,183,False,observed_poll_filter,1.573878140190704,1.5223735530280662,165,18,0
2026-06-05,0.086,200.83733333333333,201.0,179.95,193.0,209.0,222.0,0.914,4.692166775830667,4.860584468466151,0.16841769263548478,7.280000000000001,-20.800000000000004,38.8,59.6,2.6700750843377024,151,0,81,183,False,observed_poll_filter,1.5830326592241075,1.5306537675127536,165,18,0
2026-06-06,0.086,200.83066666666667,201.0,179.95,193.0,209.0,222.0,0.914,4.692166775830667,4.862398956700223,0.17023218086955616,7.280000000000001,-20.800000000000004,38.8,59.6,2.6693899600836306,150,0,81,183,False,observed_poll_filter,1.5921345421069633,1.5388771097768934,165,18,0
2026-06-07,0.086,200.83,201.0,179.95,193.0,209.0,222.0,0.914,4.692166775830667,4.864210725351665,0.17204394952099822,7.280000000000001,-20.800000000000004,38.8,59.6,2.668697571698677,149,0,81,183,False,observed_poll_filter,1.6011846864650403,1.5470445142885882,165,18,0
2026-06-08,0.08533333333333333,200.826,201.0,179.95,193.0,209.0,222.0,0.9146666666666666,4.692166775830667,4.866019780530128,0.17385300469946152,7.280000000000001,-20.800000000000004,38.8,59.6,2.667997929455577,148,0,81,183,False,observed_poll_filter,1.6101839646978695,1.5551568896993142,165,18,0
2026-06-09,0.08533333333333333,200.82333333333332,201.0,179.95,193.0,209.0,222.0,0.9146666666666666,4.692166775830667,4.867826128326973,0.17565935249630638,7.280000000000001,-20.800000000000004,38.8,59.6,2.6672910435309176,147,0,81,183,False,observed_poll_filter,1.6191332249602408,1.5632151198412358,165,18,0
2026-06-10,0.08533333333333333,200.818,201.0,179.95,193.0,209.0,222.0,0.9146666666666666,4.692166775830667,4.869629774815343,0.17746299898467655,7.280000000000001,-20.800000000000004,38.8,59.6,2.6665769240054678,146,0,81,183,False,observed_poll_filter,1.6280332920951432,1.5712200646753656,165,18,0
2026-06-11,0.08533333333333333,200.81333333333333,201.0,179.95,193.0,209.0,222.0,0.9146666666666666,4.692166775830667,4.8714307260502325,0.17926395021956587,7.280000000000001,-20.800000000000004,38.8,59.6,2.665855580864501,145,0,81,183,False,observed_poll_filter,1.6368849685210474,1.5791725611934895,165,18,0
2026-06-12,0.08533333333333333,200.80933333333334,201.0,179.95,193.0,209.0,222.0,0.9146666666666666,4.692166775830667,4.87322898806855,0.1810622122378831,7.280000000000001,-20.800000000000004,38.8,59.6,2.6651270239981177,144,0,81,183,False,observed_poll_filter,1.6456890350762354,1.587073424276603,165,18,0
2026-06-13,0.08533333333333333,200.806,201.0,179.95,193.0,209.0,222.0,0.9146666666666666,4.692166775830667,4.87502456688919,0.18285779105852296,7.280000000000001,-20.800000000000004,38.8,59.6,2.6643912632015567,143,0,81,183,False,observed_poll_filter,1.6544462518226908,1.5949234475123837,165,18,0
2026-06-14,0.08533333333333333,200.80333333333334,201.0,179.95,193.0,209.0,222.0,0.9146666666666666,4.692166775830667,4.876817468513099,0.18465069268243273,7.280000000000001,-20.800000000000004,38.8,59.6,2.663648308175511,142,0,81,183,False,observed_poll_filter,1.6631573588118926,1.6027234039740796,165,18,0
2026-06-15,0.08533333333333333,200.79933333333332,201.0,179.95,193.0,209.0,222.0,0.9146666666666666,4.692166775830667,4.878607698923343,0.18644092309267624,7.280000000000001,-20.800000000000004,38.8,59.6,2.6628981685264277,141,0,81,183,False,observed_poll_filter,1.6718230768146942,1.610474046963006,165,18,0
2026-06-16,0.08533333333333333,200.794,201.0,179.95,193.0,209.0,222.0,0.9146666666666666,4.692166775830667,4.880395264085172,0.18822848825450578,7.280000000000001,-20.800000000000004,38.8,59.6,2.662140853766816,140,0,81,183,False,observed_poll_filter,1.6804441080173274,1.6181761107167258,165,18,0
2026-06-17,0.08533333333333333,200.79,201.0,179.95,193.0,209.0,222.0,0.9146666666666666,4.692166775830667,4.882180169946086,0.19001339411541895,7.280000000000001,-20.800000000000004,38.8,59.6,2.661376373315539,139,0,81,183,False,observed_poll_filter,1.6890211366854326,1.6258303110848227,165,18,0
2026-06-18,0.08466666666666667,200.782,201.0,179.95,193.0,209.0,222.0,0.9153333333333333,4.692166775830667,4.883962422435904,0.19179564660523774,7.280000000000001,-20.800000000000004,38.8,59.6,2.660604736498113,138,0,81,183,False,observed_poll_filter,1.6975548297978924,1.6334373461740712,165,18,0
2026-06-19,0.08466666666666667,200.77866666666668,201.0,180.0,193.0,209.0,222.0,0.9153333333333333,4.692166775830667,4.885742027466829,0.19357525163616263,7.280000000000001,-20.800000000000004,38.8,59.6,2.65982595254699,137,0,81,183,False,observed_poll_filter,1.7060458376521281,1.6409978969646795,165,18,0
2026-06-20,0.084,200.77466666666666,201.0,180.0,193.0,209.0,222.0,0.916,4.692166775830667,4.8875189909335095,0.19535221510284284,7.280000000000001,-20.800000000000004,38.8,59.6,2.659040030601845,136,0,81,183,False,observed_poll_filter,1.7144947944424187,1.6485126278991797,165,18,0
2026-06-21,0.084,200.768,201.0,180.0,193.0,209.0,222.0,0.916,4.692166775830667,4.889293318713111,0.1971265428824447,7.280000000000001,-20.800000000000004,38.8,59.6,2.658246979709857,135,0,81,183,False,observed_poll_filter,1.7229023188126922,1.655982187445437,165,18,0
2026-06-22,0.084,200.764,201.0,180.0,193.0,209.0,222.0,0.916,4.692166775830667,4.891065016665374,0.19889824083470753,7.280000000000001,-20.800000000000004,38.8,59.6,2.6574468088259815,134,0,81,183,False,observed_poll_filter,1.7312690143851568,1.6634072086351532,165,18,0
2026-06-23,0.084,200.75866666666667,201.0,180.0,193.0,209.0,222.0,0.916,4.692166775830667,4.892834090632684,0.2006673148020175,7.280000000000001,-20.800000000000004,38.8,59.6,2.6566395268132252,133,0,81,183,False,observed_poll_filter,1.7395954702660479,1.670788309579163,165,18,0
2026-06-24,0.084,200.75066666666666,201.0,180.0,193.0,209.0,222.0,0.916,4.692166775830667,4.894600546440133,0.2024337706094661,7.280000000000001,-20.800000000000004,38.8,59.6,2.6558251424429113,132,0,81,183,False,observed_poll_filter,1.7478822615296925,1.6781260939607336,165,18,0
2026-06-25,0.08333333333333333,200.738,201.0,180.0,193.0,209.0,222.0,0.9166666666666666,4.692166775830667,4.896364389895583,0.204197614064916,7.280000000000001,-20.800000000000004,38.8,59.6,2.655003664394942,131,0,81,183,False,observed_poll_filter,1.7561299496820137,1.6854211515080044,165,18,0
2026-06-26,0.08333333333333333,200.72933333333333,201.0,180.0,193.0,209.0,222.0,0.9166666666666666,4.692166775830667,4.898125626789731,0.20595885095906397,7.280000000000001,-20.800000000000004,38.8,59.6,2.6541751012580583,130,0,81,183,False,observed_poll_filter,1.7643390831045354,1.6926740584466413,165,18,0
2026-06-27,0.08333333333333333,200.72466666666668,201.0,180.0,193.0,209.0,222.0,0.9166666666666666,4.692166775830667,4.8998842628961725,0.20771748706550586,7.280000000000001,-20.800000000000004,38.8,59.6,2.653339461530095,129,0,81,183,False,observed_poll_filter,1.7725101974798771,1.6998853779337044,165,18,0
2026-06-28,0.08333333333333333,200.71866666666668,201.0,180.0,193.0,209.0,222.0,0.9166666666666666,4.692166775830667,4.9016403039714636,0.2094735281407969,7.280000000000001,-20.800000000000004,38.8,59.6,2.652496753618228,128,0,81,183,False,observed_poll_filter,1.780643816199678,1.707055660473682,165,18,0
2026-06-29,0.08333333333333333,200.71266666666668,201.0,180.0,193.0,209.0,222.0,0.9166666666666666,4.692166775830667,4.903393755755184,0.21122697992451744,7.280000000000001,-20.800000000000004,38.8,59.6,2.6516469858392253,127,0,81,183,False,observed_poll_filter,1.7887404507558253,1.7141854443175768,165,18,0
2026-06-30,0.08333333333333333,200.708,201.0,180.0,192.75,209.0,222.0,0.9166666666666666,4.692166775830667,4.905144623970002,0.21297784813933518,7.280000000000001,-20.800000000000004,38.8,59.6,2.650790166419684,126,0,81,183,False,observed_poll_filter,1.7968006011158146,1.7212752558458786,165,18,0
2026-07-01,0.08333333333333333,200.70333333333335,201.0,180.0,192.75,209.0,222.0,0.9166666666666666,4.692166775830667,4.906892914321731,0.2147261384910646,7.280000000000001,-20.800000000000004,38.8,59.6,2.6499263034962715,125,0,81,183,False,observed_poll_filter,1.8048247560830257,1.7283256099362219,165,18,0
2026-07-02,0.08333333333333333,200.696,201.0,180.0,192.75,209.0,222.0,0.9166666666666666,4.692166775830667,4.908638632499398,0.21647185666873092,7.280000000000001,-20.800000000000004,38.8,59.6,2.6490554051159583,124,0,81,183,False,observed_poll_filter,1.8128133936426423,1.7353370103164607,165,18,0
2026-07-03,0.08333333333333333,200.69333333333333,201.0,180.0,192.75,209.0,222.0,0.9166666666666666,4.692166775830667,4.9103817841753,0.21821500834463325,7.280000000000001,-20.800000000000004,38.8,59.6,2.6481774792362467,123,0,81,183,False,observed_poll_filter,1.8207669812939145,1.7423099499038743,165,18,0
2026-07-04,0.08333333333333333,200.69,201.0,180.0,192.75,209.0,222.0,0.9166666666666666,4.692166775830667,4.91212237500507,0.2199555991744031,7.280000000000001,-20.800000000000004,38.8,59.6,2.6472925337253983,122,0,81,183,False,observed_poll_filter,1.8286859763694132,1.7492449111311539,165,18,0
2026-07-05,0.08333333333333333,200.68733333333333,201.0,180.0,192.75,209.0,222.0,0.9166666666666666,4.692166775830667,4.913860410627733,0.2216936347970666,7.280000000000001,-20.800000000000004,38.8,59.6,2.646400576362654,121,0,81,183,False,observed_poll_filter,1.8365708263418958,1.7561423662598048,165,18,0
2026-07-06,0.08333333333333333,200.68333333333334,201.0,180.0,192.75,209.0,222.0,0.9166666666666666,4.692166775830667,4.915595896665774,0.22342912083510758,7.280000000000001,-20.800000000000004,38.8,59.6,2.645501614838453,120,0,81,183,False,observed_poll_filter,1.8444219691193646,1.76300277768155,165,18,0
2026-07-07,0.08333333333333333,200.678,201.0,180.0,192.75,209.0,222.0,0.9166666666666666,4.692166775830667,4.91732883872519,0.22516206289452345,7.280000000000001,-20.800000000000004,38.8,59.6,2.644595656754644,119,0,81,183,False,observed_poll_filter,1.8522398333288683,1.769826598208289,165,18,0
2026-07-08,0.08266666666666667,200.67466666666667,201.0,180.0,192.75,209.0,222.0,0.9173333333333333,4.692166775830667,4.919059242395557,0.22689246656489015,7.280000000000001,-20.800000000000004,38.8,59.6,2.6436827096246964,118,0,81,183,False,observed_poll_filter,1.8600248385895695,1.77661427135115,165,18,0
2026-07-09,0.08266666666666667,200.672,201.0,180.0,192.75,209.0,222.0,0.9173333333333333,4.692166775830667,4.92078711325009,0.22862033741942334,7.280000000000001,-20.800000000000004,38.8,59.6,2.6427627808739076,117,0,81,183,False,observed_poll_filter,1.8677773957755657,1.7833662315891228,165,18,0
2026-07-10,0.08266666666666667,200.668,201.0,180.0,192.75,209.0,222.0,0.9173333333333333,4.692166775830667,4.922512456845696,0.23034568101502906,7.280000000000001,-20.800000000000004,38.8,59.6,2.6418358778396,116,0,81,183,False,observed_poll_filter,1.875497907268935,1.7900829046277515,165,18,0
2026-07-11,0.08266666666666667,200.664,201.0,180.0,192.75,209.0,222.0,0.9173333333333333,4.692166775830667,4.924235278723043,0.23206850289237657,7.280000000000001,-20.800000000000004,38.8,59.6,2.640902007771321,115,0,81,183,False,observed_poll_filter,1.883186767203443,1.796764707648331,165,18,0
2026-07-12,0.08266666666666667,200.658,201.0,180.0,192.75,209.0,222.0,0.9173333333333333,4.692166775830667,4.925955584406612,0.23378880857594542,7.280000000000001,-20.800000000000004,38.8,59.6,2.639961177831038,114,0,81,183,False,observed_poll_filter,1.8908443616993322,1.8034120495480337,165,18,0
2026-07-13,0.082,200.65666666666667,201.0,180.0,192.75,209.0,222.0,0.918,4.692166775830667,4.92767337940476,0.23550660357409292,7.280000000000001,-20.800000000000004,38.8,59.6,2.6390133950933254,113,0,81,183,False,observed_poll_filter,1.8984710690895858,1.8100253311713626,165,18,0
2026-07-14,0.082,200.65333333333334,201.0,180.0,192.75,209.0,222.0,0.918,4.692166775830667,4.929388669209773,0.2372218933791066,7.280000000000001,-20.800000000000004,38.8,59.6,2.638058666545553,112,0,81,183,False,observed_poll_filter,1.9060672601380455,1.8166049455333158,165,18,0
2026-07-15,0.082,200.648,201.0,180.0,192.75,209.0,222.0,0.918,4.692166775830667,4.9311014592979365,0.23893468346726987,7.280000000000001,-20.800000000000004,38.8,59.6,2.6370969990880644,111,0,81,183,False,observed_poll_filter,1.913633298249734,1.8231512780346217,165,18,0
2026-07-16,0.082,200.64733333333334,201.0,180.0,192.75,209.0,222.0,0.918,4.692166775830667,4.932811755129583,0.24064497929891626,7.280000000000001,-20.800000000000004,38.8,59.6,2.6361283995343587,110,0,81,183,False,observed_poll_filter,1.9211695396737258,1.8296647066693883,165,18,0
2026-07-17,0.082,200.64266666666666,201.0,180.0,192.75,208.25,222.0,0.918,4.692166775830667,4.934519562149148,0.24235278631848178,7.280000000000001,-20.800000000000004,38.8,59.6,2.6351528746112614,109,0,81,183,False,observed_poll_filter,1.9286763336988806,1.836145602225486,165,18,0
2026-07-18,0.082,200.64,201.0,180.0,193.0,208.25,222.0,0.918,4.692166775830667,4.936224885785244,0.24405810995457777,7.280000000000001,-20.800000000000004,38.8,59.6,2.634170430959096,108,0,81,183,False,observed_poll_filter,1.9361540228427478,1.842594328477983,165,18,0
2026-07-19,0.082,200.63533333333334,201.0,180.0,193.0,208.0,222.0,0.918,4.692166775830667,4.937927731450698,0.24576095562003175,7.280000000000001,-20.800000000000004,38.8,59.6,2.633181075131851,107,0,81,183,False,observed_poll_filter,1.9436029430339306,1.8490112423759166,165,18,0
2026-07-20,0.082,200.63066666666666,201.0,180.0,193.0,208.0,222.0,0.918,4.692166775830667,4.93962810454262,0.24746132871195314,7.280000000000001,-20.800000000000004,38.8,59.6,2.6321848135973407,106,0,81,183,False,observed_poll_filter,1.951023423788181,1.8553966942226847,165,18,0
2026-07-21,0.082,200.62866666666667,201.0,180.0,193.0,208.0,222.0,0.918,4.692166775830667,4.94132601044246,0.24915923461179368,7.280000000000001,-20.800000000000004,38.8,59.6,2.6311816527373644,105,0,81,183,False,observed_poll_filter,1.9584157883784936,1.8617510278503213,165,18,0
2026-07-22,0.082,200.626,201.0,180.0,193.0,208.0,222.0,0.918,4.692166775830667,4.943021454516064,0.2508546786853971,7.280000000000001,-20.800000000000004,38.8,59.6,2.6301715988478613,104,0,81,183,False,observed_poll_filter,1.965780353999438,1.868074580787907,165,18,0
2026-07-23,0.082,200.622,201.0,180.0,193.0,208.0,222.0,0.918,4.692166775830667,4.944714442113722,0.25254766628305525,7.280000000000001,-20.800000000000004,38.8,59.6,2.629154658139061,103,0,81,183,False,observed_poll_filter,1.9731174319259754,1.874367684424356,165,18,0
2026-07-24,0.082,200.618,201.0,180.0,193.0,208.0,222.0,0.918,4.692166775830667,4.946404978570238,0.25423820273957176,7.280000000000001,-20.800000000000004,38.8,59.6,2.628130836735632,102,0,81,183,False,observed_poll_filter,1.9804273276669753,1.880630664165809,165,18,0
2026-07-25,0.082,200.61666666666667,201.0,180.0,193.0,208.0,222.0,0.918,4.692166775830667,4.948093069204979,0.25592629337431205,7.280000000000001,-20.800000000000004,38.8,59.6,2.6271001406768217,101,0,81,183,False,observed_poll_filter,1.9877103411136536,1.8868638395878428,165,18,0
2026-07-26,0.082,200.61333333333334,201.0,180.0,193.0,208.0,222.0,0.918,4.692166775830667,4.9497787193219285,0.2576119434912618,7.280000000000001,-20.800000000000004,38.8,59.6,2.6260625759166,100,0,81,183,False,observed_poll_filter,1.9949667666831337,1.8930675245827144,165,18,0
2026-07-27,0.082,200.61133333333333,201.0,180.0,193.0,208.0,222.0,0.918,4.692166775830667,4.951461934209747,0.25929515837908035,7.280000000000001,-20.800000000000004,38.8,59.6,2.6250181483237913,99,0,81,183,False,observed_poll_filter,2.0021968934573238,1.8992420275018307,165,18,0
2026-07-28,0.082,200.606,201.0,180.0,192.75,208.0,221.04999999999995,0.918,4.692166775830667,4.953142719141824,0.26097594331115737,7.280000000000001,-20.800000000000004,38.8,59.6,2.623966863682208,98,0,81,183,False,observed_poll_filter,2.0094010053172955,1.9053876512936267,165,18,0
2026-07-29,0.082,200.59866666666667,201.0,180.0,192.75,208.0,221.04999999999995,0.918,4.692166775830667,4.954821079376335,0.2626543035456681,7.280000000000001,-20.800000000000004,38.8,59.6,2.6229087276907794,97,0,81,183,False,observed_poll_filter,2.0165793810733454,1.9115046936370477,165,18,0
2026-07-30,0.082,200.59466666666665,201.0,180.0,192.75,208.0,221.04999999999995,0.918,4.692166775830667,4.956497020156295,0.26433024432562835,7.280000000000001,-20.800000000000004,38.8,59.6,2.6218437459636754,96,0,81,183,False,observed_poll_filter,2.023732294590902,1.9175934470707903,165,18,0
2026-07-31,0.082,200.59066666666666,201.0,180.0,192.75,208.0,221.04999999999995,0.918,4.692166775830667,4.9581705467096135,0.2660037708789469,7.280000000000001,-20.800000000000004,38.8,59.6,2.6207719240304232,95,0,81,183,False,observed_poll_filter,2.0308600149124403,1.9236541991184708,165,18,0
2026-08-01,0.082,200.586,201.0,180.0,192.75,208.0,221.04999999999995,0.918,4.692166775830667,4.959841664249152,0.26767488841848497,7.280000000000001,-20.800000000000004,38.8,59.6,2.619693267336032,94,0,81,183,False,observed_poll_filter,2.037962806375562,1.9296872324098882,165,18,0
2026-08-02,0.082,200.58133333333333,201.0,180.0,192.75,208.0,221.04999999999995,0.918,4.692166775830667,4.961510377972768,0.2693436021421016,7.280000000000001,-20.800000000000004,38.8,59.6,2.618607781241098,93,0,81,183,False,observed_poll_filter,2.045040928727383,1.9356928247985075,165,18,0
2026-08-03,0.082,200.57333333333332,201.0,180.0,192.75,208.0,221.04999999999995,0.918,4.692166775830667,4.963176693063385,0.2710099172327185,7.280000000000001,-20.800000000000004,38.8,59.6,2.617515471021919,92,0,81,183,False,observed_poll_filter,2.0520946372353683,1.9416712494753319,165,18,0
2026-08-04,0.082,200.57133333333334,201.0,180.0,192.75,208.0,221.04999999999995,0.918,4.692166775830667,4.964840614689032,0.27267383885836516,7.280000000000001,-20.800000000000004,38.8,59.6,2.616416341870596,91,0,81,183,False,observed_poll_filter,2.059124182794753,1.9476227750792787,165,18,0
2026-08-05,0.082,200.57066666666665,201.0,180.0,192.75,208.0,221.04999999999995,0.918,4.692166775830667,4.966502148002901,0.27433537217223414,7.280000000000001,-20.800000000000004,38.8,59.6,2.6153103988951387,90,0,81,183,False,observed_poll_filter,2.0661298120326705,1.9535476658042028,165,18,0
2026-08-06,0.082,200.568,201.0,180.0,192.75,208.0,221.04999999999995,0.918,4.692166775830667,4.9681612981434045,0.2759945223127378,7.280000000000001,-20.800000000000004,38.8,59.6,2.61419764711956,89,0,81,183,False,observed_poll_filter,2.0731117674091184,1.9594461815026827,165,18,0
2026-08-07,0.082,200.55933333333334,201.0,180.0,192.75,208.0,221.0,0.918,4.692166775830667,4.969818070234223,0.2776512944035563,7.280000000000001,-20.800000000000004,38.8,59.6,2.6130780914839735,88,0,81,183,False,observed_poll_filter,2.0800702873148684,1.9653185777866966,165,18,0
2026-08-08,0.082,200.55466666666666,201.0,180.0,192.75,208.0,221.0,0.918,4.692166775830667,4.971472469384363,0.27930569355369617,7.280000000000001,-20.800000000000004,38.8,59.6,2.611951736844679,87,0,81,183,False,observed_poll_filter,2.0870056061664424,1.9711651061252922,165,18,0
2026-08-09,0.082,200.55266666666665,201.0,180.0,192.75,208.0,221.0,0.918,4.692166775830667,4.973124500688203,0.28095772485753656,7.280000000000001,-20.800000000000004,38.8,59.6,2.610818587974255,86,0,81,183,False,observed_poll_filter,2.093917954498256,1.9769860139393713,165,18,0
2026-08-10,0.082,200.546,201.0,180.0,192.75,208.0,221.0,0.918,4.692166775830667,4.974774169225553,0.28260739339488605,7.280000000000001,-20.800000000000004,38.8,59.6,2.6096786495616398,85,0,81,183,False,observed_poll_filter,2.1008075590520328,1.9827815446936816,165,18,0
2026-08-11,0.082,200.54266666666666,201.0,180.0,192.75,208.0,221.0,0.918,4.692166775830667,4.976421480061699,0.2842547042310324,7.280000000000001,-20.800000000000004,38.8,59.6,2.6085319262122066,84,0,81,183,False,observed_poll_filter,2.1076746428635893,1.9885519379861227,165,18,0
2026-08-12,0.082,200.534,201.0,180.0,192.0,208.0,221.0,0.918,4.692166775830667,4.978066438247461,0.285899662416794,7.280000000000001,-20.800000000000004,38.8,59.6,2.607378422447846,83,0,81,183,False,observed_poll_filter,2.1145194253470834,1.9942974296344607,165,18,0
2026-08-13,0.082,200.53266666666667,201.0,180.0,192.0,208.0,221.0,0.918,4.692166775830667,4.979709048819243,0.28754227298857593,7.280000000000001,-20.800000000000004,38.8,59.6,2.6062181427070317,82,0,81,183,False,observed_poll_filter,2.1213421223768125,2.0000182517605407,165,18,0
2026-08-14,0.082,200.52333333333334,201.0,180.0,192.0,208.0,221.0,0.918,4.692166775830667,4.981349316799081,0.28918254096841434,7.280000000000001,-20.800000000000004,38.8,59.6,2.6050510913448925,81,0,81,183,False,observed_poll_filter,2.128142946366658,2.0057146328720883,165,18,0
2026-08-15,0.082,200.52,201.0,180.0,192.0,208.0,221.0,0.918,4.692166775830667,4.982987247194702,0.290820471364035,7.280000000000001,-20.800000000000004,38.8,59.6,2.6038772726332753,80,0,81,183,False,observed_poll_filter,2.1349221063472457,2.011386797942182,165,18,0
2026-08-16,0.082,200.51666666666668,201.0,180.0,192.0,208.0,221.0,0.918,4.692166775830667,4.984622844999563,0.292456069168896,7.280000000000001,-20.800000000000004,38.8,59.6,2.602696690760805,79,0,81,183,False,observed_poll_filter,2.1416798080409127,2.017034968486477,165,18,0
2026-08-17,0.082,200.51466666666667,201.0,180.0,192.0,208.0,221.0,0.918,4.692166775830667,4.986256115192913,0.29408933936224635,7.280000000000001,-20.800000000000004,38.8,59.6,2.601509349832941,78,0,81,183,False,observed_poll_filter,2.148416253934549,2.02265936263826,165,18,0
2026-08-18,0.082,200.50866666666667,201.0,180.0,192.0,208.0,221.0,0.918,4.692166775830667,4.98788706273984,0.29572028690917307,7.280000000000001,-20.800000000000004,38.8,59.6,2.6003152538720333,77,0,81,183,False,observed_poll_filter,2.155131643350392,2.028260195221406,165,18,0
2026-08-19,0.082,200.50666666666666,201.0,180.0,192.0,208.0,221.0,0.918,4.692166775830667,4.98951569259132,0.29734891676065356,7.280000000000001,-20.800000000000004,38.8,59.6,2.5991144068173684,76,0,81,183,False,observed_poll_filter,2.1618261725148393,2.033837677821315,165,18,0
2026-08-20,0.082,200.49866666666668,201.0,180.0,192.0,208.0,221.0,0.918,4.692166775830667,4.991142009684263,0.2989752338535965,7.280000000000001,-20.800000000000004,38.8,59.6,2.5979068125252174,75,0,81,183,False,observed_poll_filter,2.168500034625354,2.0393920188538877,165,18,0
2026-08-21,0.082,200.49333333333334,201.0,180.0,192.0,208.0,221.0,0.918,4.692166775830667,4.992766018941574,0.30059924311090747,7.280000000000001,-20.800000000000004,38.8,59.6,2.596692474768876,74,0,81,183,False,observed_poll_filter,2.175153419915515,2.044923423632609,165,18,0
2026-08-22,0.082,200.492,201.0,180.0,192.0,208.0,221.0,0.918,4.692166775830667,4.994387725272193,0.30222094944152644,7.280000000000001,-20.800000000000004,38.8,59.6,2.595471397238703,73,0,81,183,False,observed_poll_filter,2.181786515718291,2.0504320944338112,165,18,0
2026-08-23,0.082,200.484,201.0,180.0,192.0,208.0,221.0,0.918,4.692166775830667,4.996007133571147,0.30384035774048,7.280000000000001,-20.800000000000004,38.8,59.6,2.5942435835421582,72,0,81,183,False,observed_poll_filter,2.188399506527581,2.0559182305601693,165,18,0
2026-08-24,0.082,200.48066666666668,201.0,180.0,192.0,208.0,221.0,0.918,4.692166775830667,4.9976242487196005,0.3054574728889339,7.280000000000001,-20.800000000000004,38.8,59.6,2.5930090372038253,71,0,81,183,False,observed_poll_filter,2.1949925740580905,2.061382028402477,165,18,0
2026-08-25,0.082,200.47333333333333,201.0,180.0,192.0,208.0,221.0,0.918,4.692166775830667,4.999239075584906,0.307072299754239,7.280000000000001,-20.800000000000004,38.8,59.6,2.5917677616654484,70,0,81,183,False,observed_poll_filter,2.20156589730359,2.066823681499786,165,18,0
2026-08-26,0.082,200.46866666666668,201.0,180.0,192.0,208.0,221.0,0.918,4.692166775830667,5.000851619020646,0.3086848431899796,7.280000000000001,-20.800000000000004,38.8,59.6,2.5905197602859467,69,0,81,183,False,observed_poll_filter,2.208119652593618,2.0722433805979352,165,18,0
2026-08-27,0.082,200.46666666666667,201.0,180.0,192.0,208.0,221.0,0.918,4.692166775830667,5.002461883866692,0.31029510803602545,7.280000000000001,-20.800000000000004,38.8,59.6,2.5892650363414402,68,0,81,183,False,observed_poll_filter,2.2146540136486697,2.0776413137065406,165,18,0
2026-08-28,0.082,200.46266666666668,201.0,180.0,192.0,208.0,221.0,0.918,4.692166775830667,5.004069874949243,0.3119030991185765,7.280000000000001,-20.800000000000004,38.8,59.6,2.588003593025261,67,0,81,183,False,observed_poll_filter,2.2211691516339234,2.083017666154481,165,18,0
2026-08-29,0.082,200.462,201.0,180.0,192.0,208.0,221.0,0.918,4.692166775830667,5.005675597080881,0.3135088212502142,7.280000000000001,-20.800000000000004,38.8,59.6,2.5867354334479664,66,0,81,183,False,observed_poll_filter,2.227665235211557,2.0883726206439404,165,18,0
2026-08-30,0.08066666666666666,200.45733333333334,201.0,180.0,192.0,208.0,221.0,0.9193333333333333,4.692166775830667,5.007279055060612,0.315112279229945,7.280000000000001,-20.800000000000004,38.8,59.6,2.58546056063735,65,0,81,183,False,observed_poll_filter,2.234142430591694,2.093706357303048,165,18,0
2026-08-31,0.08066666666666666,200.44866666666667,201.0,180.0,192.0,208.0,221.0,0.9193333333333333,4.692166775830667,5.008880253673922,0.31671347784325565,7.280000000000001,-20.800000000000004,38.8,59.6,2.5841789775384396,64,0,81,183,False,observed_poll_filter,2.2406009015820203,2.0990190537371536,165,18,0
2026-09-01,0.08066666666666666,200.44466666666668,201.0,180.0,192.0,208.0,221.0,0.9193333333333333,4.692166775830667,5.0104791976928205,0.3183124218621538,7.280000000000001,-20.800000000000004,38.8,59.6,2.582890687013504,63,0,81,183,False,observed_poll_filter,2.2470408096361227,2.104310885078793,165,18,0
2026-09-02,0.08066666666666666,200.44533333333334,201.0,180.0,192.0,208.0,221.0,0.9193333333333333,4.692166775830667,5.012075891875884,0.319909116045217,7.280000000000001,-20.800000000000004,38.8,59.6,2.5815956918420477,62,0,81,183,False,observed_poll_filter,2.2534623139005814,2.109582024036378,165,18,0
2026-09-03,0.08066666666666666,200.444,201.0,180.0,192.0,208.0,221.0,0.9193333333333333,4.692166775830667,5.013670340968308,0.32150356513764144,7.280000000000001,-20.800000000000004,38.8,59.6,2.5802939947208,61,0,81,183,False,observed_poll_filter,2.2598655712608577,2.1148326409416476,165,18,0
2026-09-04,0.08066666666666666,200.442,201.0,180.0,192.0,208.0,221.0,0.9193333333333333,4.692166775830667,5.015262549701958,0.32309577387129096,7.280000000000001,-20.800000000000004,38.8,59.6,2.57898559826371,60,0,81,183,False,observed_poll_filter,2.2662507363860165,2.1200629037959287,165,18,0
2026-09-05,0.08066666666666666,200.43866666666668,200.5,180.0,192.0,208.0,221.0,0.9193333333333333,4.692166775830667,5.016852522795405,0.3246857469647386,7.280000000000001,-20.800000000000004,38.8,59.6,2.5776705050019277,59,0,81,183,False,observed_poll_filter,2.2726179617723177,2.1252729783152313,165,18,0
2026-09-06,0.08,200.43,200.5,180.0,192.0,208.0,221.0,0.92,4.692166775830667,5.018440264953982,0.32627348912331566,7.280000000000001,-20.800000000000004,38.8,59.6,2.5763487173837882,58,0,81,183,False,observed_poll_filter,2.2789673977857086,2.130463027974222,165,18,0
2026-09-07,0.08,200.42533333333333,200.0,180.0,192.0,208.0,221.0,0.92,4.692166775830667,5.020025780869826,0.32785900503915943,7.280000000000001,-20.800000000000004,38.8,59.6,2.5750202377747846,57,0,81,183,False,observed_poll_filter,2.285299192703258,2.1356332140491046,165,18,0
2026-09-08,0.08,200.42333333333335,200.0,180.0,192.0,208.0,221.0,0.92,4.692166775830667,5.021609075221926,0.3294422993912596,7.280000000000001,-20.800000000000004,38.8,59.6,2.5736850684575496,56,0,81,183,False,observed_poll_filter,2.2916134927535583,2.140783695659452,165,18,0
2026-09-09,0.08,200.41933333333333,200.0,180.0,192.0,208.0,221.0,0.92,4.692166775830667,5.0231901526761655,0.3310233768454989,7.280000000000001,-20.800000000000004,38.8,59.6,2.572343211631817,55,0,81,183,False,observed_poll_filter,2.2979104421561263,2.1459146298089986,165,18,0
2026-09-10,0.08,200.42,200.0,180.0,192.0,208.0,221.0,0.92,4.692166775830667,5.024769017885375,0.33260224205470834,7.280000000000001,-20.800000000000004,38.8,59.6,2.5709946694143935,54,0,81,183,False,observed_poll_filter,2.3041901831598373,2.1510261714254493,165,18,0
2026-09-11,0.08,200.41866666666667,200.0,180.0,192.0,208.0,221.0,0.92,4.692166775830667,5.0263456754893685,0.33417889965870184,7.280000000000001,-20.800000000000004,38.8,59.6,2.5696394438391166,53,0,81,183,False,observed_poll_filter,2.3104528560804187,2.1561184733993177,165,18,0
2026-09-12,0.08,200.41666666666666,200.0,180.0,192.0,208.0,221.0,0.92,4.692166775830667,5.0279201301150005,0.33575335428433384,7.280000000000001,-20.800000000000004,38.8,59.6,2.568277536856817,52,0,81,183,False,observed_poll_filter,2.3166985993370317,2.161191686621832,165,18,0
2026-09-13,0.08,200.41266666666667,200.0,180.0,192.0,208.0,221.0,0.92,4.692166775830667,5.029492386376198,0.33732561054553134,7.280000000000001,-20.800000000000004,38.8,59.6,2.56690895033527,51,0,81,183,False,observed_poll_filter,2.3229275494879653,2.166245960021926,165,18,0
2026-09-14,0.08,200.40933333333334,200.0,180.0,192.0,208.0,221.0,0.92,4.692166775830667,5.031062448874017,0.3388956730433508,7.280000000000001,-20.800000000000004,38.8,59.6,2.565533686059146,50,0,81,183,False,observed_poll_filter,2.3291398412654756,2.1712814406023524,165,18,0
2026-09-15,0.08,200.406,200.0,180.0,192.0,208.0,221.0,0.92,4.692166775830667,5.032630322196684,0.34046354636601706,7.280000000000001,-20.800000000000004,38.8,59.6,2.5641517457299585,49,0,81,183,False,observed_poll_filter,2.3353356076097853,2.1762982734749374,165,18,0
2026-09-16,0.08,200.40066666666667,200.0,180.0,192.0,208.0,221.0,0.92,4.692166775830667,5.034196010919632,0.3420292350889653,7.280000000000001,-20.800000000000004,38.8,59.6,2.5627631309660055,48,0,81,183,False,observed_poll_filter,2.341514979702279,2.181296601895002,165,18,0
2026-09-17,0.08,200.39866666666666,200.0,180.0,192.0,208.0,221.0,0.92,4.692166775830667,5.035759519605561,0.34359274377489424,7.280000000000001,-20.800000000000004,38.8,59.6,2.561367843302308,47,0,81,183,False,observed_poll_filter,2.3476780869979095,2.186276567294979,165,18,0
2026-09-18,0.08,200.39533333333333,200.0,180.0,192.0,208.0,221.0,0.92,4.692166775830667,5.037320852804471,0.3451540769738042,7.280000000000001,-20.800000000000004,38.8,59.6,2.5599658841905457,46,0,81,183,False,observed_poll_filter,2.3538250572568398,2.1912383093172414,165,18,0
2026-09-19,0.08,200.396,200.0,180.0,192.0,208.0,221.0,0.92,4.692166775830667,5.038880015053706,0.346713239223039,7.280000000000001,-20.800000000000004,38.8,59.6,2.5585572549989855,45,0,81,183,False,observed_poll_filter,2.359956016575344,2.196181965846169,165,18,0
2026-09-20,0.08,200.39133333333334,200.0,180.0,192.0,208.0,221.0,0.92,4.692166775830667,5.040437010878002,0.3482702350473357,7.280000000000001,-20.800000000000004,38.8,59.6,2.5571419570124103,44,0,81,183,False,observed_poll_filter,2.366071089415989,2.2011076730394765,165,18,0
2026-09-21,0.08,200.388,200.0,180.0,192.0,208.0,221.0,0.92,4.692166775830667,5.041991844789534,0.3498250689588671,7.280000000000001,-20.800000000000004,38.8,59.6,2.55571999143204,43,0,81,183,False,observed_poll_filter,2.372170398637114,2.2060155653588183,165,18,0
2026-09-22,0.08,200.38266666666667,200.0,180.0,192.0,208.0,221.0,0.92,4.692166775830667,5.0435445212879495,0.35137774545728284,7.280000000000001,-20.800000000000004,38.8,59.6,2.5542913593754517,42,0,81,183,False,observed_poll_filter,2.378254065521631,2.210905775599696,165,18,0
2026-09-23,0.08,200.38066666666666,200.0,180.0,192.0,208.0,221.0,0.92,4.692166775830667,5.04509504486042,0.3529282690297535,7.280000000000001,-20.800000000000004,38.8,59.6,2.552856061876492,41,0,81,183,False,observed_poll_filter,2.384322209805161,2.2157784349206833,165,18,0
2026-09-24,0.08,200.37666666666667,200.0,180.0,192.0,208.0,221.0,0.92,4.692166775830667,5.046643419981687,0.35447664415102054,7.280000000000001,-20.800000000000004,38.8,59.6,2.55141409988519,40,0,81,183,False,observed_poll_filter,2.3903749497035327,2.2206336728719926,165,18,0
2026-09-25,0.07933333333333334,200.37,200.0,180.0,192.0,208.0,221.0,0.9206666666666666,4.692166775830667,5.048189651114088,0.35602287528342114,7.280000000000001,-20.800000000000004,38.8,59.6,2.5499654742676605,39,0,81,183,False,observed_poll_filter,2.3964124019396507,2.2254716174233935,165,18,0
2026-09-26,0.07933333333333334,200.36733333333333,200.0,180.0,192.0,208.0,220.0,0.9206666666666666,4.692166775830667,5.049733742707622,0.35756696687695566,7.280000000000001,-20.800000000000004,38.8,59.6,2.5485101858060095,38,0,81,183,False,observed_poll_filter,2.4024346817697597,2.230292394991513,165,18,0
2026-09-27,0.07866666666666666,200.362,200.0,180.0,192.0,208.0,220.0,0.9213333333333333,4.692166775830667,5.051275699199977,0.3591089233693108,7.280000000000001,-20.800000000000004,38.8,59.6,2.54704823519823,37,0,81,183,True,observed_poll_filter,2.408441903009115,2.2350961304665216,165,18,0
